Workbook
Name \0: #REF!
Name \a: #REF!
Name \b: #REF!
Name \c: #REF!
Name \D: #REF!
Name \i: #N/A
Name \M: #REF!
Name \P: #REF!
Name \q: #REF!
Name \R: #REF!
Name \S: #REF!
Name \T: #REF!
Name \U: #REF!
Name \W: #REF!
Name \WQ: '[1]BAG-2'!#REF!
Name \X: #REF!
Name __________________EEE02: '[2]Sewa AlatBerat08'!$AW$9
Name __________________EEE03: '[2]Sewa AlatBerat08'!$AW$10
Name __________________EEE05: '[2]Sewa AlatBerat08'!$AW$12
Name __________________EEE15: '[2]Sewa AlatBerat08'!$AW$22
Name __________________EEE16: '[2]Sewa AlatBerat08'!$AW$23
Name __________________EEE18: '[2]Sewa AlatBerat08'!$AW$25
Name __________________EEE19: '[2]Sewa AlatBerat08'!$AW$26
Name __________________EEE23: '[2]Sewa AlatBerat08'!$AW$30
Name _________________EEE15: #REF!
Name ________________EEE15: #REF!
Name ________________EEE17: #REF!
Name _______________EEE02: '[3]Sewa AlatBerat08'!$AW$9
Name _______________EEE03: '[3]Sewa AlatBerat08'!$AW$10
Name _______________EEE05: '[3]Sewa AlatBerat08'!$AW$12
Name _______________EEE08: #REF!
Name _______________EEE10: #REF!
Name _______________EEE15: #REF!
Name _______________EEE16: '[3]Sewa AlatBerat08'!$AW$23
Name _______________EEE17: #REF!
Name _______________EEE18: '[3]Sewa AlatBerat08'!$AW$25
Name _______________EEE19: '[3]Sewa AlatBerat08'!$AW$26
Name _______________EEE23: #REF!
Name ______________EEE08: #REF!
Name ______________EEE10: #REF!
Name ______________EEE15: #REF!
Name ______________EEE17: #REF!
Name ______________EEE23: #REF!
Name ______________MMM05: #REF!
Name ______________MMM26: #REF!
Name _____________bsc100: #REF!
Name _____________EEE01: #REF!
Name _____________EEE02: #REF!
Name _____________EEE03: #REF!
Name _____________EEE05: '[3]Sewa AlatBerat08'!$AW$12
Name _____________EEE07: #REF!
Name _____________EEE08: #REF!
Name _____________EEE10: #REF!
Name _____________EEE13: #REF!
Name _____________EEE15: #REF!
Name _____________EEE16: #REF!
Name _____________EEE17: #REF!
Name _____________EEE18: #REF!
Name _____________EEE19: #REF!
Name _____________EEE23: #REF!

Sheet ABK
A1: ANGGARAN BIAYA KONSTRUKSI
B2: Nama Proyek | C2: : Poyek Konstruksi Bangunan Rumah Tinggal 2 Lantai - Bpk. A
B3: Lokasi | C3: : Bogor
B4: Tahun Proyek | C4: : 2024
A6: NO | B6: URAIAN PEKERJAAN | C6: VOLUME | D6: SATUAN | E6: HARGA SATUAN | F6: JUMLAH HARGA
A7: a | B7: b | C7: c | D7: d | E7: e | F7: f
B8: =KBP!B8 -> LANTAI 1
A9: =KBP!A9 -> I | B9: =KBP!B9 -> TAHAP AWAL PEMBANGUNAN
A10: =KBP!A10 -> 1 | B10: =KBP!B10 -> Tahap Pembersihan Area Lahan Bangunan | C10: =KBP!C10 -> 83.7 | D10: =KBP!D10 -> m2 | E10: =EVALUASI!$F$32 -> 17500 | F10: =C10*E10 -> 1464750
A11: =KBP!A11 -> 2 | B11: =KBP!B11 -> Tahap Pembuatan Papan Konstruksi (Bouwplank) | C11: =KBP!C11 -> 21 | D11: =KBP!D11 -> titik | E11: =EVALUASI!$F$18 -> 99286 | F11: =C11*E11 -> 2085006
F12: =SUM(F10:F11) -> 3549756
A13: =KBP!A13 -> II | B13: =KBP!B13 -> TAHAP PROYEK GALIAN TANAH
A14: =KBP!A14 -> 1 | B14: =KBP!B14 -> Penggalian Tanah Dasar Bangunan dengan Tapak Setempat (150x100x100 cm) | C14: =KBP!C14 -> 13.5 | D14: =KBP!D14 -> m3 | E14: =EVALUASI!$F$39 -> 78750 | F14: =C14*E14 -> 1063125
A15: =KBP!A15 -> 2 | B15: =KBP!B15 -> Penggalian Tanah Dasar Bangunan dengan Batu Kali | C15: =KBP!C15 -> 49.11075 | D15: =KBP!D15 -> m3 | E15: =EVALUASI!$F$39 -> 78750 | F15: =C15*E15 -> 3867471.6
A16: =KBP!A18 -> 3 | B16: =KBP!B18 -> Penggalian Tanah Sloof S1 15x30 cm | C16: =KBP!C18 -> 2.0025 | D16: =KBP!D18 -> m3 | E16: =EVALUASI!$F$39 -> 78750 | F16: =C16*E16 -> 157696.88
A17: =KBP!A19 -> 4 | B17: =KBP!B19 -> Penggalian Tanah Sloof S2 15x25 cm | C17: =KBP!C19 -> 0.89625 | D17: =KBP!D19 -> m3 | E17: =EVALUASI!$F$39 -> 78750 | F17: =C17*E17 -> 70579.687
A18: =KBP!A20 -> 5 | B18: =KBP!B20 -> Penggalian Tanah Sloof S3 15x20 cm | C18: =KBP!C20 -> 0.03 | D18: =KBP!D20 -> m3 | E18: =EVALUASI!$F$39 -> 78750 | F18: =C18*E18 -> 2362.5
A19: =KBP!A21 -> 6 | B19: =KBP!B21 -> Pengurukan Tanah Kembali 1/3 Galian | C19: =KBP!C21 -> 21.8465 | D19: =KBP!D21 -> m3 | E19: =EVALUASI!$F$46 -> 13050 | F19: =C19*E19 -> 285096.83
A20: =KBP!A22 -> 7 | B20: =KBP!B22 -> Pengurukan Pasir Bawah Pondasi Tapak (ketebalan 5 cm) | C20: =KBP!C22 -> 0.45 | D20: =KBP!D22 -> m3 | E20: =EVALUASI!$F$55 -> 207500 | F20: =C20*E20 -> 93375
A21: =KBP!A23 -> 8 | B21: =KBP!B23 -> Pengurukan Pasir Bawah Pondasi Batu Kali (ketebalan 5 cm) | C21: =KBP!C23 -> 1.1865 | D21: =KBP!D23 -> m3 | E21: =EVALUASI!$F$55 -> 207500 | F21: =C21*E21 -> 246198.75
A22: =KBP!A25 -> 9 | B22: =KBP!B25 -> Pengurukan Pasir Bawah Lantai (ketebalan 10 cm) | C22: =KBP!C25 -> 8.37 | D22: =KBP!D25 -> m3 | E22: =EVALUASI!$F$55 -> 207500 | F22: =C22*E22 -> 1736775
A23: =KBP!A27 -> 10 | B23: =KBP!B27 -> Pengurukan Tanah Peninggi Lantai (tinggi 40 cm) | C23: =KBP!C27 -> 23.427 | D23: =KBP!D27 -> m3 | E23: =EVALUASI!$F$64 -> 207500 | F23: =C23*E23 -> 4861102.5
A24: =KBP!A30 -> 11 | B24: =KBP!B30 -> Pembuatan Tanah Ruang Terbuka Hijau | C24: =KBP!C30 -> 20.8875 | D24: =KBP!D30 -> m2 | E24: 150000 | F24: =C24*E24 -> 3133125
F25: =SUM(F14:F24) -> 15516909
A26: =KBP!A32 -> III | B26: =KBP!B32 -> TAHAP PEMBANGUNAN RANGKA
A27: =KBP!A33 -> 1 | B27: =KBP!B33 -> Pekerjaan Tata Letak Semen Cor Bawah Lantai (ketebalan 5 cm) | C27: =KBP!C33 -> 4.41 | D27: =KBP!D33 -> m3 | E27: =EVALUASI!$F$121 -> 703675.33 | F27: =C27*E27 -> 3103208.2
A28: =KBP!A36 -> 2 | B28: =KBP!B36 -> Pekerjaan Batu Kosong Pondasi (ketebalan 20 cm) | C28: =KBP!C36 -> 8.541 | D28: =KBP!D36 -> m3 | E28: =EVALUASI!$F$108 -> 757020 | F28: =C28*E28 -> 6465707.8
A29: =KBP!A39 -> 3 | B29: =KBP!B39 -> Pemasangan Dasar Bangunan dengan Batu Kali | C29: =KBP!C39 -> 15.9165 | D29: =KBP!D39 -> m | E29: =EVALUASI!$F$96 -> 1142173.3 | F29: =C29*E29 -> 18179402
A30: =KBP!A42 -> 4 | B30: =KBP!B42 -> Pemasangan Dasar Bangunan dengan Tapak Setempat | C30: =KBP!C42 -> 2.4861 | D30: =KBP!D42 -> m3 | E30: =EVALUASI!$F$278 -> 3165778.2 | F30: =C30*E30 -> 7870441.1
A31: =KBP!A45 -> 5 | B31: =KBP!B45 -> Pekerjaan Cor Balok Beton S1 (15x30 cm) | C31: =KBP!C45 -> 2.0025 | D31: =KBP!D45 -> m3 | E31: =EVALUASI!$F$293 -> 4758249.9 | F31: =C31*E31 -> 9528395.3
A32: =KBP!A46 -> 6 | B32: =KBP!B46 -> Pekerjaan Cor Balok Beton S2 (15x25 cm) | C32: =KBP!C46 -> 0.89625 | D32: =KBP!D46 -> m3 | E32: =EVALUASI!$F$301 -> 4799526.2 | F32: =C32*E32 -> 4301575.3
A33: =KBP!A47 -> 7 | B33: =KBP!B47 -> Pekerjaan Cor Balok Beton S3 (15x20 cm) | C33: =KBP!C47 -> 0.03 | D33: =KBP!D47 -> m3 | E33: =EVALUASI!$F$309 -> 4460430.2 | F33: =C33*E33 -> 133812.91
A34: =KBP!A48 -> 8 | B34: =KBP!B48 -> Pekerjaan Cor Tiang Dinding K1 (15x35 cm) | C34: =KBP!C48 -> 2.149875 | D34: =KBP!D48 -> m3 | E34: =EVALUASI!$F$317 -> 5256799.3 | F34: =C34*E34 -> 11301461
A35: =KBP!A49 -> 9 | B35: =KBP!B49 -> Pekerjaan Cor Tiang Dasar Bangunan (15x15 cm) | C35: =KBP!C49 -> 54.6 | D35: =KBP!D49 -> m | E35: =EVALUASI!$F$224 -> 77157.5 | F35: =C35*E35 -> 4212799.5
A36: =KBP!A50 -> 10 | B36: =KBP!B50 -> Pekerjaan Cor Balok B1 (15x35 cm) | C36: =KBP!C50 -> 2.53575 | D36: =KBP!D50 -> m3 | E36: =EVALUASI!$F$332 -> 5628182.4 | F36: =C36*E36 -> 14271664
A37: =KBP!A51 -> 11 | B37: =KBP!B51 -> Pekerjaan Cor Balok B3 (15x25 cm) | C37: =KBP!C51 -> 1.258125 | D37: =KBP!D51 -> m3 | E37: =EVALUASI!$F$348 -> 4810546.4 | F37: =C37*E37 -> 6052268.7
A38: =KBP!A52 -> 12 | B38: =KBP!B52 -> Pekerjaan Cor Balok BL (15x35 cm) | C38: =KBP!C52 -> 0.315 | D38: =KBP!D52 -> m3 | E38: =EVALUASI!$F$332 -> 5628182.4 | F38: =C38*E38 -> 1772877.5
A39: =KBP!A53 -> 13 | B39: =KBP!B53 -> Pekerjaan Cor Balok Beton Ambang Atas (15x15 cm) | C39: =KBP!C53 -> 11 | D39: =KBP!D53 -> m | E39: =EVALUASI!$F$243 -> 109205 | F39: =C39*E39 -> 1201255
A40: =KBP!A54 -> 14 | B40: =KBP!B54 -> Pekerjaan Cor Atap Kanopi Beton | C40: =KBP!C54 -> 0.3015 | D40: =KBP!D54 -> m3 | E40: =EVALUASI!$F$379 -> 5697132.3 | F40: =C40*E40 -> 1717685.4
A41: =KBP!A55 -> 15 | B41: =KBP!B55 -> Pekerjaan Cor Lantai Beton (ketebalan 12 cm) | C41: =KBP!C55 -> 5.11164 | D41: =KBP!D55 -> m3 | E41: =EVALUASI!$F$371 -> 4883372.3 | F41: =C41*E41 -> 24962041
A42: =KBP!A56 -> 16 | B42: =KBP!B56 -> Pekerjaan Cor Tangga Semen Beton | C42: =KBP!C56 -> 0.8584 | D42: =KBP!D56 -> m3 | E42: =EVALUASI!$F$363 -> 3650059.3 | F42: =C42*E42 -> 3133210.9
F43: =SUM(F27:F42) -> 1.1820781e+08
A44: =KBP!A58 -> IV | B44: =KBP!B58 -> TAHAP PEKERJAAN KONSTRUKSI BANGUNAN
A45: =KBP!A59 -> 4.1 | B45: =KBP!B59 -> Pekerjaan Tembok, Kusen, Sudut Bangunan dan Tali Air
A46: =KBP!A60 -> 1 | B46: =KBP!B60 -> Pemasangan Bata 1 PC : 4 PS (ketebalan 1/2 Bata) | C46: =KBP!C60 -> 220.23875 | D46: =KBP!D60 -> m2 | E46: =EVALUASI!$F$426 -> 108492.57 | F46: =C46*E46 -> 23894267
A47: =KBP!A70 -> 2 | B47: =KBP!B70 -> Pemasangan Plesteran Tembok 1 PC : 3 PS (ketebalan 1,5 cm) | C47: =KBP!C70 -> 440.4775 | D47: =KBP!D70 -> m2 | E47: =EVALUASI!$F$500 -> 65001.283 | F47: =C47*E47 -> 28631603
A48: =KBP!A71 -> 3 | B48: =KBP!B71 -> Pemasangan Acian Tembok | C48: =KBP!C71 -> 462.2275 | D48: =KBP!D71 -> m2 | E48: =EVALUASI!$F$523 -> 39877.5 | F48: =C48*E48 -> 18432477
A49: =KBP!A74 -> 4 | B49: =KBP!B74 -> Pekerjaan Benang Tali, Sudut Bangunan, dan Tali Air | C49: =KBP!C74 -> 127.38 | D49: =KBP!D74 -> m | E49: =EVALUASI!$F$512 -> 22561.667 | F49: =C49*E49 -> 2873905.1
A51: =KBP!A84 -> 4.2 | B51: =KBP!B84 -> Pekerjaan Ubin Granit
A52: =KBP!A85 -> 1 | B52: =KBP!B85 -> Pemasangan Ubin Lantai Granit Tile White ex Sincere (60x60 cm) Polos | C52: =KBP!C85 -> 34.0787 | D52: =KBP!D85 -> m2 | E52: =EVALUASI!$F$613 -> 257358 | F52: =C52*E52 -> 8770426.1
A53: =KBP!A88 -> 2 | B53: =KBP!B88 -> Pemasangan Ubin Lantai Granit Tile White ex Sincere (60x60 cm) Kasar | C53: =KBP!C88 -> 1.9425 | D53: =KBP!D88 -> m2 | E53: =EVALUASI!$F$627 -> 294486 | F53: =C53*E53 -> 572039.05
A54: =KBP!A89 -> 3 | B54: =KBP!B89 -> Pemasangan Ubin Lantai KM/WC Keramik ex. Asia Tile (30x30 cm) Kasar | C54: =KBP!C89 -> 3.4113 | D54: =KBP!D89 -> m2 | E54: =EVALUASI!$F$641 -> 278574 | F54: =C54*E54 -> 950299.49
A55: =KBP!A90 -> 4 | B55: =KBP!B90 -> Pemasangan Ubin Tembok Asia Tile (20x40 cm) | C55: =KBP!C90 -> 15.575 | D55: =KBP!D90 -> m2 | E55: =EVALUASI!$F$711 -> 305391 | F55: =C55*E55 -> 4756464.8
A56: =KBP!A92 -> 5 | B56: =KBP!B92 -> Pemasangan Pinggiran Plint Ubin Lantai | C56: =KBP!C92 -> 20.35 | D56: =KBP!D92 -> m | E56: =EVALUASI!$F$725 -> 37739.8 | F56: =C56*E56 -> 768004.93
A57: =KBP!A93 -> 6 | B57: =KBP!B93 -> Pemasangan Pinggiran Plint Border Kamar Mandi | C57: =KBP!C93 -> 7.25 | D57: =KBP!D93 -> m | E57: =EVALUASI!$F$725 -> 37739.8 | F57: =C57*E57 -> 273613.55
A59: =KBP!A95 -> 4.3 | B59: =KBP!B95 -> Pekerjaan Kusen Pintu dan Jendela
A60: =KBP!A96 -> 1 | B60: =KBP!B96 -> Pintu P1 (1 unit)
B61: =KBP!B97 -> Tiang Kusen Alumunium (4 inch) | C61: =KBP!C97 -> 8.4 | D61: =KBP!D97 -> m | E61: =EVALUASI!$F$993 -> 152542 | F61: =C61*E61 -> 1281352.8
B62: =KBP!B98 -> Daun Pintu Alumunium | C62: =KBP!C98 -> 1 | D62: =KBP!D98 -> bh | E62: 1500000 | F62: =C62*E62 -> 1500000
B63: =KBP!B99 -> Slimar Aluminium 3/8 | C63: =KBP!C99 -> 8.76 | D63: =KBP!D99 -> m | E63: =EVALUASI!$F$1006 -> 169057 | F63: =C63*E63 -> 1480939.3
B64: =KBP!B100 -> Kaca Polos (ketebalan 5mm) | C64: =KBP!C100 -> 1.5506 | D64: =KBP!D100 -> m2 | E64: =EVALUASI!$F$944 -> 326462.5 | F64: =C64*E64 -> 506212.75
B65: =KBP!B101 -> Kunci Set 2x Putar + Handle Pintu | C65: =KBP!C101 -> 1 | D65: =KBP!D101 -> set | E65: 350000 | F65: =C65*E65 -> 350000
B66: =KBP!B102 -> Engsel Pintu | C66: =KBP!C102 -> 1.5 | D66: =KBP!D102 -> stell | E66: =EVALUASI!$E$1015 -> 75000 | F66: =C66*E66 -> 112500
B67: =KBP!B103 -> Engsel Jendela Casement | C67: =KBP!C103 -> 2 | D67: =KBP!D103 -> set | E67: 350000 | F67: =C67*E67 -> 700000
A69: =KBP!A105 -> 2 | B69: =KBP!B105 -> Pintu P2 (1 unit)
B70: =KBP!B106 -> Tiang Kusen Alumunium (4 inch) | C70: =KBP!C106 -> 4.8 | D70: =KBP!D106 -> m | E70: =EVALUASI!$F$993 -> 152542 | F70: =C70*E70 -> 732201.6
B71: =KBP!B107 -> Daun Pintu Alumunium | C71: =KBP!C107 -> 1 | D71: =KBP!D107 -> bh | E71: 950000 | F71: =C71*E71 -> 950000
B72: =KBP!B108 -> Kunci Set 2x Putar + Handle Pintu | C72: =KBP!C108 -> 1 | D72: =KBP!D108 -> set | E72: =$E$65 -> 350000 | F72: =C72*E72 -> 350000
B73: =KBP!B109 -> Engsel Pintu | C73: =KBP!C109 -> 1 | D73: =KBP!D109 -> stell | E73: =EVALUASI!$E$1015 -> 75000 | F73: =C73*E73 -> 75000
A75: =KBP!A111 -> 3 | B75: =KBP!B111 -> Pintu P5 (1 unit)
B76: =KBP!B112 -> Tiang Kusen Alumunium (4 inch) | C76: =KBP!C112 -> 13.4 | D76: =KBP!D112 -> m | E76: =EVALUASI!$F$993 -> 152542 | F76: =C76*E76 -> 2044062.8
B77: =KBP!B113 -> Daun Pintu Alumunium | C77: =KBP!C113 -> 1 | D77: =KBP!D113 -> bh | E77: =$E$62 -> 1500000 | F77: =C77*E77 -> 1500000
B78: =KBP!B114 -> Slimar Aluminium 3/8 | C78: =KBP!C114 -> 10.1 | D78: =KBP!D114 -> m | E78: =EVALUASI!$F$1006 -> 169057 | F78: =C78*E78 -> 1707475.7
B79: =KBP!B115 -> Kaca Polos (ketebalan 5mm) | C79: =KBP!C115 -> 1.513 | D79: =KBP!D115 -> m2 | E79: =EVALUASI!$F$944 -> 326462.5 | F79: =C79*E79 -> 493937.76
B80: =KBP!B116 -> Kunci Set 2x Putar + Handle Pintu | C80: =KBP!C116 -> 1 | D80: =KBP!D116 -> set | E80: =$E$65 -> 350000 | F80: =C80*E80 -> 350000
B81: =KBP!B117 -> Engsel Pintu | C81: =KBP!C117 -> 1.5 | D81: =KBP!D117 -> stell | E81: =EVALUASI!$E$1015 -> 75000 | F81: =C81*E81 -> 112500
B82: =KBP!B118 -> Engsel Jendela Casement | C82: =KBP!C118 -> 2 | D82: =KBP!D118 -> set | E82: =$E$67 -> 350000 | F82: =C82*E82 -> 700000
A84: =KBP!A120 -> 4 | B84: =KBP!B120 -> Jendela J1 (1 Unit)
B85: =KBP!B121 -> Tiang Kusen Alumunium (4 inch) | C85: =KBP!C121 -> 10.86 | D85: =KBP!D121 -> m | E85: =EVALUASI!$F$993 -> 152542 | F85: =C85*E85 -> 1656606.1
B86: =KBP!B122 -> Slimar Aluminium 3/8 | C86: =KBP!C122 -> 9.12 | D86: =KBP!D122 -> m | E86: =EVALUASI!$F$1006 -> 169057 | F86: =C86*E86 -> 1541799.8
B87: =KBP!B123 -> Kaca Polos (ketebalan 5mm) | C87: =KBP!C123 -> 2.856 | D87: =KBP!D123 -> m2 | E87: =EVALUASI!$F$944 -> 326462.5 | F87: =C87*E87 -> 932376.9
B88: =KBP!B124 -> Engsel Jendela Casement | C88: =KBP!C124 -> 2 | D88: =KBP!D124 -> set | E88: =$E$67 -> 350000 | F88: =C88*E88 -> 700000
F89: =SUM(F46:F88) -> 1.0970007e+08
A90: =KBP!A126 -> V | B90: =KBP!B126 -> TAHAP PEKERJAAN INSTALASI ELEKTRIK DAN PIPA LEDENG
A91: =KBP!A127 -> 5.1 | B91: =KBP!B127 -> Pekerjaan Sambungan Listrik
A92: =KBP!A128 -> 1 | B92: =KBP!B128 -> Pemasangan Sambungan Kabel Titik Lampu | C92: =KBP!C128 -> 10 | D92: =KBP!D128 -> titik | E92: =EVALUASI!$F$1153 -> 330200 | F92: =C92*E92 -> 3302000
A93: =KBP!A129 -> 2 | B93: =KBP!B129 -> Pemasangan Sambungan Kabel Stop Kontak | C93: =KBP!C129 -> 10 | D93: =KBP!D129 -> titik | E93: =EVALUASI!$F$1126 -> 240800 | F93: =C93*E93 -> 2408000
A94: =KBP!A130 -> 3 | B94: =KBP!B130 -> Pemasangan Sambungan Kabel Power | C94: =KBP!C130 -> 1 | D94: =KBP!D130 -> Ls | E94: 2250000 | F94: =C94*E94 -> 2250000
A95: =KBP!A131 -> 4 | B95: =KBP!B131 -> Pemasangan Panel MCB 6 A | C95: =KBP!C131 -> 3 | D95: =KBP!D131 -> bh | E95: =(67500+60000)*3 -> 382500 | F95: =C95*E95 -> 1147500
A96: =KBP!A132 -> 5 | B96: =KBP!B132 -> Pemasangan Lampu LED Philips (12 watt) | C96: =KBP!C132 -> 6 | D96: =KBP!D132 -> bh | E96: 75000 | F96: =C96*E96 -> 450000
A97: =KBP!A133 -> 6 | B97: =KBP!B133 -> Pemasangan Lampu LED Philips (7 watt) | C97: =KBP!C133 -> 1 | D97: =KBP!D133 -> bh | E97: 65000 | F97: =C97*E97 -> 65000
A98: =KBP!A134 -> 7 | B98: =KBP!B134 -> Pemasangan Lampu Downlight Outbow (12 watt) | C98: =KBP!C134 -> 3 | D98: =KBP!D134 -> bh | E98: 125000 | F98: =C98*E98 -> 375000
A99: =KBP!A135 -> 8 | B99: =KBP!B135 -> Stop Kontak AC | C99: =KBP!C135 -> 1 | D99: =KBP!D135 -> bh | E99: 60000 | F99: =C99*E99 -> 60000
A100: =KBP!A136 -> 9 | B100: =KBP!B136 -> Stop Kontak | C100: =KBP!C136 -> 8 | D100: =KBP!D136 -> bh | E100: 60000 | F100: =C100*E100 -> 480000
A101: =KBP!A137 -> 10 | B101: =KBP!B137 -> Stop Kontak TV | C101: =KBP!C137 -> 1 | D101: =KBP!D137 -> bh | E101: 60000 | F101: =C101*E101 -> 60000
A102: =KBP!A138 -> 11 | B102: =KBP!B138 -> Saklar Tunggal | C102: =KBP!C138 -> 3 | D102: =KBP!D138 -> bh | E102: =EVALUASI!$F$1259 -> 66550 | F102: =C102*E102 -> 199650
A103: =KBP!A139 -> 12 | B103: =KBP!B139 -> Saklar Ganda | C103: =KBP!C139 -> 4 | D103: =KBP!D139 -> bh | E103: =EVALUASI!$F$1269 -> 83500 | F103: =C103*E103 -> 334000
A105: =KBP!A141 -> 5.2 | B105: =KBP!B141 -> Pekerjaan Pipa Saluran Air
A106: =KBP!A142 -> 1 | B106: =KBP!B142 -> Pemasangan Pipa Saluran Air Bersih (3/4 inch) | C106: =KBP!C142 -> 33.4699 | D106: =KBP!D142 -> m | E106: =EVALUASI!$F$1293 -> 28015.5 | F106: =C106*E106 -> 937675.98
A107: =KBP!A143 -> 2 | B107: =KBP!B143 -> Pemasangan Pipa Saluran Air Kotor (4 inch) | C107: =KBP!C143 -> 19.0339 | D107: =KBP!D143 -> m | E107: =EVALUASI!$F$1317 -> 65796.9 | F107: =C107*E107 -> 1252371.6
...

Sheet KBP
A1: KALKULASI BAHAN PROYEK BANGUNAN
B2: Nama Proyek | C2: : Poyek Konstruksi Bangunan Rumah Tinggal 2 Lantai - Bpk. A
B3: Lokasi | C3: : Bogor
B4: Tahun Proyek | C4: : 2024
A6: NO | B6: DESKRIPSI KEGIATAN | C6: VOLUME | D6: SATUAN | E6: SUB TOTAL | G6: PANJANG | I6: LEBAR | K6: TINGGI | M6: JUMLAH | N6: KET
A7: a | B7: b | C7: c | D7: d | E7: e | G7: f | I7: g | K7: h | M7: i | N7: j
B8: LANTAI 1
A9: I | B9: TAHAP AWAL PEMBANGUNAN
A10: 1 | B10: Tahap Pembersihan Area Lahan Bangunan | C10: =E10 -> 83.7 | D10: m2 | E10: =G10*I10 -> 83.7 | G10: 6 | H10: x | I10: 13.95
A11: 2 | B11: Tahap Pembuatan Papan Konstruksi (Bouwplank) | C11: =M48+M49 -> 21 | D11: titik
A13: II | B13: TAHAP PROYEK GALIAN TANAH
A14: 1 | B14: Penggalian Tanah Dasar Bangunan dengan Tapak Setempat (150x100x100 cm) | C14: =E14 -> 13.5 | D14: m3 | E14: =G14*I14*K14*M14 -> 13.5 | G14: 1.5 | H14: x | I14: 1 | J14: x | K14: 1 | L14: x | M14: 9
A15: 2 | B15: Penggalian Tanah Dasar Bangunan dengan Batu Kali | C15: =E15+E16 -> 49.11075 | D15: m3 | E15: =G15*I15*K15 -> 27.2895 | G15: 33.9 | H15: x | I15: 0.7 | J15: x | K15: 1.15 | N15: pinggir
E16: =G16*I16*K16 -> 21.82125 | G16: 34.5 | H16: x | I16: 0.55 | J16: x | K16: 1.15 | N16: tengah
A18: 3 | B18: Penggalian Tanah Sloof S1 15x30 cm | C18: =E18 -> 2.0025 | D18: m3 | E18: =G18*I18*K18 -> 2.0025 | G18: 44.5 | H18: x | I18: 0.15 | J18: x | K18: 0.3 | N18: white
A19: 4 | B19: Penggalian Tanah Sloof S2 15x25 cm | C19: =E19 -> 0.89625 | D19: m3 | E19: =G19*I19*K19 -> 0.89625 | G19: 23.9 | H19: x | I19: 0.15 | J19: x | K19: 0.25 | N19: green
A20: 5 | B20: Penggalian Tanah Sloof S3 15x20 cm | C20: =E20 -> 0.03 | D20: m3 | E20: =G20*I20*K20 -> 0.03 | G20: 1 | H20: x | I20: 0.15 | J20: x | K20: 0.2 | N20: magenta
A21: 6 | B21: Pengurukan Tanah Kembali 1/3 Galian | C21: =E21 -> 21.8465 | D21: m3 | E21: =G21*I21 -> 21.8465 | G21: =C20+C19+C18+C15+C14 -> 65.5395 | H21: x | I21: =1/3 -> 0.33333333
A22: 7 | B22: Pengurukan Pasir Bawah Pondasi Tapak (ketebalan 5 cm) | C22: =E22 -> 0.45 | D22: m3 | E22: =G22*I22*K22*M22 -> 0.45 | G22: 1 | H22: x | I22: 1 | J22: x | K22: 0.05 | L22: x | M22: =M14 -> 9
A23: 8 | B23: Pengurukan Pasir Bawah Pondasi Batu Kali (ketebalan 5 cm) | C23: =E23 -> 1.1865 | D23: m3 | E23: =G23*I23*K23 -> 1.1865 | G23: =G15 -> 33.9 | H23: x | I23: =I15 -> 0.7 | J23: x | K23: 0.05 | N23: pinggir
E24: =G24*I24*K24 -> 0.94875 | G24: =G16 -> 34.5 | H24: x | I24: =I16 -> 0.55 | J24: x | K24: 0.05 | N24: tengah
A25: 9 | B25: Pengurukan Pasir Bawah Lantai (ketebalan 10 cm) | C25: =E25 -> 8.37 | D25: m3 | E25: =G25*I25 -> 8.37 | G25: =G27+G28 -> 83.7 | H25: x | I25: 0.1
A27: 10 | B27: Pengurukan Tanah Peninggi Lantai (tinggi 40 cm) | C27: =E27+E28 -> 23.427 | D27: m3 | E27: =G27*I27 -> 14.04 | G27: 39 | H27: x | I27: 0.36 | N27: ffl 0.00
E28: =G28*I28 -> 9.387 | G28: =30+14.7 -> 44.7 | H28: x | I28: =I27-0.15 -> 0.21 | N28: ffl -0.15
A30: 11 | B30: Pembuatan Tanah Ruang Terbuka Hijau | C30: =E30 -> 20.8875 | D30: m2 | E30: =G30+I30 -> 20.8875 | G30: =2.45*6 -> 14.7 | H30: + | I30: =1.5*4.125 -> 6.1875
A32: III | B32: TAHAP PEMBANGUNAN RANGKA
A33: 1 | B33: Pekerjaan Tata Letak Semen Cor Bawah Lantai (ketebalan 5 cm) | C33: =E33+E34 -> 4.41 | D33: m3 | E33: =G33*I33 -> 4.185 | G33: =G25 -> 83.7 | H33: x | I33: 0.05
E34: =G34*I34 -> 0.225 | G34: 0.0375 | H34: x | I34: 6 | N34: ram beton
A36: 2 | B36: Pekerjaan Batu Kosong Pondasi (ketebalan 20 cm) | C36: =E36+E37 -> 8.541 | D36: m3 | E36: =G36*I36*K36 -> 4.746 | G36: =G23 -> 33.9 | H36: x | I36: =I23 -> 0.7 | J36: x | K36: 0.2 | N36: pinggir
E37: =G37*I37*K37 -> 3.795 | G37: =G24 -> 34.5 | H37: x | I37: =I24 -> 0.55 | J37: x | K37: 0.2 | N37: tengah
A39: 3 | B39: Pemasangan Dasar Bangunan dengan Batu Kali | C39: =E39+E40 -> 15.9165 | D39: m | E39: =G39*I39 -> 7.119 | G39: =G36 -> 33.9 | H39: x | I39: 0.21 | N39: pinggir
E40: =G40*I40 -> 8.7975 | G40: =G37 -> 34.5 | H40: x | I40: 0.255 | N40: tengah
A42: 4 | B42: Pemasangan Dasar Bangunan dengan Tapak Setempat | C42: =E42+E43 -> 2.4861 | D42: m3 | E42: =G42*I42*K42 -> 1.65 | G42: 0.275 | H42: x | I42: 1 | J42: x | K42: 6 | N42: pinggir
E43: =G43*I43*K43 -> 0.8361 | G43: 0.2787 | H43: x | I43: 1 | J43: x | K43: 3 | N43: tengah
A45: 5 | B45: Pekerjaan Cor Balok Beton S1 (15x30 cm) | C45: =C18 -> 2.0025 | D45: m3
A46: 6 | B46: Pekerjaan Cor Balok Beton S2 (15x25 cm) | C46: =C19 -> 0.89625 | D46: m3
A47: 7 | B47: Pekerjaan Cor Balok Beton S3 (15x20 cm) | C47: =C20 -> 0.03 | D47: m3
A48: 8 | B48: Pekerjaan Cor Tiang Dinding K1 (15x35 cm) | C48: =E48 -> 2.149875 | D48: m3 | E48: =G48*I48*K48*M48 -> 2.149875 | G48: 0.15 | H48: x | I48: 0.35 | J48: x | K48: =1.15+3.4 -> 4.55 | L48: x | M48: 9
A49: 9 | B49: Pekerjaan Cor Tiang Dasar Bangunan (15x15 cm) | C49: =E49 -> 54.6 | D49: m | E49: =K49*M49 -> 54.6 | K49: =K48 -> 4.55 | L49: x | M49: 12
A50: 10 | B50: Pekerjaan Cor Balok B1 (15x35 cm) | C50: =E50 -> 2.53575 | D50: m3 | E50: =G50*I50*K50 -> 2.53575 | G50: 48.3 | H50: x | I50: 0.15 | J50: x | K50: 0.35 | N50: green
A51: 11 | B51: Pekerjaan Cor Balok B3 (15x25 cm) | C51: =E51 -> 1.258125 | D51: m3 | E51: =G51*I51*K51 -> 1.258125 | G51: 33.55 | H51: x | I51: 0.15 | J51: x | K51: 0.25 | N51: magenta
A52: 12 | B52: Pekerjaan Cor Balok BL (15x35 cm) | C52: =E52 -> 0.315 | D52: m3 | E52: =G52*I52*K52 -> 0.315 | G52: 6 | H52: x | I52: 0.15 | J52: x | K52: 0.35
A53: 13 | B53: Pekerjaan Cor Balok Beton Ambang Atas (15x15 cm) | C53: =E53 -> 11 | D53: m | E53: =G53 -> 11 | G53: 11
A54: 14 | B54: Pekerjaan Cor Atap Kanopi Beton | C54: =E54 -> 0.3015 | D54: m3 | E54: =G54*I54*K54 -> 0.3015 | G54: 3.35 | H54: x | I54: 0.9 | J54: x | K54: 0.1
A55: 15 | B55: Pekerjaan Cor Lantai Beton (ketebalan 12 cm) | C55: =E55 -> 5.11164 | D55: m3 | E55: =G55*I55 -> 5.11164 | G55: 42.597 | H55: x | I55: 0.12
A56: 16 | B56: Pekerjaan Cor Tangga Semen Beton | C56: =G56*I56 -> 0.8584 | D56: m3 | E56: =G56*I56 -> 0.8584 | G56: 0.4292 | H56: x | I56: 2
A58: IV | B58: TAHAP PEKERJAAN KONSTRUKSI BANGUNAN
A59: 4.1 | B59: Pekerjaan Tembok, Kusen, Sudut Bangunan dan Tali Air
A60: 1 | B60: Pemasangan Bata 1 PC : 4 PS (ketebalan 1/2 Bata) | C60: =E60-E65 -> 220.23875 | D60: m2 | E60: =SUM(G60:G63) -> 234.39875 | G60: =I60*K60 -> 207.36625 | I60: =44.8+0.775 -> 45.575 | J60: x | K60: =K49 -> 4.55 | N60: 3,4 meter
G61: =I61*K61 -> 3.7125 | I61: 7.425 | J61: x | K61: 0.5 | N61: pot tanaman
G62: =I62*K62 -> 20.67 | I62: 7.8 | J62: x | K62: =1.5+1.15 -> 2.65 | N62: 1,5 meter
G63: =I63*K63 -> 2.65 | I63: 1 | J63: x | K63: =K62 -> 2.65 | N63: batas kamar mandi
E64: DIKURANGI KUSEN
E65: =SUM(G65:G68) -> 14.16 | G65: =I65*K65 -> 4.58 | I65: 4.58 | J65: x | K65: 1 | N65: P1
G66: =I66*K66 -> 1.6 | I66: 1.6 | J66: x | K66: 1 | N66: P2
G67: =I67*K67 -> 3.84 | I67: =2.84+1 -> 3.84 | J67: x | K67: 1 | N67: J1
G68: =I68*K68 -> 4.14 | I68: =1.64+2.5 -> 4.14 | J68: x | K68: 1 | N68: P5
A70: 2 | B70: Pemasangan Plesteran Tembok 1 PC : 3 PS (ketebalan 1,5 cm) | C70: =E70 -> 440.4775 | D70: m2 | E70: =G70*I70 -> 440.4775 | G70: =C60 -> 220.23875 | H70: x | I70: 2
A71: 3 | B71: Pemasangan Acian Tembok | C71: =E71+E72 -> 462.2275 | D71: m2 | E71: =C70 -> 440.4775 | N71: dinding
E72: =G72*I72 -> 21.75 | G72: 5 | H72: x | I72: 4.35 | N72: carport
A74: 4 | B74: Pekerjaan Benang Tali, Sudut Bangunan, dan Tali Air | C74: =E74+E79 -> 127.38 | D74: m | E74: =SUM(G74:G77) -> 53.5 | G74: =K74*M74 -> 7 | K74: 3.5 | L74: x | M74: 2 | N74: carport
G75: =K75*M75 -> 9 | K75: 1.8 | L75: x | M75: 5 | N75: fasad
G76: =K76*M76 -> 10.3 | K76: 5.15 | L76: x | M76: 2 | N76: plat kanopi
G77: =K77*M77 -> 27.2 | K77: 8 | L77: x | M77: 3.4 | N77: sudutan
E78: BENANGAN KUSEN
E79: =SUM(G79:G82) -> 73.88 | G79: =I79*K79*M79 -> 17.8 | I79: 8.9 | J79: x | K79: 1 | L79: x | M79: 2 | N79: P1
G80: =I80*K80*M80 -> 9.6 | I80: 4.8 | J80: x | K80: 1 | L80: x | M80: 2 | N80: P2
G81: =I81*K81*M81 -> 23.68 | I81: =6.84+5 -> 11.84 | J81: x | K81: 1 | L81: x | M81: 2 | N81: J1
G82: =I82*K82*M82 -> 22.8 | I82: =4.9+6.5 -> 11.4 | J82: x | K82: 1 | L82: x | M82: 2 | N82: P5
A84: 4.2 | B84: Pekerjaan Ubin Granit
A85: 1 | B85: Pemasangan Ubin Lantai Granit Tile White ex Sincere (60x60 cm) Polos | C85: =E85+E86 -> 34.0787 | D85: m2 | E85: 27.7787
E86: =G86*I86 -> 6.3 | G86: 3.15 | H86: x | I86: 2 | N86: tangga
A88: 2 | B88: Pemasangan Ubin Lantai Granit Tile White ex Sincere (60x60 cm) Kasar | C88: =E88 -> 1.9425 | D88: m2 | E88: 1.9425
A89: 3 | B89: Pemasangan Ubin Lantai KM/WC Keramik ex. Asia Tile (30x30 cm) Kasar | C89: =E89 -> 3.4113 | D89: m2 | E89: 3.4113
A90: 4 | B90: Pemasangan Ubin Tembok Asia Tile (20x40 cm) | C90: =E90+E91 -> 15.575 | D90: m2 | E90: =G90*I90 -> 12.8 | G90: 6.4 | H90: x | I90: 2
E91: =G91*I91 -> 2.775 | G91: 1.85 | H91: x | I91: 1.5
A92: 5 | B92: Pemasangan Pinggiran Plint Ubin Lantai | C92: 20.35 | D92: m
A93: 6 | B93: Pemasangan Pinggiran Plint Border Kamar Mandi | C93: 7.25 | D93: m
A95: 4.3 | B95: Pekerjaan Kusen Pintu dan Jendela
A96: 1 | B96: Pintu P1 (1 unit)
B97: Tiang Kusen Alumunium (4 inch) | C97: =E97 -> 8.4 | D97: m | E97: =(2.2*2)+(2*2) -> 8.4
B98: Daun Pintu Alumunium | C98: =E98 -> 1 | D98: bh | E98: 1
B99: Slimar Aluminium 3/8 | C99: =E99 -> 8.76 | D99: m | E99: =G99*I99 -> 8.76 | G99: 4.38 | H99: x | I99: 2
B100: Kaca Polos (ketebalan 5mm) | C100: =E100 -> 1.5506 | D100: m2 | E100: =G100+I100 -> 1.5506 | G100: =0.5986*2 -> 1.1972 | H100: + | I100: =0.1767*2 -> 0.3534
B101: Kunci Set 2x Putar + Handle Pintu | C101: =E101 -> 1 | D101: set | E101: 1
B102: Engsel Pintu | C102: =E102 -> 1.5 | D102: stell | E102: 1.5
B103: Engsel Jendela Casement | C103: =E103 -> 2 | D103: set | E103: =G103*I103 -> 2 | G103: 1 | H103: x | I103: 2
A105: 2 | B105: Pintu P2 (1 unit)
B106: Tiang Kusen Alumunium (4 inch) | C106: =E106 -> 4.8 | D106: m | E106: 4.8
B107: Daun Pintu Alumunium | C107: =E107 -> 1 | D107: bh | E107: 1
B108: Kunci Set 2x Putar + Handle Pintu | C108: =E108 -> 1 | D108: set | E108: 1
B109: Engsel Pintu | C109: =E109 -> 1 | D109: stell | E109: 1
A111: 3 | B111: Pintu P5 (1 unit)
B112: Tiang Kusen Alumunium (4 inch) | C112: =E112 -> 13.4 | D112: m | E112: =G112+I112 -> 13.4 | G112: 4.9 | H112: + | I112: =6.5+2 -> 8.5
B113: Daun Pintu Alumunium | C113: =E113 -> 1 | D113: bh | E113: 1
B114: Slimar Aluminium 3/8 | C114: =E114 -> 10.1 | D114: m | E114: =G114*I114 -> 10.1 | G114: =5.05 -> 5.05 | H114: x | I114: 2
B115: Kaca Polos (ketebalan 5mm) | C115: =E115 -> 1.513 | D115: m2 | E115: =G115*I115 -> 1.513 | G115: 0.7565 | H115: x | I115: 2
B116: Kunci Set 2x Putar + Handle Pintu | C116: =E116 -> 1 | D116: set | E116: 1
B117: Engsel Pintu | C117: =E117 -> 1.5 | D117: stell | E117: 1.5
B118: Engsel Jendela Casement | C118: =E118 -> 2 | D118: set | E118: 2
...

Sheet RBK
A1: RINGKASAN BIAYA KONSTRUKSI BANGUNAN
A3: Nama Proyek | C3: : Poyek Konstruksi Bangunan Rumah Tinggal 2 Lantai - Bpk. A
A4: Lokasi | C4: : Bogor
A5: Tahun Proyek | C5: : 2024
A7: No. | B7: Deskripsi Kegiatan Proyek Konstruksi | E7: Jumlah Harga ( Rp )
B10: PROYEK KONSTRUKSI BANGUNAN RUMAH TINGGAL 2 LANTAI
A11: A. | B11: LANTAI 1
A12: I. | B12: =ABK!B9 -> TAHAP AWAL PEMBANGUNAN | E12: =ABK!F12 -> 3549756
A13: II. | B13: =ABK!B13 -> TAHAP PROYEK GALIAN TANAH | E13: =ABK!F25 -> 15516909
A14: III. | B14: =ABK!B26 -> TAHAP PEMBANGUNAN RANGKA | E14: =ABK!F43 -> 1.1820781e+08
A15: IV. | B15: =ABK!B44 -> TAHAP PEKERJAAN KONSTRUKSI BANGUNAN | E15: =ABK!F89 -> 1.0970007e+08
A16: V. | B16: =ABK!B90 -> TAHAP PEKERJAAN INSTALASI ELEKTRIK DAN PIPA LEDENG | E16: =ABK!F119 -> 34211248
A17: VI. | B17: =ABK!B120 -> TAHAP PEMASANGAN LANGIT-LANGIT DAN GENTENG | E17: =ABK!F125 -> 10151418
A18: VII. | B18: =ABK!B126 -> TAHAP PENYELESAIAN KONSTRUKSI BANGUNAN | E18: =ABK!F132 -> 12665127 | G18: Per m2
A19: TOTAL LT.01 | E19: =SUM(E12:E18) -> 3.0400233e+08 | F19: 39 | G19: =E19/F19 -> 7794931.5
A20: B. | B20: LANTAI 2
A21: I. | B21: =ABK!B135 -> TAHAP PEMBANGUNAN RANGKA | E21: =ABK!F144 -> 40385358
A22: II. | B22: =ABK!B145 -> TAHAP PEKERJAAN KONSTRUKSI BANGUNAN | E22: =ABK!F187 -> 85528784
A23: III. | B23: =ABK!B188 -> TAHAP PEKERJAAN INSTALASI ELEKTRIK DAN PIPA LEDENG | E23: =ABK!F210 -> 14710940
A24: IV. | B24: =ABK!B211 -> TAHAP PEMASANGAN LANGIT-LANGIT DAN GENTENG | E24: =ABK!F220 -> 27467205
A25: V. | B25: =ABK!B221 -> TAHAP PENYELESAIAN KONSTRUKSI BANGUNAN | E25: =ABK!F228 -> 11088505
A26: TOTAL LT.02 | E26: =SUM(E21:E25) -> 1.7918079e+08
A27: TOTAL KESELURUHAN LT.01 + LT.02 | E27: =E26+E19 -> 4.8318312e+08
A28: DIBULATKAN | E28: =ROUNDDOWN(E27,-3) -> 483183000
A29: TERBILANG' :
E31: BOGOR, April 2024
E32: Perusahaan
E39: Nama terang

Sheet GAJI
A2: RINCIAN BIAYA GAJI
A6: No | B6: DAFTAR TENAGA PEKERJA BANGUNAN | C6: SATUAN | D6: UPAH HARIAN
A8: 1 | B8: KEPALA PROYEK | C8: ORG/HR | D8: 150000
A9: 2 | B9: KEPALA TIM PEKERJA GALIH TANAH | C9: ORG/HR | D9: 140000
A10: 3 | B10: KEPALA TIM PEKERJA BATU | C10: ORG/HR | D10: 140000
A11: 4 | B11: KEPALA TIM PEKERJA BATU | C11: ORG/HR | D11: 140000
A12: 5 | B12: KEPALA TIM PEKERJA BESI | C12: ORG/HR | D12: 140000
A13: 6 | B13: KEPALA TIM PEKERJA CAT | C13: ORG/HR | D13: 140000
A14: 7 | B14: KEPALA TIM PEKERJA SAMBUNGAN LISTRIK | C14: ORG/HR | D14: 140000
A15: 8 | B15: KEPALA TIM PEKERJA PIPA SALURAN | C15: ORG/HR | D15: 140000
A16: 9 | B16: PEKERJA GALIAN TANAH | C16: ORG/HR | D16: 135000
A17: 10 | B17: PEKERJA BATU | C17: ORG/HR | D17: 135000
A18: 11 | B18: PEKERJA KAYU | C18: ORG/HR | D18: 135000
A19: 12 | B19: PEKERJA BESI | C19: ORG/HR | D19: 135000
... A27: 20 | B27: PETUGAS AHLI UKUR TANAH | C27: ORG/HR | D27: 135000
A29: RINCIAN BIAYA BAHAN BANGUNAN
A32: No | B32: DAFTAR BAHAN BANGUNAN | C32: SATUAN | D32: HARGA
A34: 1 | B34: Paku Biasa (2 - 5 inchi) | C34: doz | D34: 29100 | F34: 29100
A35: 2 | B35: kayu meranti Usuk (4/6, 5/7) | C35: m3 | D35: 4188000 | F35: 4188000
A36: 3 | B36: Kayu Glugu Begesting | C36: m3 | D36: 2750000 | F36: 3350000
A37: 4 | B37: Semen PC (Portiand Cement) 50 kg ex. Tiga Roda | C37: Zak | D37: 53500 | F37: 72700
A38: 5 | B38: Pasir Pasang | C38: m3 | D38: =1400000/7.5 -> 186666.67 | F38: 272500
A39: 6 | B39: Pasir Urug | C39: m3 | D39: =1100000/7.5 -> 146666.67 | F39: 177000
A40: 7 | B40: Pasir Cor | C40: m3 | D40: =2400000/7.5 -> 320000 | F40: 272500
A41: 8 | B41: Semen PC (40 Kg) ex. Tiga Roda | C41: Zak | D41: 42800 | F41: 58500
A42: 9 | B42: Batu Pecah Mesin (1/2 cm) | C42: M3 | D42: =1400000/7.5 -> 186666.67 | F42: 278000
A43: 10 | B43: Biaya Air | C43: Liter | D43: 6 | F43: 6
A44: 11 | B44: Besi Beton Polos | C44: Kg | D44: 11500 | F44: 13500
A45: 12 | B45: Besi Baja WF | C45: Kg | D45: 14500 | F45: 20400
A46: 13 | B46: Kawat Beton | C46: Kg | D46: 17500 | F46: 26900
A47: 14 | B47: Paku Usuk | C47: Kg | D47: 20000 | F47: 14800
A48: 15 | B48: Minyak Bekisting | C48: Liter | D48: 11000 | F48: 30100
A49: 16 | B49: Plywood Uk. (122x 244 x 9 mm) Sengon | C49: Lembar | D49: 95000 | F49: 105000
A50: 17 | B50: Kayu Glugu Balok (6/12, 8/12) | C50: M3 | D50: 3000000 | F50: 4711500
A51: 18 | B51: Batu Bata Merah Kelas 1 (Uk. 22x11x4.5 cm) | C51: Press | D51: 550 | F51: 800
A52: 19 | B52: Kuas (4 inchi) | C52: Buah | D52: 25000 | F52: 34743
A53: 20 | B53: Coating Batu Alam | C53: Kg | D53: 65000 | F53: 65000
A54: 21 | B54: Kertas Gosok Halus | C54: Lembar | D54: 8500 | F54: 20467
... A63: 30 | B63: Paku Reng | C63: Kg | D63: 15933 | F63: 15933
A64: 31 | B64: Kalsiplang | C64: m1 | D64: =65000/3 -> 21666.667 | F64: =65000/3 -> 21666.667
A65: 32 | B65: Hollow Galvalume (40x40 mm tebal) | C65: m | D65: 21000 | F65: 12000
A66: 33 | B66: Hollow Galvalume (20x40 mm tebal) | C66: m | D66: 19000 | F66: 8400
A67: 34 | B67: Penggantung Hollow Galvalume (20x40 mm) | C67: m | D67: 19000 | F67: 8400
A68: 35 | B68: Kalsiboard Uk.(240 x 120 x 5 mm) | C68: lembar | D68: 75000 | F68: 75000
A69: 36 | B69: Gypsum Board tebal (9 mm) | C69: Lembar | D69: 55000 | F69: 65000
A70: 37 | B70: Paku Asbes Sekrup (4 inchi) | C70: Buah | D70: 810 | F70: 810
A71: 38 | B71: Paku | C71: kg | D71: 14800 | F71: 14800
A72: 39 | B72: Kayu Kamper (Papan) | C72: m3 | D72: 9455000 | F72: 9455000
A73: 40 | B73: Kaca Polos (Tebal 5 mm) | C73: m2 | D73: 275000 | F73: 150000
A74: 41 | B74: Kaca Polos (Tebal 10 mm) | C74: m2 | D74: 550000 | F74: 220000
A75: 42 | B75: Pemasangan Lock Case | C75: Unit | D75: 350000 | F75: 350000
A76: 43 | B76: Pemasangan Handle Pintu Tunggal | C76: Stel | D76: 250000 | F76: 250000
... A78: 45 | B78: Pemasangan Steel Hinge | C78: Stel | D78: 75000 | F78: 75000
A79: 45 | B79: Pemasangan Pivot Hinge | C79: Stel | D79: 425000
A80: 46 | B80: Pemasangan Door Stoper | C80: Unit | D80: 35000 | F80: 35000
A81: 47 | B81: Pemasangan Slot Atas Bawah | C81: Unit | D81: 365000 | F81: 365000
A82: 48 | B82: Rambuncis | C82: Unit | D82: 15000 | F82: 15000
A83: 49 | B83: Grendel Jendela | C83: Unit | D83: 50000 | F83: 175000
A84: 50 | B84: Aluminium Putih Uk. (4 x 10 cm), Profil 4 inchi | C84: m1 | D84: 125000 | F84: 108000
A85: 51 | B85: Skrup/Ripet | C85: Buah | D85: 810 | F85: 810
A86: 52 | B86: Sealent | C86: tube | D86: 40000 | F86: 40000
A87: 53 | B87: Slimar Alumunium 3/8 | C87: m1 | D87: 140000 | F87: 98800
A88: 54 | B88: Stop Kontak | C88: Buah | D88: 27300 | F88: 27300
A89: 55 | B89: Stop Kontak Antena | C89: Buah | D89: 41000 | F89: 40000
A90: 56 | B90: Kabel NYM (3 x 2.5 mm) | C90: m | D90: 15600 | F90: 15600
A91: 57 | B91: Pipa Pralon 5/8 | C91: Lonjor | D91: 7800 | F91: 7800
... A125: 91 | B125: Granit Tile Cream ex. Sincere uk. (60x60 cm) Polos | C125: m2 | D125: 90000 | F125: 65000
A126: 92 | B126: Granit Tile Cream ex. Sincere uk. (60x60 cm) Tekstur Abu-abu | C126: m2 | D126: 125000
A127: 93 | B127: Ubin Lantai ex. ROMAN uk. (40X40 cm) tekstur cream | C127: m2 | D127: 110000
A128: 94 | B128: Ubin Lantai ex. Asia tile uk. (20x20 cm) Motif | C128: m2 | D128: 75000 | F128: 75000
A129: 95 | B129: Granit Tile Hitam ex. Sincere uk. (60x60 cm) Polos | C129: m2 | D129: 135000
A130: 96 | B130: Ubin Dinding ex. ROMAN uk. (25x40 cm) | C130: m2 | D130: 100000 | F130: 70000
A131: 97 | B131: Ubin (30x60 cm) Dinding ex. Roman - W63306 dCampania Carrara | C131: m2 | D131: 165000 | F131: 165000
A132: 98 | B132: Granit (30x60 cm) Dinding ex. Niro Granit - GHR01 Dove | C132: m2 | D132: 225000 | F132: 225000 | G132: =1/(0.6*0.6) -> 2.7777778
A133: 99 | B133: Granit (80x80 cm) ex. Niro Granit - GCA06 Graphite | C133: m2 | D133: 350000 | F133: 350000 | G133: =D124/G132 -> 32400
A134: 100 | B134: Granit (60x120 cm) Dinding cm ex. Niro Granit - GTV03 Noche | C134: m2 | D134: 475000 | F134: 475000 | G134: =G133/6 -> 5400
A135: 101 | B135: Batu Bata Tempel | C135: m2 | D135: 150000 | F135: 150000
A136: 102 | B136: Batu Bobos RTM | C136: m2 | D136: 175000 | F136: 175000
A137: 103 | B137: Plin Granit (10x40 cm) | C137: Buah | D137: 10000 | F137: 10000
A138: 104 | B138: Kayu Kamper 6/15 | C138: m3 | D138: 7300000 | F138: 7300000 | G138: =1/(0.06*0.15*4) -> 27.777778 | H138: 28 | I138: =D138/H138 -> 260714.29
A139: 105 | B139: Kran Air 3/4 | C139: Buah | D139: 53167 | F139: 53167 | H139: =0.06*0.15*4 -> 0.036 | I139: =I138/45 -> 5793.6508
A140: 106 | B140: Rol TBA | C140: roll | D140: 11800 | F140: 11800 | I140: =6000/4 -> 1500
A145: NO | B145: SEWA PERALATAN | C145: SATUAN | D145: HARGA
A147: 1 | B147: Sewa Theodolite | C147: Hari | D147: 383500
A148: 2 | B148: Sewa Dump Truk 5 Ton | C148: Jam | D148: 70000
A149: 3 | B149: Sewa Escavator 6m3 | C149: Jam | D149: 153333
A150: 4 | B150: Sewa Alat Bantu 1set @ 3 alat | C150: M3 | D150: 1100
A151: 5 | B151: Sewa Stemper | C151: Jam | D151: 113700
A152: 6 | B152: Sewa Truk Tangki Air min 5 jam | C152: Hari | D152: 527000
A153: 7 | B153: Sewa Pneumatic Tire Roller Min 5 jam | C153: Jam | D153: 243500
A154: 8 | B154: Sewa Motor Grader 125 - 140 pk Min 5 jam | C154: Jam | D154: 304400
A155: 9 | B155: Sewa Vibrator Roller Min 5 jam | C155: Jam | D155: 149400
A156: 10 | B156: Sewa Concrete Mixer 0.50 m3 (Min 3 jam) | C156: Jam | D156: 71900
A157: 11 | B157: Sewa Alat Bantu Strouss Pile | C157: Jam | D157: 11000
A158: 12 | B158: Sewa Crane 30 ton - Min. 8 Jam (Termasuk Mob/Demob Operator BBM) | C158: Jam | D158: 146500
... A213: 67 | B213: Sewa Alat Bantu Roll Pipa | C213: Jam | D213: 2800

Sheet EVALUASI
A2: BIAYA SATUAN DASAR PEKERJAAN
B4: DESKRIPSI KEGIATAN | C4: Koef. | D4: SATUAN | E4: HARGA SATUAN | F4: HARGA
B7: Pembuatan Bouwplank / Penandaan Titik Konstruksi | D7: Titik
B8: Gaji:
B9: Kepala Proyek | C9: 0.0045 | D9: Orang Hari | E9: =GAJI!D8 -> 150000 | F9: =C9*E9 -> 675
B10: Kepala Tim Pekerja Bangunan | C10: 0.01 | D10: Orang Hari | E10: =GAJI!D9 -> 140000 | F10: =C10*E10 -> 1400
B11: Pekerja Bangunan | C11: 0.1 | D11: Orang Hari | E11: =GAJI!D16 -> 135000 | F11: =C11*E11 -> 13500
B12: Asisten Pekerja Bangunan | C12: 0.1 | D12: Orang Hari | E12: =GAJI!D26 -> 100000 | F12: =C12*E12 -> 10000
B13: Bahan Bangunan: | E13: Jumlah: | F13: =SUM(F9:F12) -> 25575
B14: Paku Biasa 2 - 5 inchi | C14: 0.05 | D14: Doz | E14: =GAJI!D34 -> 29100 | F14: =C14*E14 -> 1455
B15: Kayu Meranti Usuk 4/6, 5/7 | C15: 0.012 | D15: m3 | E15: =GAJI!D35 -> 4188000 | F15: =C15*E15 -> 50256
B16: Kayu Meranti Bekisting | C16: 0.008 | D16: m3 | E16: =GAJI!D36 -> 2750000 | F16: =C16*E16 -> 22000
E17: Jumlah: | F17: =SUM(F14:F16) -> 73711
E18: Nilai HSPK : | F18: =F17+F13 -> 99286
B20: Pembongkaran Rangka dan Penutup Atap yang Tidak Digunakan Kembali | D20: m2
B21: Gaji:
B22: Kepala Proyek | C22: 0.005 | D22: Orang Hari | E22: =GAJI!D8 -> 150000 | F22: =C22*E22 -> 750
B23: Asisten Pekerja Bangunan | C23: 0.1 | D23: Orang Hari | E23: =GAJI!D26 -> 100000 | F23: =C23*E23 -> 10000
E24: Jumlah: | F24: =SUM(F22:F23) -> 10750
E25: Nilai HSPK : | F25: =SUM(F24) -> 10750
B27: Pembersihan Area dan Perataan Permukaan Tanah | D27: m2
B28: Gaji:
B29: Kepala Proyek | C29: 0.05 | D29: Orang Hari | E29: =GAJI!D8 -> 150000 | F29: =C29*E29 -> 7500
B30: Asisten Pekerja Bangunan | C30: 0.1 | D30: Orang Hari | E30: =GAJI!D26 -> 100000 | F30: =C30*E30 -> 10000
E31: Jumlah: | F31: =SUM(F29:F30) -> 17500
E32: Nilai HSPK : | F32: =SUM(F31) -> 17500
B34: Penggalian Tanah Standar untuk Keperluan Konstruksi | D34: m3
B35: Gaji:
B36: Kepala Proyek | C36: 0.025 | D36: Orang Hari | E36: =GAJI!D8 -> 150000 | F36: =C36*E36 -> 3750
B37: Asisten Pekerja Bangunan | C37: 0.75 | D37: Orang Hari | E37: =GAJI!D26 -> 100000 | F37: =C37*E37 -> 75000
E38: Jumlah: | F38: =SUM(F36:F37) -> 78750
E39: Nilai HSPK : | F39: =SUM(F38) -> 78750
B41: Pengurugan Tanah Kembali sebagai Bagian dari Konstruksi | D41: m3
B42: Gaji:
B43: Kepala Proyek | C43: 0.019 | D43: Orang Hari | E43: =GAJI!D8 -> 150000 | F43: =C43*E43 -> 2850
B44: Asisten Pekerja Bangunan | C44: 0.102 | D44: Orang Hari | E44: =GAJI!D26 -> 100000 | F44: =C44*E44 -> 10200
E45: Jumlah: | F45: =SUM(F43:F44) -> 13050
E46: Nilai HSPK : | F46: =SUM(F45) -> 13050
B48: Pengurugan dengan Pasir yang Dipadatkan | D48: m3
B49: Gaji:
B50: Kepala Proyek | C50: 0.01 | D50: Orang Hari | E50: =GAJI!$D$8 -> 150000 | F50: =C50*E50 -> 1500
B51: Asisten Pekerja Bangunan | C51: 0.3 | D51: Orang Hari | E51: =GAJI!$D$26 -> 100000 | F51: =C51*E51 -> 30000
B52: Bahan Bangunan: | E52: Jumlah: | F52: =SUM(F50:F51) -> 31500
B53: Pasir Urug | C53: 1.2 | D53: m3 | E53: =GAJI!D39 -> 146666.67 | F53: =C53*E53 -> 176000
E54: Jumlah: | F54: =SUM(F53) -> 176000
E55: Nilai HSPK : | F55: =SUM(F54,F52) -> 207500
B57: Pengurugan dengan Material Sirtu yang Dipadatkan | D57: m3
B58: Gaji:
B59: Kepala Proyek | C59: 0.01 | D59: Orang Hari | E59: =GAJI!$D$8 -> 150000 | F59: =C59*E59 -> 1500
B60: Asisten Pekerja Bangunan | C60: 0.3 | D60: Orang Hari | E60: =GAJI!$D$26 -> 100000 | F60: =C60*E60 -> 30000
B61: Bahan Bangunan: | E61: Jumlah: | F61: =SUM(F59:F60) -> 31500
B62: Tasirtu/Sirtu | C62: 1.2 | D62: m3 | E62: =E53 -> 146666.67 | F62: =C62*E62 -> 176000
E63: Jumlah: | F63: =SUM(F62) -> 176000
E64: Nilai HSPK : | F64: =SUM(F63,F61) -> 207500
B66: Pengurugan Tanah untuk Area Taman | D66: m3
B67: Gaji:
B68: Kepala Proyek | C68: 0.025 | D68: O.H | E68: =GAJI!$D$8 -> 150000 | F68: =E68*C68 -> 3750
B69: Pekerja Ahli Ruang Terbuka Hijau | C69: 0.25 | D69: O.H | E69: =GAJI!$D$26 -> 100000 | F69: =E69*C69 -> 25000
B70: Bahan Bangunan: | E70: Jumlah: | F70: =SUM(F67:F69) -> 28750
B71: Tanah Ruang Terbuka Hijau | C71: 1.2 | D71: m3 | E71: 200000 | F71: =E71*C71 -> 240000
E72: Jumlah: | F72: =SUM(F71) -> 240000
E73: Nilai HSPK : | F73: =SUM(F72,F70) -> 268750
B75: Pembuatan Lubang Strauss Pile dengan Diameter (30 cm) | D75: m
B76: Gaji:
B77: Kepala Proyek | C77: 0.072 | D77: Orang Hari | E77: =GAJI!D8 -> 150000 | F77: =C77*E77 -> 10800
B78: Asisten Pekerja Bangunan | C78: 1.44 | D78: Orang Hari | E78: =GAJI!D26 -> 100000 | F78: =C78*E78 -> 144000
B79: Sewa Peralatan: | E79: Jumlah: | F79: =SUM(F77:F78) -> 154800
B80: Sewa Alat Bantu Strouss Pile | C80: 1.2 | D80: Jam | E80: =GAJI!D157 -> 11000 | F80: =C80*E80 -> 13200
E81: Jumlah: | F81: =SUM(F80) -> 13200
E82: Nilai HSPK : | F82: =SUM(F81,F79) -> 168000
E83: Nilai Per m : | F83: =F82/3 -> 56000
B85: Instalasi Batu Kali Belah Ukuran 15/20 cm dengan Campuran (1 Semen : 3 Pasir) | D85: m3
B86: Gaji:
B87: Kepala Proyek | C87: 0.075 | D87: Orang Hari | E87: =E100 -> 150000 | F87: =C87*E87 -> 11250
B88: Kepala Tim Pekerja Bangunan | C88: 0.075 | D88: Orang Hari | E88: =E101 -> 140000 | F88: =C88*E88 -> 10500
B89: Pekerja Bangunan | C89: 0.75 | D89: Orang Hari | E89: =E102 -> 135000 | F89: =C89*E89 -> 101250
B90: Asisten Pekerja Bangunan | C90: 1.5 | D90: Orang Hari | E90: =E103 -> 115000 | F90: =C90*E90 -> 172500
B91: Bahan Bangunan: | E91: Jumlah: | F91: =SUM(F87:F90) -> 295500
B92: Semen PC 50 Kg | C92: 4.04 | D92: Zak | E92: =GAJI!$D$37 -> 53500 | F92: =C92*E92 -> 216140
B93: Pasir Pasang | C93: 0.485 | D93: M3 | E93: =GAJI!$D$38 -> 186666.67 | F93: =C93*E93 -> 90533.333
B94: Batu Kali Belah 15/20 cm | C94: 1.2 | D94: M3 | E94: 450000 | F94: =C94*E94 -> 540000
E95: Jumlah: | F95: =SUM(F92:F94) -> 846673.33
E96: Nilai HSPK : | F96: =SUM(F95,F91) -> 1142173.3
B98: Instalasi Batu Kali Belah Kosongan (aanstamping) | D98: m3
B99: Gaji:
B100: Kepala Proyek | C100: 0.039 | D100: Orang Hari | E100: =E111 -> 150000 | F100: =C100*E100 -> 5850
B101: Kepala Tim Pekerja Bangunan | C101: 0.039 | D101: Orang Hari | E101: =E112 -> 140000 | F101: =C101*E101 -> 5460
B102: Pekerja Bangunan | C102: 0.39 | D102: Orang Hari | E102: =E113 -> 135000 | F102: =C102*E102 -> 52650
B103: Asisten Pekerja Bangunan | C103: 0.78 | D103: Orang Hari | E103: =E114 -> 115000 | F103: =C103*E103 -> 89700
B104: Bahan Bangunan: | E104: Jumlah: | F104: =SUM(F100:F103) -> 153660
B105: Pasir Urug | C105: 0.432 | D105: M3 | E105: =GAJI!$D$39 -> 146666.67 | F105: =C105*E105 -> 63360
B106: Batu Kali Belah 15/20 cm | C106: 1.2 | D106: M3 | E106: 450000 | F106: =C106*E106 -> 540000
E107: Jumlah: | F107: =SUM(F105:F106) -> 603360
E108: Nilai HSPK : | F108: =SUM(F107,F104) -> 757020
B109: Pembuatan Lantai Kerja dengan Beton K-100 | D109: m3
B110: Gaji:
B111: Kepala Proyek | C111: 0.06 | D111: Orang Hari | E111: =GAJI!D8 -> 150000 | F111: =C111*E111 -> 9000
B112: Kepala Tim Pekerja Bangunan | C112: 0.02 | D112: Orang Hari | E112: =GAJI!D9 -> 140000 | F112: =C112*E112 -> 2800
B113: Pekerja Bangunan | C113: 0.2 | D113: Orang Hari | E113: =GAJI!D16 -> 135000 | F113: =C113*E113 -> 27000
B114: Asisten Pekerja Bangunan | C114: 1.2 | D114: Orang Hari | E114: 115000 | F114: =C114*E114 -> 138000
...

Sheet JADWAL
A1: JADWAL PEKERJAAN
A3: Nama Proyek | C3: : Poyek Konstruksi Bangunan Rumah Tinggal 2 Lantai - Bpk. A
A4: Lokasi | C4: : Bogor
A5: Tahun Proyek | C5: : 2024
A7: No. | B7: Deskripsi Kegiatan Proyek Konstruksi | E7: Jumlah Harga ( Rp ) | F7: Bobot (%) | G7: Waktu Pelaksanaan
G8: Bulan 1 | K8: Bulan 2 | O8: Bulan 3 | S8: Bulan 4 | W8: JUMLAH (%) | X8: KETERANGAN
G9: 1 | H9: 2 | I9: 3 | J9: 4 | K9: 5 | L9: 6 | M9: 7 | N9: 8 | O9: 9 | P9: 10 | Q9: 11 | R9: 12 | S9: 13 | T9: 14 | U9: 15 | V9: 16
B10: PROYEK KONSTRUKSI BANGUNAN RUMAH TINGGAL 2 LANTAI
A11: A. | B11: LANTAI 1
A12: I. | B12: =[282]RAB!B9 -> TAHAP AWAL PEMBANGUNAN | E12: =[282]RAB!F12 -> 3549756 | F12: =E12/$E$27 -> 0.007346606 | G12: =F12 -> 0.007346606 | W12: =SUM(G12:V12) -> 0.007346606
A13: II. | B13: =[282]RAB!B13 -> TAHAP PROYEK GALIAN TANAH | E13: =[282]RAB!F25 -> 15516909 | F13: =E13/$E$27 -> 0.032113929 | H13: =F13 -> 0.032113929 | W13: =SUM(G13:V13) -> 0.032113929
A14: III. | B14: =[282]RAB!B26 -> TAHAP PEMBANGUNAN RANGKA | E14: =[282]RAB!F43 -> 1.1820781e+08 | F14: =E14/$E$27 -> 0.24464391 | I14: =$F$14/5 -> 0.048928781 | J14: =$F$14/5 -> 0.048928781 | K14: =$F$14/5 -> 0.048928781 | L14: =$F$14/5 -> 0.048928781 | M14: =$F$14/5 -> 0.048928781 | W14: =SUM(G14:V14) -> 0.24464391
A15: IV. | B15: =[282]RAB!B44 -> TAHAP PEKERJAAN KONSTRUKSI BANGUNAN | E15: =[282]RAB!F89 -> 1.0970007e+08 | F15: =E15/$E$27 -> 0.22703621 | K15: =$F$15/11 -> 0.020639656 | L15: =$F$15/11 -> 0.020639656 | M15: =$F$15/11 -> 0.020639656 | N15: =$F$15/11 -> 0.020639656 | O15: =$F$15/11 -> 0.020639656 | P15: =$F$15/11 -> 0.020639656 | Q15: =$F$15/11 -> 0.020639656 | R15: =$F$15/11 -> 0.020639656 | ... U15: =$F$15/11 -> 0.020639656 | W15: =SUM(G15:V15) -> 0.22703621
A16: V. | B16: =[282]RAB!B90 -> TAHAP PEKERJAAN INSTALASI ELEKTRIK DAN PIPA LEDENG | E16: =[282]RAB!F119 -> 34211248 | F16: =E16/$E$27 -> 0.070803896 | I16: =$F$16/10 -> 0.0070803896 | J16: =$F$16/10 -> 0.0070803896 | K16: =$F$16/10 -> 0.0070803896 | L16: =$F$16/10 -> 0.0070803896 | M16: =$F$16/10 -> 0.0070803896 | N16: =$F$16/10 -> 0.0070803896 | O16: =$F$16/10 -> 0.0070803896 | P16: =$F$16/10 -> 0.0070803896 | ... R16: =$F$16/10 -> 0.0070803896 | W16: =SUM(G16:V16) -> 0.070803896
A17: VI. | B17: =[282]RAB!B120 -> TAHAP PEMASANGAN LANGIT-LANGIT DAN GENTENG | E17: =[282]RAB!F125 -> 10151418 | F17: =E17/$E$27 -> 0.021009463 | M17: =$F$17/3 -> 0.0070031544 | N17: =$F$17/3 -> 0.0070031544 | O17: =$F$17/3 -> 0.0070031544 | W17: =SUM(G17:V17) -> 0.021009463
A18: VII. | B18: =[282]RAB!B126 -> TAHAP PENYELESAIAN KONSTRUKSI BANGUNAN | E18: =[282]RAB!F132 -> 12665127 | F18: =E18/$E$27 -> 0.026211858 | T18: =$F$18/3 -> 0.008737286 | U18: =$F$18/3 -> 0.008737286 | V18: =$F$18/3 -> 0.008737286 | W18: =SUM(G18:V18) -> 0.026211858
E19: =SUM(E12:E18) -> 3.0400233e+08
A20: B. | B20: LANTAI 2
A21: I. | B21: =[282]RAB!B135 -> TAHAP PEMBANGUNAN RANGKA | E21: =[282]RAB!F144 -> 40385358 | F21: =E21/$E$27 -> 0.083581888 | K21: =$F$21/3 -> 0.027860629 | L21: =$F$21/3 -> 0.027860629 | M21: =$F$21/3 -> 0.027860629 | W21: =SUM(G21:V21) -> 0.083581888
A22: II. | B22: =[282]RAB!B145 -> TAHAP PEKERJAAN KONSTRUKSI BANGUNAN | E22: =[282]RAB!F187 -> 85528784 | F22: =E22/$E$27 -> 0.17701112 | N22: =$F$22/8 -> 0.02212639 | O22: =$F$22/8 -> 0.02212639 | P22: =$F$22/8 -> 0.02212639 | Q22: =$F$22/8 -> 0.02212639 | R22: =$F$22/8 -> 0.02212639 | S22: =$F$22/8 -> 0.02212639 | T22: =$F$22/8 -> 0.02212639 | U22: =$F$22/8 -> 0.02212639 | W22: =SUM(G22:V22) -> 0.17701112
A23: III. | B23: =[282]RAB!B188 -> TAHAP PEKERJAAN INSTALASI ELEKTRIK DAN PIPA LEDENG | E23: =[282]RAB!F210 -> 14710940 | F23: =E23/$E$27 -> 0.03044589 | L23: =$F$23/10 -> 0.003044589 | M23: =$F$23/10 -> 0.003044589 | N23: =$F$23/10 -> 0.003044589 | O23: =$F$23/10 -> 0.003044589 | P23: =$F$23/10 -> 0.003044589 | Q23: =$F$23/10 -> 0.003044589 | R23: =$F$23/10 -> 0.003044589 | S23: =$F$23/10 -> 0.003044589 | ... U23: =$F$23/10 -> 0.003044589 | W23: =SUM(G23:V23) -> 0.03044589
A24: IV. | B24: =[282]RAB!B211 -> TAHAP PEMASANGAN LANGIT-LANGIT DAN GENTENG | E24: =[282]RAB!F220 -> 27467205 | F24: =E24/$E$27 -> 0.056846368 | M24: =$F$24/3 -> 0.018948789 | N24: =$F$24/3 -> 0.018948789 | O24: =$F$24/3 -> 0.018948789 | W24: =SUM(G24:V24) -> 0.056846368
A25: V. | B25: =[282]RAB!B221 -> TAHAP PENYELESAIAN KONSTRUKSI BANGUNAN | E25: =[282]RAB!F228 -> 11088505 | F25: =E25/$E$27 -> 0.022948866 | S25: =$F$25/3 -> 0.0076496221 | T25: =$F$25/3 -> 0.0076496221 | U25: =$F$25/3 -> 0.0076496221 | W25: =SUM(G25:V25) -> 0.022948866
E26: =SUM(E21:E25) -> 1.7918079e+08
A27: JADWAL PELAKSANAAN MINGGUAN | E27: =E26+E19 -> 4.8318312e+08 | F27: =SUM(F12:F26) -> 1 | G27: =SUM(G12:G26) -> 0.007346606 | H27: =SUM(H12:H26) -> 0.032113929 | I27: =SUM(I12:I26) -> 0.056009171 | J27: =SUM(J12:J26) -> 0.056009171 | K27: =SUM(K12:K26) -> 0.10450946 | L27: =SUM(L12:L26) -> 0.10755404 | M27: =SUM(M12:M26) -> 0.13350599 | ... W27: =SUM(W12:W26) -> 1
A28: PELAKSANAAN KOMULATIF MINGGUAN | E28: =E27+E20 -> 4.8318312e+08 | F28: =SUM(F13:F27) -> 1.9926534 | G28: =SUM(G13:G27) -> 0.007346606 | H28: =H27+G28 -> 0.039460535 | I28: =I27+H28 -> 0.095469706 | J28: =J27+I28 -> 0.15147888 | K28: =K27+J28 -> 0.25598833 | L28: =L27+K28 -> 0.36354238 | M28: =M27+L28 -> 0.49704837 | N28: =N27+M28 -> 0.57589133 | O28: =O27+N28 -> 0.6547343 | ... V28: =V27+U28 -> 1
E29: SIDOARJO, 18 Mei 2023
E30: Perusahaan
E37: Nama terang

Sheet PERHITUNGAN
A1: PERHITUNGAN KAPASITAS PEKERJAAN
A2: 1 | B2: PERHITUNGAN TAHAP AWAL PEMBANGUNAN
B4: a | C4: volume pembersihan lahan = panjang lahan x lebar lahan
C5: =14*8 -> 112 | D5: m²
B6: b | C6: volume pembuatan bedeng/ direksi seet = panjang x lebar
C7: =6*3 -> 18 | D7: m²
A9: 2 | B9: PERHITUNGAN PEMBUATAN PAPAN KONSTRUKSI (BOWPLANK)
B11: a | C11: volume keliling bangunan = (panjang + lebar)x 2 sisi
C12: =(14+8)*2 -> 44 | D12: m²
A14: 3 | B14: PERHITUNGAN GALIAN DASAR BANGUNAN
B16: A | C16: PENGGALIAN TANAH
C17: a.1 | D17: volume galian tanah sepanjang bangunan= (lebar galian bawah pondasi + lebar galian atas pondasi) / 2 x tinggi galian x panjang galian)
D18: =((0.8+1)/2)*0.75*42.5 -> 28.6875 | E18: m³
C19: a.2 | D19: volume galian sepanjang pondasi pagar = (lebar galian bawah pondasi + lebar galian atas pondasi) / 2 x tinggi galian x panjang galian)
D20: =((0.7+1)/2)*0.75*32.5 -> 20.71875 | E20: m³
C21: a.3 | D21: Total volume galian = Volume galian bangunan + Volume galian pagar
D22: =D18+D20 -> 49.40625 | E22: m³
B24: B | C24: PENGURUKAN PASIR DAN TANAH
C25: b.1 | D25: Pengurukan pasir bawah pondasi
D26: b.1.1 | E26: Volume urugan dibawah pondasi bangunan = tebal urugan x lebar urugan x panjang pondasi bangunan
E27: =0.05*0.8*42.5 -> 1.7 | F27: m³
D28: b.1.2 | E28: Volume urugan dibawah pondasi pagar = tebal urugan x lebar urugan x panjang pondasi pagar
E29: =0.05*0.8*32.5 -> 1.3 | F29: m³
D30: b.1.3 | E30: Total Volume urugan pasir dibawah pondasi = Volume urugan bangunan + vol urugan pagar
E31: =E27+E29 -> 3 | F31: m³
C33: b.2 | D33: Pengurukan pasir bawah lantai = tebal urugan x lebar ruangan
D34: =0.05*80 -> 4 | E34: m³
C36: b.3 | D36: Pengurukan tanah kembali = (Volume galian tanah - volume pasangan pondasi batu belah) + urugan pasir bawah pondasi
D37: =(49.41-28.31)+3 -> 24.1 | E37: m³
C39: b.4 | D39: Pengurukan tanah untuk tinggi lantai = tebal urugan x luas ruangan - sisa volume urugan
D40: =(0.4*80)-(49.41-24.09) -> 6.68 | E40: m³
A42: 4 | B42: PERHITUNGAN PEMASANGAN PONDASI BATU BELAH
B44: a | C44: Volume pondasi pada bangunan = lebar pondasi atas + lebar pondasi bawah / 2 x tinggi x panjang
C45: =((0.25+0.8)/2*(0.75*42.5)) -> 16.734375 | D45: m³
B47: b | C47: Volume pondasi pada pagar = lebar pondasi atas + lebar pondasi bawah / 2 x tinggi x panjang
C48: =((0.25+0.7)/2*(0.75*32.5)) -> 11.578125 | D48: m³
B50: c | C50: Total volume pondasi batu belah = Volume pondasi bangunan + Volume pondasi pagar
C51: =C45+C48 -> 28.3125 | D51: m³
A53: 5 | B53: PERHITUNGAN PEMASANGAN BETON BERTULANG
B55: a | C55: Volume pondasi plat setempat = panjang x lebar x ketebalan x jumlah pondasi plat
C56: =1*1*0.25*14 -> 3.5 | D56: m³
B58: b | C58: Volume sloof
C59: b.1 | D59: Volume sloof 20 x 30 pada bangunan = lebar penampang x tinggi penampang x panjang pondasi bangunan
D60: =0.2*0.3*42.5 -> 2.55 | E60: m³
C61: b.2 | D61: Volume sloof 15 x 20 pada pagar = lebar penampang x tinggi penampang x panjang pondasi pagar
D62: =0.15*0.2*32.5 -> 0.975 | E62: m³
C63: b.3 | D63: Total volume sloof = Volume pondasi banguan + Volume pondasi pagar
D64: =D60+D62 -> 3.525 | E64: m³
B66: c | C66: Volume kolom
C67: c.1 | D67: Kolom 15 x 15 = lebar kolom x tebal kolom x tinggi kolom jumlah kolom
D68: =0.15*0.15*3.2*6 -> 0.432 | E68: m³
C69: c.2 | D69: Kolom 25 x 25 = lebar kolom x tebal kolom x tinggi kolom jumlah kolom
D70: =0.25*0.25*3.2*16 -> 3.2 | E70: m³
C71: c.3 | D71: Kolom 15 x 20 = lebar kolom x tebal kolom x tinggi kolom jumlah kolom
D72: =0.15*0.2*3.2*14 -> 1.344 | E72: m³
C73: c.4 | D73: Volume Kolom seluruhnya = Volume kolom 15x15 + Volume kolom 25x25 + Volume kolom 15x20
D74: =D68+D70+D72 -> 4.976 | E74: m³
B76: d | C76: Balok lantai 2 dan atap
C77: d.1 | D77: Volume balok 20x30 = lebar x tinggi x panjang balok
D78: =0.2*0.3*55 -> 3.3 | E78: m³
C79: d.2 | D79: Volume balok 12x12 = lebar x tinggi x panjang balok
D80: =0.12*0.12*11 -> 0.1584 | E80: m³
C81: d.3 | D81: Volume balok seluruhnya = balok 25x25 +balok 12x12
D82: =D78+D80 -> 3.4584 | E82: m³
B84: f | C84: Ringbalok
C85: f.1 | D85: Ringbalok 15x20 = lebar x tinggi x panjang ringbalok
D86: =0.15*0.2*16 -> 0.48 | E86: m³
C87: f.2 | D87: Ringbalok 15x15 = lebar x tinggi x panjang ringbalok
D88: =0.15*0.15*81 -> 1.8225 | E88: m³
B90: g | C90: beton tangga
C91: g.1 | D91: Plat pondasi tangga = lebar x panjang x tinggi
D92: =2*2*0.2 -> 0.8 | E92: m³
C93: g.2 | D93: Plat beton tangga = lebar x panjang x tinggi
D94: =1*6*0.2 -> 1.2 | E94: m³
C95: g.3 | D95: Beton anak tangga = tinggi beton anak tangga x lebar beton anak tangga x panjang anak tangga x jumlah anak tangga
D96: =0.18*0.3*1*18 -> 0.972 | E96: m³
C97: g.4 | D97: Total volume beton tangga = pondasi + plat + anak tangga
D98: =D92+D94+D96 -> 2.972 | E98: m³
B100: h | C100: Beton meja dapur = panjang x lebar x tebal meja dapur
C101: =0.1*0.7*2.5 -> 0.175 | D101: m³
B103: i | C103: Beton carport / garasi = tebal x luas carport
C104: =0.1*19.5 -> 1.95 | D104: m³
B106: j | C106: Beton lantai kerja = tebal x luas lantai kerja
C107: =0.05*80 -> 4 | D107: m³
A109: 6 | B109: PERHITUNGAN PEMASANGAN DINDING DAN PLESTERAN
B110: a | C110: Perhitungan ukuran dinding
C111: a.1 | D111: Dinding 1 : 3
D112: a.1.1 | E112: Trasram 1:3 KM/WC lantai 1 = panjang dinding KM/WC lantai 1 x tinggi dinding
E113: =7*3.2 -> 22.4 | F113: m²
D114: a.1.2 | E114: Trasram 1:3 KM/WC lantai 2 = panjang dinding KM/WC lantai 2 x tinggi dinding
E115: =9*3.2 -> 28.8 | F115: m²
D116: a.1.3 | E116: total dinding 1 : 3 = lantai 1 + lantai 2
E117: =E113+E115 -> 51.2 | F117: m²
C119: a.2 | D119: Dinding 1 : 5
D120: a.2.1 | E120: dinding pagar = panjang dinding x tinggi dinding
E121: =24.5*2 -> 49 | F121: m²
D122: a.2.2 | E122: dinding lantai 1 = panjang dinding lantai 1 x tinggi dinding - luas kusen lantai 1
E123: =57*3.2-53.6 -> 128.8 | F123: m²
D124: a.2.3 | E124: dinding lantai 2 = panjang dinding lantai 2 x tinggi dinding - luas kusen lantai 2
E125: =53*3.2-42.7 -> 126.9 | F125: m²
...

Sheet Pondasi
A1: BERAT BESI PER M3
A4: No. | B4: Uraian | G4: Besi | J4: PANJANG (meter) | N4: Potongan | Q4: Jumlah | R4: Berat | T4: Ket.
G5: Jml | H5: Dia | I5: Jrk | J5: a | K5: b | L5: c | M5: d | N5: Panjang | O5: Jumlah | P5: Tipikal | Q5: Panjang | R5: Kg/m' | S5: Jml Berat
N6: ( m' ) | O6: ( bh ) | P6: ( bh ) | Q6: ( m' ) | S6: ( Kg )
C7: b | E7: h
A8: I | B8: Sloof S1 | C8: 0.15 | D8: x | E8: 0.3
A10: 1 | B10: Sengkang
B11: Tumpuan | D11: = | F11: =1/4 -> 0.25 | H11: 8 | I11: 150 | J11: =C8-0.04-0.04 -> 0.07 | K11: =E8-0.04-0.04 -> 0.22 | N11: =(J11+K11)*2 -> 0.58 | O11: =F11/(I11/1000) -> 1.6666667 | P11: 2 | Q11: =N11*O11*P11 -> 1.9333333 | R11: =(H11^2)*0.006165 -> 0.39456 | S11: =Q11*R11 -> 0.762816
B13: Lapangan | D13: = | F13: =1/2 -> 0.5 | H13: 8 | I13: 200 | J13: =C8-0.04-0.04 -> 0.07 | K13: =E8-0.04-0.04 -> 0.22 | N13: =(J13+K13)*2 -> 0.58 | O13: =F13/(I13/1000) -> 2.5 | P13: 1 | Q13: =N13*O13*P13 -> 1.45 | R13: =(H13^2)*0.006165 -> 0.39456 | S13: =Q13*R13 -> 0.572112
A16: 2 | B16: Tulangan utama
B17: Atas | D17: = | G17: 2 | H17: 13 | J17: 1 | N17: 1 | O17: =G17 -> 2 | P17: 1 | Q17: =N17*O17*P17 -> 2 | R17: =(H17^2)*0.006165 -> 1.041885 | S17: =Q17*R17 -> 2.08377
B19: Bawah | D19: = | G19: 2 | H19: 13 | J19: 1 | N19: 1 | O19: =G19 -> 2 | P19: 1 | Q19: =N19*O19*P19 -> 2 | R19: =(H19^2)*0.006165 -> 1.041885 | S19: =Q19*R19 -> 2.08377
B21: Badan | D21: = | G21: 2 | H21: 13 | J21: 1 | N21: 1 | O21: =G21 -> 2 | P21: 1 | Q21: =N21*O21*P21 -> 2 | R21: =(H21^2)*0.006165 -> 1.041885 | S21: =Q21*R21 -> 2.08377
H25: Ø | I25: 12 | N25: @ | O25: 12 | P25: m/ljr | Q25: =SUM(Q11:Q13)/O25 -> 0.28194444 | R25: Ljr | S25: =SUM(S11:S13) -> 1.334928 | T25: kg
H26: D | I26: 13 | N26: @ | O26: 12 | P26: m/ljr | Q26: =SUM(Q17:Q19)/O26 -> 0.33333333 | R26: Ljr | S26: =SUM(S17:S21) -> 6.25131 | T26: kg
R28: Total Tulangan | S28: =SUM(S25:S26) -> 7.586238 | T28: kg
F30: Panjang | I30: = | J30: panjang | K30: / | L30: lebar | M30: x | N30: tinggi
I31: = | J31: 1 | K31: / | L31: =C8 -> 0.15 | M31: x | N31: =E8 -> 0.3
I32: = | J32: =J31/(L31*N31) -> 22.222222 | K32: m
F35: =B8 -> Sloof S1 | I35: = | J35: jumlah | K35: x | L35: panjang | M35: x | N35: lebar | O35: x | P35: tinggi
I36: = | J36: 1 | K36: x | L36: 1 | M36: x | N36: =C8 -> 0.15 | O36: x | P36: =E8 -> 0.3
I37: = | J37: =J36*L36*N36*P36 -> 0.045 | K37: m3
F40: Bekesting | I40: = | J40: jumlah | K40: x | L40: panjang | M40: x | N40: tinggi | O40: x | P40: sisi
I41: = | J41: 1 | K41: x | L41: 1 | M41: x | N41: =E8 -> 0.3 | O41: x | P41: 2
I42: = | J42: =J41*L41*N41*P41*J32 -> 13.333333 | K42: m2
F44: TOTAL PER M3
F45: - Besi | I45: = | J45: =S28/J37 -> 168.58307 | K45: kg
F46: - Bekesting | I46: = | J46: =J42/2 -> 6.6666667 | K46: m2
A49: No. | B49: Uraian | G49: Besi | J49: PANJANG (meter) | N49: Potongan | Q49: Jumlah | R49: Berat | T49: Ket.
G50: Jml | H50: Dia | I50: Jrk | J50: a | K50: b | L50: c | M50: d | N50: Panjang | O50: Jumlah | P50: Tipikal | Q50: Panjang | R50: Kg/m' | S50: Jml Berat
N51: ( m' ) | O51: ( bh ) | P51: ( bh ) | Q51: ( m' ) | S51: ( Kg )
C52: b | E52: h
A53: I | B53: Sloof S2 | C53: 0.15 | D53: x | E53: 0.25
A55: 1 | B55: Sengkang
B56: Tumpuan | D56: = | F56: =1/4 -> 0.25 | H56: 8 | I56: 150 | J56: =C53-0.04-0.04 -> 0.07 | K56: =E53-0.04-0.04 -> 0.17 | N56: =(J56+K56)*2 -> 0.48 | O56: =F56/(I56/1000) -> 1.6666667 | P56: 2 | Q56: =N56*O56*P56 -> 1.6 | R56: =(H56^2)*0.006165 -> 0.39456 | S56: =Q56*R56 -> 0.631296
B58: Lapangan | D58: = | F58: =1/2 -> 0.5 | H58: 8 | I58: 200 | J58: =C53-0.04-0.04 -> 0.07 | K58: =E53-0.04-0.04 -> 0.17 | N58: =(J58+K58)*2 -> 0.48 | O58: =F58/(I58/1000) -> 2.5 | P58: 1 | Q58: =N58*O58*P58 -> 1.2 | R58: =(H58^2)*0.006165 -> 0.39456 | S58: =Q58*R58 -> 0.473472
A61: 2 | B61: Tulangan utama
B62: Atas | D62: = | G62: 2 | H62: 12 | J62: 1 | N62: 1 | O62: =G62 -> 2 | P62: 1 | Q62: =N62*O62*P62 -> 2 | R62: =(H62^2)*0.006165 -> 0.88776 | S62: =Q62*R62 -> 1.77552
B64: Bawah | D64: = | G64: 2 | H64: 12 | J64: 1 | N64: 1 | O64: =G64 -> 2 | P64: 1 | Q64: =N64*O64*P64 -> 2 | R64: =(H64^2)*0.006165 -> 0.88776 | S64: =Q64*R64 -> 1.77552
B66: Badan | D66: = | G66: 2 | H66: 12 | J66: 1 | N66: 1 | O66: =G66 -> 2 | P66: 1 | Q66: =N66*O66*P66 -> 2 | R66: =(H66^2)*0.006165 -> 0.88776 | S66: =Q66*R66 -> 1.77552
H70: Ø | I70: 10 | N70: @ | O70: 12 | P70: m/ljr | Q70: =SUM(Q56:Q58)/O70 -> 0.23333333 | R70: Ljr | S70: =SUM(S56:S58) -> 1.104768 | T70: kg
H71: Ø | I71: 12 | N71: @ | O71: 12 | P71: m/ljr | Q71: =SUM(Q62:Q67)/O71 -> 0.5 | R71: Ljr | S71: =SUM(S62:S66) -> 5.32656 | T71: kg
R73: Total Tulangan | S73: =SUM(S70:S71) -> 6.431328 | T73: kg
F75: Panjang | I75: = | J75: panjang | K75: / | L75: lebar | M75: x | N75: tinggi
I76: = | J76: 1 | K76: / | L76: =C53 -> 0.15 | M76: x | N76: =E53 -> 0.25
I77: = | J77: =J76/(L76*N76) -> 26.666667 | K77: m
F80: =B53 -> Sloof S2 | I80: = | J80: jumlah | K80: x | L80: panjang | M80: x | N80: lebar | O80: x | P80: tinggi
I81: = | J81: 1 | K81: x | L81: 1 | M81: x | N81: =C53 -> 0.15 | O81: x | P81: =E53 -> 0.25
I82: = | J82: =J81*L81*N81*P81 -> 0.0375 | K82: m3
F85: Bekesting | I85: = | J85: jumlah | K85: x | L85: panjang | M85: x | N85: tinggi | O85: x | P85: sisi
I86: = | J86: 1 | K86: x | L86: 1 | M86: x | N86: =E53 -> 0.25 | O86: x | P86: 2
I87: = | J87: =J86*L86*N86*P86*J77 -> 13.333333 | K87: m2
F89: TOTAL PER M3
F90: - Besi | I90: = | J90: =S73/J82 -> 171.50208 | K90: kg
F91: - Bekesting | I91: = | J91: =J87/2 -> 6.6666667 | K91: m2
A94: No. | B94: Uraian | G94: Besi | J94: PANJANG (meter) | N94: Potongan | Q94: Jumlah | R94: Berat | T94: Ket.
G95: Jml | H95: Dia | I95: Jrk | J95: a | K95: b | L95: c | M95: d | N95: Panjang | O95: Jumlah | P95: Tipikal | Q95: Panjang | R95: Kg/m' | S95: Jml Berat
N96: ( m' ) | O96: ( bh ) | P96: ( bh ) | Q96: ( m' ) | S96: ( Kg )
C97: b | E97: h
A98: I | B98: Sloof S3 | C98: 0.15 | D98: x | E98: 0.2
A100: 1 | B100: Sengkang
B101: Tumpuan | D101: = | F101: =1/4 -> 0.25 | H101: 8 | I101: 150 | J101: =C98-0.04-0.04 -> 0.07 | K101: =E98-0.04-0.04 -> 0.12 | N101: =(J101+K101)*2 -> 0.38 | O101: =F101/(I101/1000) -> 1.6666667 | P101: 2 | Q101: =N101*O101*P101 -> 1.2666667 | R101: =(H101^2)*0.006165 -> 0.39456 | S101: =Q101*R101 -> 0.499776
B103: Lapangan | D103: = | F103: =1/2 -> 0.5 | H103: 8 | I103: 200 | J103: =C98-0.04-0.04 -> 0.07 | K103: =E98-0.04-0.04 -> 0.12 | N103: =(J103+K103)*2 -> 0.38 | O103: =F103/(I103/1000) -> 2.5 | P103: 1 | Q103: =N103*O103*P103 -> 0.95 | R103: =(H103^2)*0.006165 -> 0.39456 | S103: =Q103*R103 -> 0.374832
A106: 2 | B106: Tulangan utama
B107: Atas | D107: = | G107: 2 | H107: 12 | J107: 1 | N107: 1 | O107: =G107 -> 2 | P107: 1 | Q107: =N107*O107*P107 -> 2 | R107: =(H107^2)*0.006165 -> 0.88776 | S107: =Q107*R107 -> 1.77552
B109: Bawah | D109: = | G109: 2 | H109: 12 | J109: 1 | N109: 1 | O109: =G109 -> 2 | P109: 1 | Q109: =N109*O109*P109 -> 2 | R109: =(H109^2)*0.006165 -> 0.88776 | S109: =Q109*R109 -> 1.77552
B111: Badan | D111: = | J111: 1 | N111: 1 | O111: =G111 -> 0 | P111: 1 | Q111: =N111*O111*P111 -> 0 | R111: =(H111^2)*0.006165 -> 0 | S111: =Q111*R111 -> 0
H115: Ø | I115: 10 | N115: @ | O115: 12 | P115: m/ljr | Q115: =SUM(Q101:Q103)/O115 -> 0.18472222 | R115: Ljr | S115: =SUM(S101:S103) -> 0.874608 | T115: kg
H116: Ø | I116: 12 | N116: @ | O116: 12 | P116: m/ljr | Q116: =SUM(Q107:Q112)/O116 -> 0.33333333 | R116: Ljr | S116: =SUM(S107:S111) -> 3.55104 | T116: kg
R118: Total Tulangan | S118: =SUM(S115:S116) -> 4.425648 | T118: kg
F120: Panjang | I120: = | J120: panjang | K120: / | L120: lebar | M120: x | N120: tinggi
I121: = | J121: 1 | K121: / | L121: =C98 -> 0.15 | M121: x | N121: =E98 -> 0.2
I122: = | J122: =J121/(L121*N121) -> 33.333333 | K122: m
F125: =B98 -> Sloof S3 | I125: = | J125: jumlah | K125: x | L125: panjang | M125: x | N125: lebar | O125: x | P125: tinggi
I126: = | J126: 1 | K126: x | L126: 1 | M126: x | N126: =C98 -> 0.15 | O126: x | P126: =E98 -> 0.2
I127: = | J127: =J126*L126*N126*P126 -> 0.03 | K127: m3
F130: Bekesting | I130: = | J130: jumlah | K130: x | L130: panjang | M130: x | N130: tinggi | O130: x | P130: sisi
I131: = | J131: 1 | K131: x | L131: 1 | M131: x | N131: =E98 -> 0.2 | O131: x | P131: 2
I132: = | J132: =J131*L131*N131*P131*J122 -> 13.333333 | K132: m2
F134: TOTAL PER M3
F135: - Besi | I135: = | J135: =S118/J127 -> 147.5216 | K135: kg
F136: - Bekesting | I136: = | J136: =J132/2 -> 6.6666667 | K136: m2

Sheet Tiang
A1: BERAT BESI PER M3
A4: No. | B4: Deskripsi | G4: Besi | J4: PANJANG (meter) | N4: Potongan | Q4: Jumlah | R4: Berat | T4: Ket.
G5: Jml | H5: Dia | I5: Jrk | J5: a | K5: b | L5: c | M5: d | N5: Panjang | O5: Jumlah | P5: Tipikal | Q5: Panjang | R5: Kg/m' | S5: Jml Berat
N6: ( m' ) | O6: ( bh ) | P6: ( bh ) | Q6: ( m' ) | S6: ( Kg )
C7: b | E7: h
A8: I | B8: Balok B1 | C8: 0.15 | D8: x | E8: 0.35
A10: 1 | B10: Sengkang
B11: Tumpuan | D11: = | F11: =1/4 -> 0.25 | H11: 8 | I11: 150 | J11: =C8-0.04-0.04 -> 0.07 | K11: =E8-0.04-0.04 -> 0.27 | N11: =(J11+K11)*2 -> 0.68 | O11: =F11/(I11/1000) -> 1.6666667 | P11: 2 | Q11: =N11*O11*P11 -> 2.2666667 | R11: =(H11^2)*0.006165 -> 0.39456 | S11: =Q11*R11 -> 0.894336
B13: Lapangan | D13: = | F13: =1/2 -> 0.5 | H13: 8 | I13: 200 | J13: =C8-0.04-0.04 -> 0.07 | K13: =E8-0.04-0.04 -> 0.27 | N13: =(J13+K13)*2 -> 0.68 | O13: =F13/(I13/1000) -> 2.5 | P13: 1 | Q13: =N13*O13*P13 -> 1.7 | R13: =(H13^2)*0.006165 -> 0.39456 | S13: =Q13*R13 -> 0.670752
A16: 2 | B16: Tulangan utama
B17: Atas | D17: = | G17: 2 | H17: 13 | J17: 1 | N17: 1 | O17: =G17 -> 2 | P17: 1 | Q17: =N17*O17*P17 -> 2 | R17: =(H17^2)*0.006165 -> 1.041885 | S17: =Q17*R17 -> 2.08377
B19: Bawah | D19: = | G19: 2 | H19: 13 | J19: 1 | N19: 1 | O19: =G19 -> 2 | P19: 1 | Q19: =N19*O19*P19 -> 2 | R19: =(H19^2)*0.006165 -> 1.041885 | S19: =Q19*R19 -> 2.08377
B21: Badan | D21: = | G21: 2 | H21: 13 | J21: 1 | N21: 1 | O21: =G21 -> 2 | P21: 1 | Q21: =N21*O21*P21 -> 2 | R21: =(H21^2)*0.006165 -> 1.041885 | S21: =Q21*R21 -> 2.08377
H25: Ø | I25: 10 | N25: @ | O25: 12 | P25: m/ljr | Q25: =SUM(Q11:Q13)/O25 -> 0.33055556 | R25: Ljr | S25: =SUM(S11:S13) -> 1.565088 | T25: kg
H26: Ø | I26: 13 | N26: @ | O26: 12 | P26: m/ljr | Q26: =SUM(Q17:Q19)/O26 -> 0.33333333 | R26: Ljr | S26: =SUM(S17:S21) -> 6.25131 | T26: kg
R28: Total Tulangan | S28: =SUM(S25:S26) -> 7.816398 | T28: kg
F30: Meter | I30: = | J30: panjang | K30: / | L30: lebar | M30: x | N30: tinggi
I31: = | J31: 1 | K31: / | L31: =C8 -> 0.15 | M31: x | N31: =E8 -> 0.35
I32: = | J32: =J31/(L31*N31) -> 19.047619 | K32: m
F35: Bekesting | I35: = | J35: jumlah | K35: x | L35: lebar | M35: + | N35: tinggi | O35: x | P35: sisi
I36: = | J36: 1 | K36: x | L36: =C8 -> 0.15 | M36: + | N36: =E8 -> 0.35 | O36: x | P36: 2
I37: = | J37: =J36*(L36+(N36*P36)) -> 0.85 | K37: m2
F39: TOTAL PER M3
F40: - Besi | I40: = | J40: =J32*S28 -> 148.88377 | K40: kg
F41: - Bekesting | I41: = | J41: =J37*J32/2 -> 8.0952381 | K41: m2
A44: No. | B44: Deskripsi | G44: Besi | J44: PANJANG (meter) | N44: Potongan | Q44: Jumlah | R44: Berat | T44: Ket.
G45: Jml | H45: Dia | I45: Jrk | J45: a | K45: b | L45: c | M45: d | N45: Panjang | O45: Jumlah | P45: Tipikal | Q45: Panjang | R45: Kg/m' | S45: Jml Berat
N46: ( m' ) | O46: ( bh ) | P46: ( bh ) | Q46: ( m' ) | S46: ( Kg )
C47: b | E47: h
A48: I | B48: Balok B2 | C48: 0.15 | D48: x | E48: 0.3
A50: 1 | B50: Sengkang
B51: Tumpuan | D51: = | F51: =1/4 -> 0.25 | H51: 8 | I51: 150 | J51: =C48-0.04-0.04 -> 0.07 | K51: =E48-0.04-0.04 -> 0.22 | N51: =(J51+K51)*2 -> 0.58 | O51: =F51/(I51/1000) -> 1.6666667 | P51: 2 | Q51: =N51*O51*P51 -> 1.9333333 | R51: =(H51^2)*0.006165 -> 0.39456 | S51: =Q51*R51 -> 0.762816
B53: Lapangan | D53: = | F53: =1/2 -> 0.5 | H53: 8 | I53: 200 | J53: =C48-0.04-0.04 -> 0.07 | K53: =E48-0.04-0.04 -> 0.22 | N53: =(J53+K53)*2 -> 0.58 | O53: =F53/(I53/1000) -> 2.5 | P53: 1 | Q53: =N53*O53*P53 -> 1.45 | R53: =(H53^2)*0.006165 -> 0.39456 | S53: =Q53*R53 -> 0.572112
A56: 2 | B56: Tulangan utama
B57: Atas | D57: = | G57: 2 | H57: 13 | J57: 1 | N57: 1 | O57: =G57 -> 2 | P57: 1 | Q57: =N57*O57*P57 -> 2 | R57: =(H57^2)*0.006165 -> 1.041885 | S57: =Q57*R57 -> 2.08377
B59: Bawah | D59: = | G59: 2 | H59: 13 | J59: 1 | N59: 1 | O59: =G59 -> 2 | P59: 1 | Q59: =N59*O59*P59 -> 2 | R59: =(H59^2)*0.006165 -> 1.041885 | S59: =Q59*R59 -> 2.08377
B61: Badan | D61: = | G61: 2 | H61: 13 | J61: 1 | N61: 1 | O61: =G61 -> 2 | P61: 1 | Q61: =N61*O61*P61 -> 2 | R61: =(H61^2)*0.006165 -> 1.041885 | S61: =Q61*R61 -> 2.08377
H65: Ø | I65: 8 | N65: @ | O65: 12 | P65: m/ljr | Q65: =SUM(Q51:Q53)/O65 -> 0.28194444 | R65: Ljr | S65: =SUM(S51:S53) -> 1.334928 | T65: kg
H66: Ø | I66: 13 | N66: @ | O66: 12 | P66: m/ljr | Q66: =SUM(Q57:Q62)/O66 -> 0.5 | R66: Ljr | S66: =SUM(S57:S61) -> 6.25131 | T66: kg
R68: Total Tulangan | S68: =SUM(S65:S66) -> 7.586238 | T68: kg
F70: Meter | I70: = | J70: panjang | K70: / | L70: lebar | M70: x | N70: tinggi
I71: = | J71: 1 | K71: / | L71: =C48 -> 0.15 | M71: x | N71: =E48 -> 0.3
I72: = | J72: =J71/(L71*N71) -> 22.222222 | K72: m
F75: Bekesting | I75: = | J75: jumlah | K75: x | L75: lebar | M75: + | N75: tinggi | O75: x | P75: sisi
I76: = | J76: 1 | K76: x | L76: 0 | M76: + | N76: =E48 -> 0.3 | O76: x | P76: 2
I77: = | J77: =J76*(L76+(N76*P76)) -> 0.6 | K77: m2
F79: TOTAL PER M3
F80: - Besi | I80: = | J80: =S68*J72 -> 168.58307 | K80: kg
F81: - Bekesting | I81: = | J81: =J77*J72/2 -> 6.6666667 | K81: m2
A84: No. | B84: Deskripsi | G84: Besi | J84: PANJANG (meter) | N84: Potongan | Q84: Jumlah | R84: Berat | T84: Ket.
G85: Jml | H85: Dia | I85: Jrk | J85: a | K85: b | L85: c | M85: d | N85: Panjang | O85: Jumlah | P85: Tipikal | Q85: Panjang | R85: Kg/m' | S85: Jml Berat
N86: ( m' ) | O86: ( bh ) | P86: ( bh ) | Q86: ( m' ) | S86: ( Kg )
C87: b | E87: h
A88: I | B88: Balok B3 | C88: 0.15 | D88: x | E88: 0.25
A90: 1 | B90: Sengkang
B91: Tumpuan | D91: = | F91: =1/4 -> 0.25 | H91: 8 | I91: 150 | J91: =C88-0.04-0.04 -> 0.07 | K91: =E88-0.04-0.04 -> 0.17 | N91: =(J91+K91)*2 -> 0.48 | O91: =F91/(I91/1000) -> 1.6666667 | P91: 2 | Q91: =N91*O91*P91 -> 1.6 | R91: =(H91^2)*0.006165 -> 0.39456 | S91: =Q91*R91 -> 0.631296
B93: Lapangan | D93: = | F93: =1/2 -> 0.5 | H93: 8 | I93: 200 | J93: =C88-0.04-0.04 -> 0.07 | K93: =E88-0.04-0.04 -> 0.17 | N93: =(J93+K93)*2 -> 0.48 | O93: =F93/(I93/1000) -> 2.5 | P93: 1 | Q93: =N93*O93*P93 -> 1.2 | R93: =(H93^2)*0.006165 -> 0.39456 | S93: =Q93*R93 -> 0.473472
A96: 2 | B96: Tulangan utama
B97: Atas | D97: = | G97: 2 | H97: 12 | J97: 1 | N97: 1 | O97: =G97 -> 2 | P97: 1 | Q97: =N97*O97*P97 -> 2 | R97: =(H97^2)*0.006165 -> 0.88776 | S97: =Q97*R97 -> 1.77552
B99: Bawah | D99: = | G99: 2 | H99: 12 | J99: 1 | N99: 1 | O99: =G99 -> 2 | P99: 1 | Q99: =N99*O99*P99 -> 2 | R99: =(H99^2)*0.006165 -> 0.88776 | S99: =Q99*R99 -> 1.77552
B101: Badan | D101: =
H105: Ø | I105: 8 | N105: @ | O105: 12 | P105: m/ljr | Q105: =SUM(Q91:Q93)/O105 -> 0.23333333 | R105: Ljr | S105: =SUM(S91:S93) -> 1.104768 | T105: kg
H106: Ø | I106: 13 | N106: @ | O106: 12 | P106: m/ljr | Q106: =SUM(Q97:Q102)/O106 -> 0.33333333 | R106: Ljr | S106: =SUM(S97:S101) -> 3.55104 | T106: kg
R108: Total Tulangan | S108: =SUM(S105:S106) -> 4.655808 | T108: kg
F110: Meter | I110: = | J110: panjang | K110: / | L110: lebar | M110: x | N110: tinggi
I111: = | J111: 1 | K111: / | L111: =C88 -> 0.15 | M111: x | N111: =E88 -> 0.25
I112: = | J112: =J111/(L111*N111) -> 26.666667 | K112: m
F115: Bekesting | I115: = | J115: jumlah | K115: x | L115: lebar | M115: + | N115: tinggi | O115: x | P115: sisi
I116: = | J116: 1 | K116: x | L116: 0 | M116: + | N116: =E88 -> 0.25 | O116: x | P116: 2
I117: = | J117: =J116*(L116+(N116*P116)) -> 0.5 | K117: m2
F119: TOTAL PER M3
F120: - Besi | I120: = | J120: =S108*J112 -> 124.15488 | K120: kg
F121: - Bekesting | I121: = | J121: =J117*J112/2 -> 6.6666667 | K121: m2
A124: No. | B124: Deskripsi | G124: Besi | J124: PANJANG (meter) | N124: Potongan | Q124: Jumlah | R124: Berat | T124: Ket.
G125: Jml | H125: Dia | I125: Jrk | J125: a | K125: b | L125: c | M125: d | N125: Panjang | O125: Jumlah | P125: Tipikal | Q125: Panjang | R125: Kg/m' | S125: Jml Berat
N126: ( m' ) | O126: ( bh ) | P126: ( bh ) | Q126: ( m' ) | S126: ( Kg )
C127: b | E127: h
A128: I | B128: Balok B3 | C128: 0.15 | D128: x | E128: 0.2
A130: 1 | B130: Sengkang
B131: Tumpuan | D131: = | F131: =1/4 -> 0.25 | H131: 8 | I131: 150 | J131: =C128-0.04-0.04 -> 0.07 | K131: =E128-0.04-0.04 -> 0.12 | N131: =(J131+K131)*2 -> 0.38 | O131: =F131/(I131/1000) -> 1.6666667 | P131: 2 | Q131: =N131*O131*P131 -> 1.2666667 | R131: =(H131^2)*0.006165 -> 0.39456 | S131: =Q131*R131 -> 0.499776
B133: Lapangan | D133: = | F133: =1/2 -> 0.5 | H133: 8 | I133: 200 | J133: =C128-0.04-0.04 -> 0.07 | K133: =E128-0.04-0.04 -> 0.12 | N133: =(J133+K133)*2 -> 0.38 | O133: =F133/(I133/1000) -> 2.5 | P133: 1 | Q133: =N133*O133*P133 -> 0.95 | R133: =(H133^2)*0.006165 -> 0.39456 | S133: =Q133*R133 -> 0.374832
A136: 2 | B136: Tulangan utama
B137: Atas | D137: = | G137: 2 | H137: 10 | J137: 1 | N137: 1 | O137: =G137 -> 2 | P137: 1 | Q137: =N137*O137*P137 -> 2 | R137: =(H137^2)*0.006165 -> 0.6165 | S137: =Q137*R137 -> 1.233
B139: Bawah | D139: = | G139: 2 | H139: 10 | J139: 1 | N139: 1 | O139: =G139 -> 2 | P139: 1 | Q139: =N139*O139*P139 -> 2 | R139: =(H139^2)*0.006165 -> 0.6165 | S139: =Q139*R139 -> 1.233
B141: Badan | D141: = | J141: 1 | N141: 1 | O141: =G141 -> 0 | P141: 1 | Q141: =N141*O141*P141 -> 0 | R141: =(H141^2)*0.006165 -> 0 | S141: =Q141*R141 -> 0
H145: Ø | I145: 8 | N145: @ | O145: 12 | P145: m/ljr | Q145: =SUM(Q131:Q133)/O145 -> 0.18472222 | R145: Ljr | S145: =SUM(S131:S133) -> 0.874608 | T145: kg
H146: Ø | I146: 13 | N146: @ | O146: 12 | P146: m/ljr | Q146: =SUM(Q137:Q142)/O146 -> 0.33333333 | R146: Ljr | S146: =SUM(S137:S141) -> 2.466 | T146: kg
R148: Total Tulangan | S148: =SUM(S145:S146) -> 3.340608 | T148: kg
F150: Meter | I150: = | J150: panjang | K150: / | L150: lebar | M150: x | N150: tinggi
I151: = | J151: 1 | K151: / | L151: =C128 -> 0.15 | M151: x | N151: =E128 -> 0.2
I152: = | J152: =J151/(L151*N151) -> 33.333333 | K152: m
F155: Bekesting | I155: = | J155: jumlah | K155: x | L155: lebar | M155: + | N155: tinggi | O155: x | P155: sisi
I156: = | J156: 1 | K156: x | L156: 0 | M156: + | N156: =E128 -> 0.2 | O156: x | P156: 2
I157: = | J157: =J156*(L156+(N156*P156)) -> 0.4 | K157: m2
F159: TOTAL PER M3
F160: - Besi | I160: = | J160: =S148*J152 -> 111.3536 | K160: kg
F161: - Bekesting | I161: = | J161: =J157*J152/2 -> 6.6666667 | K161: m2
A164: No. | B164: Deskripsi | G164: Besi | J164: PANJANG (meter) | N164: Potongan | Q164: Jumlah | R164: Berat | T164: Ket.
G165: Jml | H165: Dia | I165: Jrk | J165: a | K165: b | L165: c | M165: d | N165: Panjang | O165: Jumlah | P165: Tipikal | Q165: Panjang | R165: Kg/m' | S165: Jml Berat
N166: ( m' ) | O166: ( bh ) | P166: ( bh ) | Q166: ( m' ) | S166: ( Kg )
...

Sheet Plat
B4: NO. | C4: NO. GMB | D4: DESKRIPSI KEGIATAN | F4: KALKULASI | AF4: PEMBAHASAN | AG4: VOL. | AH4: VOL RAB | AI4: VOL. SGS | AJ4: SAT | AK4: CATATAN
H6: T | J6: L | L6: P
H8: h plat | J8: Lx | L8: Ly | N8: 1/4 Lx | P8: 1/2 Lx
H9: 0.08 | J9: 3 | L9: 3.5 | N9: =J9/4 -> 0.75 | P9: =J9/2 -> 1.5
F10: jarak | H10: Dia | J10: L | L10: N | N10: Lapis | P10: Berat kg/m' | R10: Waste
E11: ="Plat 8 cm ( "&J9&" x "&L9&" x "&H9&" ) m" -> Plat 8 cm ( 3 x 3,5 x 0,08 ) m | R11: 1.15
E12: Tulangan arah X (Lap) | F12: 0.15 | H12: 10 | J12: =P9 -> 1.5 | L12: =IF(F12=0,0,J13/F12) -> 13.333333 | N12: 1 | P12: =0.25*PI()*(H12/1000)^2*7850 -> 0.61653756 | R12: =$R$11 -> 1.15 | AG12: =PRODUCT(J12:AD12) -> 14.180364 | AJ12: kg | AK12: begesting
E13: Tulangan Arah Y (Lap) | F13: 0.15 | H13: 8 | J13: =L9-P9 -> 2 | L13: =IF(F13=0,0,J12/F13) -> 10 | N13: 1 | P13: =0.25*PI()*(H13/1000)^2*7850 -> 0.39458404 | R13: =$R$11 -> 1.15 | AG13: =PRODUCT(J13:AD13) -> 9.0754329 | AJ13: kg | AK13: =1/H9 -> 12.5
E14: Tulangan arah X (Tump) bag. Atas kanan dan kiri | F14: 0.2 | H14: 0 | J14: =P9 -> 1.5 | L14: =IF(F14=0,0,J13/F14) -> 10 | P14: =0.25*PI()*(H14/1000)^2*7850 -> 0 | R14: =$R$11 -> 1.15 | AG14: =PRODUCT(J14:AD14) -> 0 | AJ14: kg
E15: Tulangan arah X (Tump) bag. Bawah | F15: 0.2 | H15: 10 | J15: =P9 -> 1.5 | L15: =IF(F15=0,0,J13/F15) -> 10 | N15: 1 | P15: =0.25*PI()*(H15/1000)^2*7850 -> 0.61653756 | R15: =$R$11 -> 1.15 | AG15: =PRODUCT(J15:AD15) -> 10.635273 | AJ15: kg
E16: Tulangan arah Y (Tump) bag. Atas | F16: 0.2 | H16: 8 | J16: =P9 -> 1.5 | L16: =IF(F16=0,0,J16/F16) -> 7.5 | P16: =0.25*PI()*(H16/1000)^2*7850 -> 0.39458404 | R16: =$R$11 -> 1.15 | AG16: =PRODUCT(J16:AD16) -> 5.104931 | AJ16: kg
E17: Tulangan arah Y (Tump) bag. Bawah | F17: 0.2 | H17: 8 | J17: =P9 -> 1.5 | L17: =IF(F17=0,0,J17/F17) -> 7.5 | N17: 1 | P17: =0.25*PI()*(H17/1000)^2*7850 -> 0.39458404 | R17: =$R$11 -> 1.15 | AG17: =PRODUCT(J17:AD17) -> 5.104931 | AJ17: kg
E18: Tulangan Susut/bagi bag. Arah X atas dan bawah | F18: 0.2 | H18: 8 | J18: =J9 -> 3 | L18: =IF(F18=0,0,P9/F18) -> 7.5 | N18: 1 | P18: =0.25*PI()*(H18/1000)^2*7850 -> 0.39458404 | R18: =$R$11 -> 1.15 | AG18: =PRODUCT(J18:AD18) -> 10.209862 | AJ18: kg
E19: Tulangan Susut/bagi bag. Arah Y atas dan bawah | F19: 0.2 | H19: 8 | J19: =L9 -> 3.5 | L19: =IF(F19=0,0,P9/F19) -> 7.5 | N19: 1 | P19: =0.25*PI()*(H19/1000)^2*7850 -> 0.39458404 | R19: =$R$11 -> 1.15 | AG19: =PRODUCT(J19:AD19) -> 11.911506 | AJ19: kg | AK19: per m3 beton
N20: Volume Beton | O20: = | P20: =J9*L9*H9 -> 0.84 | Q20: m3 | AG20: =SUM(AG12:AG19) -> 66.222299 | AJ20: kg | AK20: =ROUND(AG20/P20,2) -> 78.84
H22: h plat | J22: Lx | L22: Ly | N22: 1/4 Lx | P22: 1/2 Lx
H23: 0.1 | J23: 3.75 | L23: 2.45 | N23: =J23/4 -> 0.9375 | P23: =J23/2 -> 1.875
F24: jarak | H24: Dia | J24: L | L24: N | N24: Lapis | P24: Berat kg/m' | R24: Waste
E25: ="Plat Lantai ( "&J23&" x "&L23&" x "&H23&" )" -> Plat Lantai ( 3,75 x 2,45 x 0,1 ) | R25: 1.1
E26: Tulangan arah X (Lap) | F26: 0.15 | H26: 8 | J26: =P23 -> 1.875 | L26: =IF(F26=0,0,J27/F26) -> 3.8333333 | N26: 2 | P26: =0.25*PI()*(H26/1000)^2*7850 -> 0.39458404 | R26: =R25 -> 1.1 | AG26: =PRODUCT(J26:AD26) -> 6.2393601 | AJ26: kg | AK26: begesting
E27: Tulangan Arah Y (Lap) | F27: 0.15 | H27: 8 | J27: =L23-P23 -> 0.575 | L27: =IF(F27=0,0,J26/F27) -> 12.5 | N27: 2 | P27: =0.25*PI()*(H27/1000)^2*7850 -> 0.39458404 | R27: =R26 -> 1.1 | AG27: =PRODUCT(J27:AD27) -> 6.2393601 | AJ27: kg | AK27: =1/H23 -> 10
E28: Tulangan arah X (Tump) bag. Atas kanan dan kiri | F28: 0.15 | H28: 8 | J28: =P23 -> 1.875 | L28: =IF(F28=0,0,J27/F28) -> 3.8333333 | N28: 1 | P28: =0.25*PI()*(H28/1000)^2*7850 -> 0.39458404 | R28: =R27 -> 1.1 | AG28: =PRODUCT(J28:AD28) -> 3.11968 | AJ28: kg
E29: Tulangan arah X (Tump) bag. Bawah | F29: 0.15 | H29: 8 | J29: =P23 -> 1.875 | L29: =IF(F29=0,0,J27/F29) -> 3.8333333 | N29: 1 | P29: =0.25*PI()*(H29/1000)^2*7850 -> 0.39458404 | R29: =R28 -> 1.1 | AG29: =PRODUCT(J29:AD29) -> 3.11968 | AJ29: kg
E30: Tulangan arah Y (Tump) bag. Atas | F30: 0.15 | H30: 8 | J30: =P23 -> 1.875 | L30: =IF(F30=0,0,J30/F30) -> 12.5 | N30: 1 | P30: =0.25*PI()*(H30/1000)^2*7850 -> 0.39458404 | R30: =R29 -> 1.1 | AG30: =PRODUCT(J30:AD30) -> 10.17287 | AJ30: kg
E31: Tulangan arah Y (Tump) bag. Bawah | F31: 0.15 | H31: 8 | J31: =P23 -> 1.875 | L31: =IF(F31=0,0,J31/F31) -> 12.5 | N31: 1 | P31: =0.25*PI()*(H31/1000)^2*7850 -> 0.39458404 | R31: =R30 -> 1.1 | AG31: =PRODUCT(J31:AD31) -> 10.17287 | AJ31: kg
E32: Tulangan Susut/bagi bag. Arah X atas dan bawah | F32: 0.15 | H32: 8 | J32: =J23 -> 3.75 | L32: =IF(F32=0,0,P23/F32) -> 12.5 | N32: 2 | P32: =0.25*PI()*(H32/1000)^2*7850 -> 0.39458404 | R32: =R31 -> 1.1 | AG32: =PRODUCT(J32:AD32) -> 40.691479 | AJ32: kg
E33: Tulangan Susut/bagi bag. Arah Y atas dan bawah | F33: 0.15 | H33: 8 | J33: =L23 -> 2.45 | L33: =IF(F33=0,0,P23/F33) -> 12.5 | N33: 2 | P33: =0.25*PI()*(H33/1000)^2*7850 -> 0.39458404 | R33: =R32 -> 1.1 | AG33: =PRODUCT(J33:AD33) -> 26.5851 | AJ33: kg | AK33: per m3 beton
N34: Volume Beton | O34: = | P34: =J23*L23*H23 -> 0.91875 | Q34: m3 | AG34: =SUM(AG26:AG33) -> 106.3404 | AJ34: kg | AK34: =ROUND(AG34/P34,0) -> 116
H36: h plat | J36: Lx | L36: Ly | N36: 1/4 Lx | P36: 1/2 Lx
H37: 0.12 | J37: 3.75 | L37: 2.45 | N37: =J37/4 -> 0.9375 | P37: =J37/2 -> 1.875
F38: jarak | H38: Dia | J38: L | L38: N | N38: Lapis | P38: Berat kg/m' | R38: Waste
E39: ="Plat Lantai ( "&J37&" x "&L37&" x "&H37&" )" -> Plat Lantai ( 3,75 x 2,45 x 0,12 ) | R39: 1.1
E40: Tulangan arah X (Lap) | F40: 0.15 | H40: 8 | J40: =P37 -> 1.875 | L40: =IF(F40=0,0,J41/F40) -> 3.8333333 | N40: 2 | P40: =0.25*PI()*(H40/1000)^2*7850 -> 0.39458404 | R40: =R39 -> 1.1 | AG40: =PRODUCT(J40:AD40) -> 6.2393601 | AJ40: kg | AK40: begesting
E41: Tulangan Arah Y (Lap) | F41: 0.15 | H41: 8 | J41: =L37-P37 -> 0.575 | L41: =IF(F41=0,0,J40/F41) -> 12.5 | N41: 2 | P41: =0.25*PI()*(H41/1000)^2*7850 -> 0.39458404 | R41: =R40 -> 1.1 | AG41: =PRODUCT(J41:AD41) -> 6.2393601 | AJ41: kg | AK41: =1/H37 -> 8.3333333
E42: Tulangan arah X (Tump) bag. Atas kanan dan kiri | F42: 0.15 | H42: 8 | J42: =P37 -> 1.875 | L42: =IF(F42=0,0,J41/F42) -> 3.8333333 | N42: 1 | P42: =0.25*PI()*(H42/1000)^2*7850 -> 0.39458404 | R42: =R41 -> 1.1 | AG42: =PRODUCT(J42:AD42) -> 3.11968 | AJ42: kg
E43: Tulangan arah X (Tump) bag. Bawah | F43: 0.15 | H43: 8 | J43: =P37 -> 1.875 | L43: =IF(F43=0,0,J41/F43) -> 3.8333333 | N43: 1 | P43: =0.25*PI()*(H43/1000)^2*7850 -> 0.39458404 | R43: =R42 -> 1.1 | AG43: =PRODUCT(J43:AD43) -> 3.11968 | AJ43: kg
E44: Tulangan arah Y (Tump) bag. Atas | F44: 0.15 | H44: 8 | J44: =P37 -> 1.875 | L44: =IF(F44=0,0,J44/F44) -> 12.5 | N44: 1 | P44: =0.25*PI()*(H44/1000)^2*7850 -> 0.39458404 | R44: =R43 -> 1.1 | AG44: =PRODUCT(J44:AD44) -> 10.17287 | AJ44: kg
E45: Tulangan arah Y (Tump) bag. Bawah | F45: 0.15 | H45: 8 | J45: =P37 -> 1.875 | L45: =IF(F45=0,0,J45/F45) -> 12.5 | N45: 1 | P45: =0.25*PI()*(H45/1000)^2*7850 -> 0.39458404 | R45: =R44 -> 1.1 | AG45: =PRODUCT(J45:AD45) -> 10.17287 | AJ45: kg
E46: Tulangan Susut/bagi bag. Arah X atas dan bawah | F46: 0.15 | H46: 8 | J46: =J37 -> 3.75 | L46: =IF(F46=0,0,P37/F46) -> 12.5 | N46: 2 | P46: =0.25*PI()*(H46/1000)^2*7850 -> 0.39458404 | R46: =R45 -> 1.1 | AG46: =PRODUCT(J46:AD46) -> 40.691479 | AJ46: kg
E47: Tulangan Susut/bagi bag. Arah Y atas dan bawah | F47: 0.15 | H47: 8 | J47: =L37 -> 2.45 | L47: =IF(F47=0,0,P37/F47) -> 12.5 | N47: 2 | P47: =0.25*PI()*(H47/1000)^2*7850 -> 0.39458404 | R47: =R46 -> 1.1 | AG47: =PRODUCT(J47:AD47) -> 26.5851 | AJ47: kg | AK47: per m3 beton
N48: Volume Beton | O48: = | P48: =J37*L37*H37 -> 1.1025 | Q48: m3 | AG48: =SUM(AG40:AG47) -> 106.3404 | AJ48: kg | AK48: =ROUND(AG48/P48,0) -> 96
AJ49: polos | AK49: =ROUND(SUMIF($H$40:$H$47,"=12",$AG$40:$AG$47)/P48,2) -> 0
AJ50: ulir | AK50: =ROUND(SUMIF($H$40:$H$47,"=13",$AG$40:$AG$47)/P48,2) -> 0

Sheet Beton
C1: BERAT BESI PER M3 RANGKA BETON JENIS POER
B3: No | C3: Deskripsi | P3: Panjang | Q3: Jml. Tul | R3: Panjang Total | S3: Berat/M' | T3: Berat Total
B4: 1 | C4: 2 | P4: 3 | Q4: 4 | R4: 5 = 3 x 4 | S4: 6 | T4: 7 = 5 x 6
A6: 1 | B6: =B4 -> 1 | C6: ="Pondasi Poer P"&A6&" - ("&D6/10&" x "&F6/10&" x "&H6/10&" cm) - K-250 " -> Pondasi Poer P1 - (60 x 60 x 30 cm) - K-250 | D6: 600 | E6: x | F6: 600 | G6: x | H6: 300 | I6: mm | J6: (P1) = | K6: =(F6*H6*D6)/1000000000 -> 0.108 | L6: M3, | M6: 1 M3 (P1) = | N6: =1/K6 -> 9.2592593 | O6: BH
C7: Tulangan Vertikal
C8: Tulangan Bawah | E8: D | F8: 12 | G8: - | H8: 150 | I8: =I6 -> mm | P8: =((D6-(0.03*2))+(2*(H6-50)))/1000 -> 1.09994 | Q8: =FLOOR(F6/H8+1,1) -> 5 | R8: =Q8*P8 -> 5.4997 | S8: =0.25*(22/7)*((F8/1000)^2)*7850 -> 0.88817143 | T8: =S8*R8 -> 4.8846764
C9: Tulangan Atas | E9: D | F9: 12 | G9: - | H9: 150 | I9: =I8 -> mm | P9: =((D6-(0.03*2))+(2*6*F9))/1000 -> 0.74394 | Q9: =FLOOR(F6/H9+1,1) -> 5 | R9: =Q9*P9 -> 3.7197 | S9: =0.25*(22/7)*((F9/1000)^2)*7850 -> 0.88817143 | T9: =S9*R9 -> 3.3037313
C10: Tulangan Horisontal
C11: =C8 -> Tulangan Bawah | E11: =E8 -> D | F11: 12 | G11: - | H11: 150 | I11: =I8 -> mm | P11: =((F6-(0.03*2))+(2*(H6-50)))/1000 -> 1.09994 | Q11: =FLOOR(D6/H11+1,1) -> 5 | R11: =Q11*P11 -> 5.4997 | S11: =0.25*(22/7)*((F11/1000)^2)*7850 -> 0.88817143 | T11: =S11*R11 -> 4.8846764
C12: =C9 -> Tulangan Atas | E12: D | F12: 12 | G12: - | H12: 150 | I12: =I9 -> mm | P12: =((F6-(0.03*2))+(2*6*F12))/1000 -> 0.74394 | Q12: =FLOOR(D6/H12+1,1) -> 5 | R12: =Q12*P12 -> 3.7197 | S12: =0.25*(22/7)*((F12/1000)^2)*7850 -> 0.88817143 | T12: =S12*R12 -> 3.3037313
S14: Berat Besi 1 Bh | T14: =SUM(T8:T13) -> 16.376815 | U14: Kg | V14: begesting
S15: Berat Besi 1 M3 | T15: =T14*N6 -> 151.63718 | U15: =+U14 -> Kg | V15: =((D6*H6*2)+(F6*H6*2))/1000000 -> 0.72
B17: No | C17: Deskripsi | P17: Panjang | Q17: Jml. Tul | R17: Panjang Total | S17: Berat/M' | T17: Berat Total
B18: 2 | C18: 2 | P18: 3 | Q18: 4 | R18: 5 = 3 x 4 | S18: 6 | T18: 7 = 5 x 6
A20: 2 | B20: =B18 -> 2 | C20: ="Pondasi Poer PC"&A20&" - ("&D20/10&" x "&F20/10&" x "&H20/10&" cm) - K-250 " -> Pondasi Poer PC2 - (80 x 80 x 30 cm) - K-250 | D20: 800 | E20: x | F20: 800 | G20: x | H20: 300 | I20: mm | J20: (P1) = | K20: =(F20*H20*D20)/1000000000 -> 0.192 | L20: M3, | M20: 1 M3 (P1) = | N20: =1/K20 -> 5.2083333 | O20: BH | X20: =2.4*1.2 -> 2.88 | Z20: =2.4*2.1*0.4 -> 2.016
C21: Tulangan Vertikal | X21: =3.6/2*1.2 -> 2.16
C22: Tulangan Bawah | E22: D | F22: 13 | G22: - | H22: 150 | I22: =I20 -> mm | P22: =((D20-(0.03*2))+(2*(H20-50)))/1000 -> 1.29994 | Q22: =FLOOR(F20/H22+1,1) -> 6 | R22: =Q22*P22 -> 7.79964 | S22: =0.25*(22/7)*((F22/1000)^2)*7850 -> 1.0423679 | T22: =S22*R22 -> 8.130094 | X22: =X20+X21 -> 5.04 | Z22: =X22/2.4 -> 2.1
C23: Tulangan Atas | E23: D | F23: 13 | G23: - | H23: 150 | I23: =I22 -> mm | P23: =((D20-(0.03*2))+(2*6*F23))/1000 -> 0.95594 | Q23: =FLOOR(F20/H23+1,1) -> 6 | R23: =Q23*P23 -> 5.73564 | S23: =0.25*(22/7)*((F23/1000)^2)*7850 -> 1.0423679 | T23: =S23*R23 -> 5.9786468
C24: Tulangan Horisontal
C25: =C22 -> Tulangan Bawah | E25: =E22 -> D | F25: 13 | G25: - | H25: 150 | I25: =I22 -> mm | P25: =((F20-(0.03*2))+(2*(H20-50)))/1000 -> 1.29994 | Q25: =FLOOR(D20/H25+1,1) -> 6 | R25: =Q25*P25 -> 7.79964 | S25: =0.25*(22/7)*((F25/1000)^2)*7850 -> 1.0423679 | T25: =S25*R25 -> 8.130094
C26: =C23 -> Tulangan Atas | E26: D | F26: 13 | G26: - | H26: 150 | I26: =I23 -> mm | P26: =((F20-(0.03*2))+(2*6*F26))/1000 -> 0.95594 | Q26: =FLOOR(D20/H26+1,1) -> 6 | R26: =Q26*P26 -> 5.73564 | S26: =0.25*(22/7)*((F26/1000)^2)*7850 -> 1.0423679 | T26: =S26*R26 -> 5.9786468
S28: Berat Besi 1 Bh | T28: =SUM(T22:T27) -> 28.217482 | U28: Kg | V28: begesting
S29: Berat Besi 1 M3 | T29: =T28*N20 -> 146.96605 | U29: =+U28 -> Kg | V29: =((D20*H20*2)+(F20*H20*2))/1000000 -> 0.96
B31: No | C31: Deskripsi | P31: Panjang | Q31: Jml. Tul | R31: Panjang Total | S31: Berat/M' | T31: Berat Total
B32: 1 | C32: 2 | P32: 3 | Q32: 4 | R32: 5 = 3 x 4 | S32: 6 | T32: 7 = 5 x 6
A34: 3 | B34: 3 | C34: ="Pondasi Plat"&A34&" - ("&D34/10&" x "&F34/10&" x "&H34/10&" cm) - K-250 " -> Pondasi Plat3 - (50 x 50 x 30 cm) - K-250 | D34: 500 | E34: x | F34: 500 | G34: x | H34: 300 | I34: mm | J34: (P1) = | K34: =(F34*H34*D34)/1000000000 -> 0.075 | L34: M3, | M34: 1 M3 (P1) = | N34: =1/K34 -> 13.333333 | O34: BH
C35: Tulangan Vertikal
C36: Tulangan Bawah | E36: Ø | F36: 12 | G36: - | H36: 150 | I36: =I34 -> mm | P36: =((D34-(0.03*2))+(2*(H34-50)))/1000 -> 0.99994 | Q36: =FLOOR(F34/H36+1,1) -> 4 | R36: =Q36*P36 -> 3.99976 | S36: =0.25*(22/7)*((F36/1000)^2)*7850 -> 0.88817143 | T36: =S36*R36 -> 3.5524726
C37: Tulangan Atas | E37: Ø | F37: 12 | G37: =G36 -> - | H37: 150 | I37: =I36 -> mm | P37: =((D34-(0.03*2))+(2*6*F37))/1000 -> 0.64394 | Q37: =FLOOR(F34/H37+1,1) -> 4 | R37: =Q37*P37 -> 2.57576 | S37: =0.25*(22/7)*((F37/1000)^2)*7850 -> 0.88817143 | T37: =S37*R37 -> 2.2877164
C38: Tulangan Horisontal
C39: =C36 -> Tulangan Bawah | E39: =E36 -> Ø | F39: 12 | G39: - | H39: 150 | I39: =I36 -> mm | P39: =((F34-(0.03*2))+(2*(H34-50)))/1000 -> 0.99994 | Q39: =FLOOR(D34/H39+1,1) -> 4 | R39: =Q39*P39 -> 3.99976 | S39: =0.25*(22/7)*((F39/1000)^2)*7850 -> 0.88817143 | T39: =S39*R39 -> 3.5524726
C40: =C37 -> Tulangan Atas | E40: Ø | F40: 12 | G40: =G39 -> - | H40: 150 | I40: =I37 -> mm | P40: =((F34-(0.03*2))+(2*6*F40))/1000 -> 0.64394 | Q40: =FLOOR(D34/H40+1,1) -> 4 | R40: =Q40*P40 -> 2.57576 | S40: =0.25*(22/7)*((F40/1000)^2)*7850 -> 0.88817143 | T40: =S40*R40 -> 2.2877164
S42: Berat Besi 1 Bh | T42: =SUM(T36:T41) -> 11.680378 | U42: Kg | V42: begesting
S43: Berat Besi 1 M3 | T43: =T42*N34 -> 155.73837 | U43: =+U42 -> Kg | V43: =((D34*H34*2)+(F34*H34*2))/1000000 -> 0.6
B45: No | C45: Uraian | P45: Panjang | Q45: Jml. Tul | R45: Panjang Total | S45: Berat/M' | T45: Berat Total
B46: 1 | C46: 2 | P46: 3 | Q46: 4 | R46: 5 = 3 x 4 | S46: 6 | T46: 7 = 5 x 6
A48: 1' | B48: 4 | C48: ="Pondasi Poer P"&A48&" - ("&D48/10&" x "&F48/10&" x "&H48/10&" cm) - K-250 " -> Pondasi Poer P1' - (240 x 75 x 40 cm) - K-250 | D48: 2400 | E48: x | F48: 750 | G48: x | H48: 400 | I48: mm | J48: (P1) = | K48: =(F48*H48*D48)/1000000000 -> 0.72 | L48: M3, | M48: 1 M3 (P1) = | N48: =1/K48 -> 1.3888889 | O48: BH
C49: Tul. Vertikal
C50: Tulangan Bawah | E50: D | F50: 16 | G50: - | H50: 100 | I50: =I48 -> mm | P50: =((D48-(0.03*2))+(2*(H48-50)))/1000 -> 3.09994 | Q50: =FLOOR(F48/H50+1,1) -> 8 | R50: =Q50*P50 -> 24.79952 | S50: =0.25*(22/7)*((F50/1000)^2)*7850 -> 1.5789714 | T50: =S50*R50 -> 39.157734
C51: Tulangan Atas | E51: D | F51: 13 | G51: =G50 -> - | H51: 100 | I51: =I50 -> mm | P51: =((D48-(0.03*2))+(2*6*F51))/1000 -> 2.55594 | Q51: =FLOOR(F48/H51+1,1) -> 8 | R51: =Q51*P51 -> 20.44752 | S51: =0.25*(22/7)*((F51/1000)^2)*7850 -> 1.0423679 | T51: =S51*R51 -> 21.313838
C52: Tul. Horisontal
C53: =C50 -> Tulangan Bawah | E53: =E50 -> D | F53: 16 | G53: - | H53: 100 | I53: =I50 -> mm | P53: =((F48-(0.03*2))+(2*(H48-50)))/1000 -> 1.44994 | Q53: =FLOOR(D48/H53+1,1) -> 25 | R53: =Q53*P53 -> 36.2485 | S53: =0.25*(22/7)*((F53/1000)^2)*7850 -> 1.5789714 | T53: =S53*R53 -> 57.235346
C54: =C51 -> Tulangan Atas | E54: D | F54: 13 | G54: =G53 -> - | H54: 100 | I54: =I51 -> mm | P54: =((F48-(0.03*2))+(2*6*F54))/1000 -> 0.90594 | Q54: =FLOOR(D48/H54+1,1) -> 25 | R54: =Q54*P54 -> 22.6485 | S54: =0.25*(22/7)*((F54/1000)^2)*7850 -> 1.0423679 | T54: =S54*R54 -> 23.608068
S56: Berat Besi 1 Bh | T56: =SUM(T50:T55) -> 141.31499 | U56: Kg | V56: begesting
S57: Berat Besi 1 M3 | T57: =T56*N48 -> 196.27081 | U57: =+U56 -> Kg | V57: =((D48+F48)*2*H48/1000000)*N48 -> 3.5
B58: No | C58: Uraian | P58: Panjang | Q58: Jml. Tul | R58: Panjang Total | S58: Berat/M' | T58: Berat Total
B59: 3 | C59: 2 | P59: 3 | Q59: 4 | R59: 5 = 3 x 4 | S59: 6 | T59: 7 = 5 x 6
A61: 3 | B61: =B59 -> 3 | C61: ="Pondasi Poer P"&A61&" - ("&D61/10&" x "&F61/10&" x "&H61/10&" cm) - K-250 " -> Pondasi Poer P3 - (385 x 95 x 50 cm) - K-250 | D61: =(X61/F61)*1000 -> 3850 | E61: x | F61: 950 | G61: x | H61: 500 | I61: mm | J61: (P1) = | K61: =(F61*H61*D61)/1000000000 -> 1.82875 | L61: M3, | M61: 1 M3 (P1) = | N61: =1/K61 -> 0.5468216 | O61: BH | X61: =((2.4*0.95)+(1.45*0.95))*1000 -> 3657.5
C62: Tul. Vertikal
C63: Tulangan Bawah | E63: D | F63: 19 | G63: - | H63: 100 | I63: =I61 -> mm | P63: =((D61-(0.03*2))+(2*(H61-50)))/1000 -> 4.74994 | Q63: =FLOOR(F61/H63+1,1) -> 10 | R63: =Q63*P63 -> 47.4994 | S63: =0.25*(22/7)*((F63/1000)^2)*7850 -> 2.2265964 | T63: =S63*R63 -> 105.76199
C64: Tulangan Atas | E64: D | F64: 16 | G64: - | H64: 100 | I64: =I63 -> mm | P64: =((D61-(0.03*2))+(2*6*F64))/1000 -> 4.04194 | Q64: =FLOOR(F61/H64+1,1) -> 10 | R64: =Q64*P64 -> 40.4194 | S64: =0.25*(22/7)*((F64/1000)^2)*7850 -> 1.5789714 | T64: =S64*R64 -> 63.821078
C65: Tul. Horisontal
C66: =C63 -> Tulangan Bawah | E66: =E63 -> D | F66: 19 | G66: - | H66: 100 | I66: =I63 -> mm | P66: =((F61-(0.03*2))+(2*(H61-50)))/1000 -> 1.84994 | Q66: =FLOOR(D61/H66+1,1) -> 39 | R66: =Q66*P66 -> 72.14766 | S66: =0.25*(22/7)*((F66/1000)^2)*7850 -> 2.2265964 | T66: =S66*R66 -> 160.64372
C67: =C64 -> Tulangan Atas | E67: D | F67: 16 | G67: - | H67: 100 | I67: =I64 -> mm | P67: =((F61-(0.03*2))+(2*6*F67))/1000 -> 1.14194 | Q67: =FLOOR(D61/H67+1,1) -> 39 | R67: =Q67*P67 -> 44.53566 | S67: =0.25*(22/7)*((F67/1000)^2)*7850 -> 1.5789714 | T67: =S67*R67 -> 70.320535
S69: Berat Besi 1 Bh | T69: =SUM(T63:T68) -> 400.54733 | U69: Kg | V69: begesting
S70: Berat Besi 1 M3 | T70: =T69*N61 -> 219.02793 | U70: =+U69 -> Kg | V70: =((D61+F61)*2*H61/1000000)*N61 -> 2.6247437
B72: No | C72: Uraian | P72: Panjang | Q72: Jml. Tul | R72: Panjang Total | S72: Berat/M' | T72: Berat Total
B73: 4 | C73: 2 | P73: 3 | Q73: 4 | R73: 5 = 3 x 4 | S73: 6 | T73: 7 = 5 x 6
A75: 4 | B75: =B73 -> 4 | C75: ="Pondasi Poer P"&A75&" - ("&D75/10&" x "&F75/10&" x "&H75/10&" cm) - K-250 " -> Pondasi Poer P4 - (118 x 90 x 30 cm) - K-250 | D75: 1180 | E75: x | F75: 900 | G75: x | H75: 300 | I75: mm | J75: (P1) = | K75: =(F75*H75*D75)/1000000000 -> 0.3186 | L75: M3, | M75: 1 M3 (P1) = | N75: =1/K75 -> 3.138732 | O75: BH
C76: Tul. Vertikal
C77: Tulangan Bawah | E77: D | F77: 13 | G77: - | H77: 100 | I77: =I75 -> mm | P77: =((D75-(0.03*2))+(2*(H75-50)))/1000 -> 1.67994 | Q77: =FLOOR(F75/H77+1,1) -> 10 | R77: =Q77*P77 -> 16.7994 | S77: =0.25*(22/7)*((F77/1000)^2)*7850 -> 1.0423679 | T77: =S77*R77 -> 17.511155
C78: Tulangan Atas | E78: D | F78: 13 | G78: - | H78: 100 | I78: =I77 -> mm | P78: =((D75-(0.03*2))+(2*6*F78))/1000 -> 1.33594 | Q78: =FLOOR(F75/H78+1,1) -> 10 | R78: =Q78*P78 -> 13.3594 | S78: =0.25*(22/7)*((F78/1000)^2)*7850 -> 1.0423679 | T78: =S78*R78 -> 13.925409
C79: Tul. Horisontal
C80: =C77 -> Tulangan Bawah | E80: =E77 -> D | F80: 13 | G80: - | H80: 100 | I80: =I77 -> mm | P80: =((F75-(0.03*2))+(2*(H75-50)))/1000 -> 1.39994 | Q80: =FLOOR(D75/H80+1,1) -> 12 | R80: =Q80*P80 -> 16.79928 | S80: =0.25*(22/7)*((F80/1000)^2)*7850 -> 1.0423679 | T80: =S80*R80 -> 17.511029
C81: =C78 -> Tulangan Atas | E81: D | F81: 13 | G81: - | H81: 100 | I81: =I78 -> mm | P81: =((F75-(0.03*2))+(2*6*F81))/1000 -> 1.05594 | Q81: =FLOOR(D75/H81+1,1) -> 12 | R81: =Q81*P81 -> 12.67128 | S81: =0.25*(22/7)*((F81/1000)^2)*7850 -> 1.0423679 | T81: =S81*R81 -> 13.208135
S83: Berat Besi 1 Bh | T83: =SUM(T77:T82) -> 62.155728 | U83: Kg | V83: begesting
S84: Berat Besi 1 M3 | T84: =T83*N75 -> 195.09017 | U84: =+U83 -> Kg | V84: =((D75+F75)*2*H75/1000000)*N75 -> 3.9171375
B86: No | C86: Uraian | P86: Panjang | Q86: Jml. Tul | R86: Panjang Total | S86: Berat/M' | T86: Berat Total
B87: 5 | C87: 2 | P87: 3 | Q87: 4 | R87: 5 = 3 x 4 | S87: 6 | T87: 7 = 5 x 6
A89: 5 | B89: =B87 -> 5 | C89: ="Pondasi Poer P"&A89&" - ("&D89/10&" x "&F89/10&" x "&H89/10&" cm) - K-250 " -> Pondasi Poer P5 - (522,5 x 70 x 50 cm) - K-250 | D89: =(X90/F89)*1000 -> 5225 | E89: x | F89: 700 | G89: x | H89: 500 | I89: mm | J89: (P1) = | K89: =(F89*H89*D89)/1000000000 -> 1.82875 | L89: M3, | M89: 1 M3 (P1) = | N89: =1/K89 -> 0.5468216 | O89: BH
C90: Tul. Vertikal | X90: =((2.4*0.95)+(1.45*0.95))*1000 -> 3657.5
C91: Tulangan Bawah | E91: D | F91: 19 | G91: - | H91: 100 | I91: =I89 -> mm | P91: =((D89-(0.03*2))+(2*(H89-50)))/1000 -> 6.12494 | Q91: =FLOOR(F89/H91+1,1) -> 8 | R91: =Q91*P91 -> 48.99952 | S91: =0.25*(22/7)*((F91/1000)^2)*7850 -> 2.2265964 | T91: =S91*R91 -> 109.10216
C92: Tulangan Atas | E92: D | F92: 16 | G92: - | H92: 100 | I92: =I91 -> mm | P92: =((D89-(0.03*2))+(2*6*F92))/1000 -> 5.41694 | Q92: =FLOOR(F89/H92+1,1) -> 8 | R92: =Q92*P92 -> 43.33552 | S92: =0.25*(22/7)*((F92/1000)^2)*7850 -> 1.5789714 | T92: =S92*R92 -> 68.425548
C93: Tul. Horisontal
C94: =C91 -> Tulangan Bawah | E94: =E91 -> D | F94: 19 | G94: - | H94: 100 | I94: =I91 -> mm | P94: =((F89-(0.03*2))+(2*(H89-50)))/1000 -> 1.59994 | Q94: =FLOOR(D89/H94+1,1) -> 53 | R94: =Q94*P94 -> 84.79682 | S94: =0.25*(22/7)*((F94/1000)^2)*7850 -> 2.2265964 | T94: =S94*R94 -> 188.8083
C95: =C92 -> Tulangan Atas | E95: D | F95: 16 | G95: - | H95: 100 | I95: =I92 -> mm | P95: =((F89-(0.03*2))+(2*6*F95))/1000 -> 0.89194 | Q95: =FLOOR(D89/H95+1,1) -> 53 | R95: =Q95*P95 -> 47.27282 | S95: =0.25*(22/7)*((F95/1000)^2)*7850 -> 1.5789714 | T95: =S95*R95 -> 74.642432
S97: Berat Besi 1 Bh | T97: =SUM(T91:T96) -> 440.97843 | U97: Kg | V97: begesting
S98: Berat Besi 1 M3 | T98: =T97*N89 -> 241.13653 | U98: =+U97 -> Kg | V98: =((D89+F89)*2*H89/1000000)*N89 -> 3.239918
B100: No | C100: Uraian | P100: Panjang | Q100: Jml. Tul | R100: Panjang Total | S100: Berat/M' | T100: Berat Total
B101: 6 | C101: 2 | P101: 3 | Q101: 4 | R101: 5 = 3 x 4 | S101: 6 | T101: 7 = 5 x 6
A103: etempat | B103: =B101 -> 6 | C103: ="Pondasi Plat S"&A103&" - ("&D103/10&" x "&F103/10&" x "&H103/10&" cm) - K-250 " -> Pondasi Plat Setempat - (90 x 90 x 50 cm) - K-250 | D103: 900 | E103: x | F103: 900 | G103: x | H103: 500 | I103: mm | J103: (P1) = | K103: =(F103*H103*D103)/1000000000 -> 0.405 | L103: M3, | M103: 1 M3 (P1) = | N103: =1/K103 -> 2.4691358 | O103: BH
C104: Tul. Vertikal
C105: Tulangan Bawah | E105: D | F105: 19 | G105: - | H105: 100 | I105: =I103 -> mm | P105: =((D103-(0.03*2))+(2*(H103-50)))/1000 -> 1.79994 | Q105: =FLOOR(F103/H105+1,1) -> 10 | R105: =Q105*P105 -> 17.9994 | S105: =0.25*(22/7)*((F105/1000)^2)*7850 -> 2.2265964 | T105: =S105*R105 -> 40.0774
C106: Tulangan Atas | E106: D | F106: 16 | G106: - | H106: 100 | I106: =I105 -> mm | P106: =((D103-(0.03*2))+(2*6*F106))/1000 -> 1.09194 | Q106: =FLOOR(F103/H106+1,1) -> 10 | R106: =Q106*P106 -> 10.9194 | S106: =0.25*(22/7)*((F106/1000)^2)*7850 -> 1.5789714 | T106: =S106*R106 -> 17.241421
C107: Tul. Horisontal
C108: =C105 -> Tulangan Bawah | E108: =E105 -> D | F108: 19 | G108: - | H108: 100 | I108: =I105 -> mm | P108: =((F103-(0.03*2))+(2*(H103-50)))/1000 -> 1.79994 | Q108: =FLOOR(D103/H108+1,1) -> 10 | R108: =Q108*P108 -> 17.9994 | S108: =0.25*(22/7)*((F108/1000)^2)*7850 -> 2.2265964 | T108: =S108*R108 -> 40.0774
C109: =C106 -> Tulangan Atas | E109: D | F109: 16 | G109: - | H109: 100 | I109: =I106 -> mm | P109: =((F103-(0.03*2))+(2*6*F109))/1000 -> 1.09194 | Q109: =FLOOR(D103/H109+1,1) -> 10 | R109: =Q109*P109 -> 10.9194 | S109: =0.25*(22/7)*((F109/1000)^2)*7850 -> 1.5789714 | T109: =S109*R109 -> 17.241421
S111: Berat Besi 1 Bh | T111: =SUM(T105:T110) -> 114.63764 | U111: Kg | V111: begesting
S112: Berat Besi 1 M3 | T112: =T111*N103 -> 283.0559 | U112: =+U111 -> Kg | V112: =((D103+F103)*2*H103/1000000)*N103 -> 4.4444444

Sheet Kolom
A1: BERAT BESI PER M3
A4: No. | B4: Deskripsi | G4: Besi | J4: PANJANG (meter) | N4: Potongan | Q4: Jumlah | R4: Berat | T4: Ket.
G5: Jml | H5: Dia | I5: Jrk | J5: a | K5: b | L5: c | M5: d | N5: Panjang | O5: Jumlah | P5: Tipikal | Q5: Panjang | R5: Kg/m' | S5: Jml Berat
N6: ( m' ) | O6: ( bh ) | P6: ( bh ) | Q6: ( m' ) | S6: ( Kg )
C7: b | E7: h
A8: I | B8: Kolom 1 | C8: 0.15 | D8: x | E8: 0.35
A10: 1 | B10: Sengkang
B11: Tumpuan | D11: = | F11: =1/4 -> 0.25 | H11: 8 | I11: 125 | J11: =C8-0.04-0.04 -> 0.07 | K11: =E8-0.04-0.04 -> 0.27 | N11: =(J11+K11)*2 -> 0.68 | O11: =F11/(I11/1000) -> 2 | P11: 2 | Q11: =N11*O11*P11 -> 2.72 | R11: =(H11^2)*0.006165 -> 0.39456 | S11: =Q11*R11 -> 1.0732032
B13: Lapangan | D13: = | F13: =1/2 -> 0.5 | H13: 8 | I13: 125 | J13: =C8-0.04-0.04 -> 0.07 | K13: =E8-0.04-0.04 -> 0.27 | N13: =(J13+K13)*2 -> 0.68 | O13: =F13/(I13/1000) -> 4 | P13: 1 | Q13: =N13*O13*P13 -> 2.72 | R13: =(H13^2)*0.006165 -> 0.39456 | S13: =Q13*R13 -> 1.0732032
A16: 2 | B16: Tulangan utama | D16: = | G16: 6 | H16: 13 | J16: 1 | N16: 1 | O16: =G16 -> 6 | P16: 1 | Q16: =N16*O16*P16 -> 6 | R16: =(H16^2)*0.006165 -> 1.041885 | S16: =Q16*R16 -> 6.25131
H25: Ø | I25: 8 | N25: @ | O25: 12 | P25: m/ljr | Q25: =SUM(Q11:Q13)/O25 -> 0.45333333 | R25: Ljr | S25: =SUM(S11:S13) -> 2.1464064 | T25: kg
H26: D | I26: 13 | N26: @ | O26: 12 | P26: m/ljr | Q26: =Q16/O26 -> 0.5 | R26: Ljr | S26: =S16 -> 6.25131 | T26: kg
R28: Total Tulangan | S28: =SUM(S25:S26) -> 8.3977164 | T28: kg
F30: Meter | I30: = | J30: panjang | K30: / | L30: lebar | M30: x | N30: tinggi
I31: = | J31: 1 | K31: / | L31: =C8 -> 0.15 | M31: x | N31: =E8 -> 0.35
I32: = | J32: =J31/(L31*N31) -> 19.047619 | K32: m
F35: Bekesting | I35: = | J35: jumlah | K35: x | L35: panjang | M35: x | N35: lebar | O35: x | P35: sisi
I36: = | J36: 1 | K36: x | L36: 1 | M36: x | N36: =E8 -> 0.35 | O36: x | P36: 2
I37: = | J37: =J36*L36*N36*P36 -> 0.7 | K37: m2
F39: TOTAL PER M3
F40: - Besi | I40: = | J40: =S28*J32 -> 159.9565 | K40: kg
F41: - Bekesting | I41: = | J41: =J32*J37/2 -> 6.6666667 | K41: m2
A43: No. | B43: Deskripsi | G43: Besi | J43: PANJANG (meter) | N43: Potongan | Q43: Jumlah | R43: Berat | T43: Ket.
G44: Jml | H44: Dia | I44: Jrk | J44: a | K44: b | L44: c | M44: d | N44: Panjang | O44: Jumlah | P44: Tipikal | Q44: Panjang | R44: Kg/m' | S44: Jml Berat
N45: ( m' ) | O45: ( bh ) | P45: ( bh ) | Q45: ( m' ) | S45: ( Kg )
C46: b | E46: h
A47: I | B47: Kolom 2 | C47: 0.15 | D47: x | E47: 0.3
A49: 1 | B49: Sengkang
B50: Tumpuan | D50: = | F50: =1/4 -> 0.25 | H50: 8 | I50: 125 | J50: =C47-0.04-0.04 -> 0.07 | K50: =E47-0.04-0.04 -> 0.22 | N50: =(J50+K50)*2 -> 0.58 | O50: =F50/(I50/1000) -> 2 | P50: 2 | Q50: =N50*O50*P50 -> 2.32 | R50: =(H50^2)*0.006165 -> 0.39456 | S50: =Q50*R50 -> 0.9153792
B52: Lapangan | D52: = | F52: =1/2 -> 0.5 | H52: 8 | I52: 125 | J52: =C47-0.04-0.04 -> 0.07 | K52: =E47-0.04-0.04 -> 0.22 | N52: =(J52+K52)*2 -> 0.58 | O52: =F52/(I52/1000) -> 4 | P52: 1 | Q52: =N52*O52*P52 -> 2.32 | R52: =(H52^2)*0.006165 -> 0.39456 | S52: =Q52*R52 -> 0.9153792
A55: 2 | B55: Tulangan utama | D55: = | G55: 6 | H55: 13 | J55: 1 | N55: 1 | O55: =G55 -> 6 | P55: 1 | Q55: =N55*O55*P55 -> 6 | R55: =(H55^2)*0.006165 -> 1.041885 | S55: =Q55*R55 -> 6.25131
H64: Ø | I64: 8 | N64: @ | O64: 12 | P64: m/ljr | Q64: =SUM(Q50:Q52)/O64 -> 0.38666667 | R64: Ljr | S64: =SUM(S50:S52) -> 1.8307584 | T64: kg
H65: D | I65: 13 | N65: @ | O65: 12 | P65: m/ljr | Q65: =Q55/O65 -> 0.5 | R65: Ljr | S65: =S55 -> 6.25131 | T65: kg
R67: Total Tulangan | S67: =SUM(S64:S65) -> 8.0820684 | T67: kg
F69: Meter | I69: = | J69: panjang | K69: / | L69: lebar | M69: x | N69: tinggi
I70: = | J70: 1 | K70: / | L70: =C47 -> 0.15 | M70: x | N70: =E47 -> 0.3
I71: = | J71: =J70/(L70*N70) -> 22.222222 | K71: m
F74: Bekesting | I74: = | J74: jumlah | K74: x | L74: panjang | M74: x | N74: lebar | O74: x | P74: sisi
I75: = | J75: 1 | K75: x | L75: 1 | M75: x | N75: =E47 -> 0.3 | O75: x | P75: 2
I76: = | J76: =J75*L75*N75*P75 -> 0.6 | K76: m2
F78: TOTAL PER M3
F79: - Besi | I79: = | J79: =S67*J71 -> 179.60152 | K79: kg
F80: - Bekesting | I80: = | J80: =J71*J76/2 -> 6.6666667 | K80: m2
