Workbook

Sheet Dashboard
B2: DASBOR
B4: Bulan | C4: Minggu 1 | E4: Minggu 2 | G4: Minggu 3 | I4: Minggu 4 | K4: Minggu 5 | N4: Bulanan
C5: Jam | D5: Membayar | E5: Jam | F5: Membayar | G5: Jam | H5: Membayar | I5: Jam | J5: Membayar | K5: Jam | L5: Membayar | N5: Jam | O5: Membayar
B6: April | C6: ='Data '!G18 -> 29.041667 | D6: ='Data '!H18 -> 1016.4583 | E6: ='Data '!G28 -> 73.041667 | F6: ='Data '!H28 -> 2556.4583 | G6: ='Data '!G38 -> 72.791667 | H6: ='Data '!H38 -> 2547.7083 | I6: ='Data '!G48 -> 73 | J6: ='Data '!H48 -> 2555 | K6: ='Data '!G58 -> 52.375 | L6: ='Data '!H58 -> 1833.125 | N6: =C6+E6+G6+K6+I6 -> 300.25 | O6: =D6+F6+H6+L6+J6 -> 10508.75
B7: May | C7: ='Data '!P18 -> 82.708333 | D7: ='Data '!Q18 -> 2894.7917 | E7: ='Data '!P28 -> 67.541667 | F7: ='Data '!Q28 -> 2363.9583 | G7: ='Data '!P38 -> 67.541667 | H7: ='Data '!Q38 -> 2363.9583 | I7: ='Data '!P48 -> 73 | J7: ='Data '!Q48 -> 2555 | K7: ='Data '!P58 -> 18.083333 | L7: ='Data '!Q58 -> 632.91667 | N7: =C7+E7+G7+K7+I7 -> 308.875 | O7: =D7+F7+H7+L7+J7 -> 10810.625
B8: June | C8: ='Data '!G68 -> 48.458333 | D8: ='Data '!H68 -> 1696.0417 | E8: ='Data '!G78 -> 73.041667 | F8: ='Data '!H78 -> 2556.4583 | G8: ='Data '!G88 -> 72.791667 | H8: ='Data '!H88 -> 2547.7083 | I8: ='Data '!G98 -> 73 | J8: ='Data '!H98 -> 2555 | K8: ='Data '!G108 -> 37.791667 | L8: ='Data '!H108 -> 1322.7083 | N8: =C8+E8+G8+K8+I8 -> 305.08333 | O8: =D8+F8+H8+L8+J8 -> 10677.917
B9: July | C9: ='Data '!P68 -> 29.291667 | D9: ='Data '!Q68 -> 1025.2083 | E9: ='Data '!P78 -> 73.041667 | F9: ='Data '!Q78 -> 2556.4583 | G9: ='Data '!P88 -> 72.791667 | H9: ='Data '!Q88 -> 2547.7083 | I9: ='Data '!P98 -> 73 | J9: ='Data '!Q98 -> 2555 | K9: ='Data '!P108 -> 60.75 | L9: ='Data '!Q108 -> 2126.25 | N9: =C9+E9+G9+K9+I9 -> 308.875 | O9: =D9+F9+H9+L9+J9 -> 10810.625
B10: August | C10: ='Data '!G118 -> 67.875 | D10: ='Data '!H118 -> 2375.625 | E10: ='Data '!G128 -> 73.041667 | F10: ='Data '!H128 -> 2556.4583 | G10: ='Data '!G138 -> 72.791667 | H10: ='Data '!H138 -> 2547.7083 | I10: ='Data '!G148 -> 73 | J10: ='Data '!H148 -> 2555 | K10: ='Data '!G158 -> 29.291667 | L10: ='Data '!H158 -> 1025.2083 | N10: =C10+E10+G10+K10+I10 -> 316 | O10: =D10+F10+H10+L10+J10 -> 11060
B11: September | C11: ='Data '!P118 -> 37.791667 | D11: ='Data '!Q118 -> 1322.7083 | E11: ='Data '!P128 -> 74.208333 | F11: ='Data '!Q128 -> 2597.2917 | G11: ='Data '!P138 -> 73.041667 | H11: ='Data '!Q138 -> 2556.4583 | I11: ='Data '!P148 -> 73 | J11: ='Data '!Q148 -> 2555 | K11: ='Data '!P158 -> 41.791667 | L11: ='Data '!Q158 -> 1462.7083 | N11: =C11+E11+G11+K11+I11 -> 299.83333 | O11: =D11+F11+H11+L11+J11 -> 10494.167
B12: October | C12: ='Data '!G168 -> 19.333333 | D12: ='Data '!H168 -> 676.66667 | E12: ='Data '!G178 -> 67.375 | F12: ='Data '!H178 -> 2358.125 | G12: ='Data '!G188 -> 67.541667 | H12: ='Data '!H188 -> 2363.9583 | I12: ='Data '!G198 -> 73.666667 | J12: ='Data '!H198 -> 2578.3333 | K12: ='Data '!G209 -> 85.666667 | L12: ='Data '!H209 -> 2998.3333 | N12: =C12+E12+G12+K12+I12 -> 313.58333 | O12: =D12+F12+H12+L12+J12 -> 10975.417
B13: November | C13: ='Data '!P168 -> 58.291667 | D13: ='Data '!Q168 -> 2040.2083 | E13: ='Data '!P178 -> 73.041667 | F13: ='Data '!Q178 -> 2556.4583 | G13: ='Data '!P188 -> 72.791667 | H13: ='Data '!Q188 -> 2547.7083 | I13: ='Data '!P198 -> 73 | J13: ='Data '!Q198 -> 2555 | K13: ='Data '!P209 -> 28.083333 | L13: ='Data '!Q209 -> 982.91667 | N13: =C13+E13+G13+K13+I13 -> 305.20833 | O13: =D13+F13+H13+L13+J13 -> 10682.292
B14: December | C14: ='Data '!G220 -> 38.666667 | D14: ='Data '!H220 -> 1353.3333 | E14: ='Data '!G230 -> 67.375 | F14: ='Data '!H230 -> 2358.125 | G14: ='Data '!G240 -> 67.541667 | H14: ='Data '!H240 -> 2363.9583 | I14: ='Data '!G250 -> 73.666667 | J14: ='Data '!H250 -> 2578.3333 | K14: ='Data '!G260 -> 68.666667 | L14: ='Data '!H260 -> 2403.3333 | N14: =C14+E14+G14+K14+I14 -> 315.91667 | O14: =D14+F14+H14+L14+J14 -> 11057.083
B15: January | C15: ='Data '!P220 -> 77.625 | D15: ='Data '!Q220 -> 2716.875 | E15: ='Data '!P230 -> 73.041667 | F15: ='Data '!Q230 -> 2556.4583 | G15: ='Data '!P240 -> 72.791667 | H15: ='Data '!Q240 -> 2547.7083 | I15: ='Data '!P250 -> 73 | J15: ='Data '!Q250 -> 2555 | K15: ='Data '!P260 -> 19.583333 | L15: ='Data '!Q260 -> 685.41667 | N15: =C15+E15+G15+K15+I15 -> 316.04167 | O15: =D15+F15+H15+L15+J15 -> 11061.458

Sheet Data 
B2: Nama : | G2: Departemen
B3: Alamat email : | G3: Judul :
B4: Tarif per Jam | C4: 35 | G4: Perusahaan :
B5: Occupancy | G5: Supervisor:
B8: MINGGU NO. 01 | H8: 1st April to 3rd April | K8: MINGGU NO. 01 | Q8: 1st May to 8th May
B9: Tanggal | C9: Hari | D9: Time In | E9: Lunch | F9: Time Out | G9: Total Jam | H9: Bayar Diperoleh | I9: Accomplishments | K9: Tanggal | L9: Hari | M9: Time In | N9: Lunch | O9: Time Out | P9: Total Jam | Q9: Bayar Diperoleh | R9: Accomplishments
B10: 44652 | C10: =TEXT(B10,"dddd") -> Friday | D10: 0.25 | E10: 0.33333333 | F10: 0.66666667 | G10: =((F10-D10)*24)-E10 -> 9.6666667 | H10: =$C$4*G10 -> 338.33333 | K10: 44682 | L10: =TEXT(K10,"dddd") -> Sunday | M10: 0.25 | N10: 0.29166667 | O10: 0.66666667 | P10: =((O10-M10)*24)-N10 -> 9.7083333 | Q10: =$C$4*P10 -> 339.79167
B11: =B10+1 -> 44653 | C11: =TEXT(B11,"dddd") -> Saturday | D11: 0.25 | E11: 0.33333333 | F11: 0.66666667 | G11: =((F11-D11)*24)-E11 -> 9.6666667 | H11: =$C$4*G11 -> 338.33333 | K11: =K10+1 -> 44683 | L11: =TEXT(K11,"dddd") -> Monday | M11: 0.29166667 | N11: 0.33333333 | O11: 0.71875 | P11: =((O11-M11)*24)-N11 -> 9.9166667 | Q11: =$C$4*P11 -> 347.08333
B12: =B11+1 -> 44654 | C12: =TEXT(B12,"dddd") -> Sunday | D12: 0.25 | E12: 0.29166667 | F12: 0.66666667 | G12: =((F12-D12)*24)-E12 -> 9.7083333 | H12: =$C$4*G12 -> 339.79167 | K12: =K11+1 -> 44684 | L12: =TEXT(K12,"dddd") -> Tuesday | M12: 0.25 | N12: 0.33333333 | O12: 0.66666667 | P12: =((O12-M12)*24)-N12 -> 9.6666667 | Q12: =$C$4*P12 -> 338.33333
K13: =K12+1 -> 44685 | L13: =TEXT(K13,"dddd") -> Wednesday | M13: 0.375 | N13: 0.33333333 | O13: 0.74305556 | P13: =((O13-M13)*24)-N13 -> 8.5 | Q13: =$C$4*P13 -> 297.5
K14: =K13+1 -> 44686 | L14: =TEXT(K14,"dddd") -> Thursday | M14: 0.41666667 | N14: 0.45833333 | O14: 0.66666667 | P14: =((O14-M14)*24)-N14 -> 5.5416667 | Q14: =$C$4*P14 -> 193.95833
K15: =K14+1 -> 44687 | L15: =TEXT(K15,"dddd") -> Friday | M15: 0.35416667 | N15: 0.45833333 | O15: 0.75 | P15: =((O15-M15)*24)-N15 -> 9.0416667 | Q15: =$C$4*P15 -> 316.45833
K16: =K15+1 -> 44688 | L16: =TEXT(K16,"dddd") -> Saturday | M16: 0.27083333 | N16: 0.33333333 | O16: 0.91666667 | P16: =((O16-M16)*24)-N16 -> 15.166667 | Q16: =$C$4*P16 -> 530.83333
K17: =K16+1 -> 44689 | L17: =TEXT(K17,"dddd") -> Sunday | M17: 0.27083333 | N17: 0.33333333 | O17: 0.91666667 | P17: =((O17-M17)*24)-N17 -> 15.166667 | Q17: =$C$4*P17 -> 530.83333
B18: Total | G18: =SUM(G10:G17) -> 29.041667 | H18: =SUM(H10:H17) -> 1016.4583 | K18: Total | P18: =SUM(P10:P17) -> 82.708333 | Q18: =SUM(Q10:Q17) -> 2894.7917
B19: MINGGU NO. 02 | H19: 4th Apr to 10th April | K19: MINGGU NO. 02 | Q19: 9th May to 15th May
B20: Tanggal | C20: Hari | D20: Time In | E20: Lunch | F20: Time Out | G20: Total Jam | H20: Bayar Diperoleh | I20: Accomplishments | K20: Tanggal | L20: Hari | M20: Time In | N20: Lunch | O20: Time Out | P20: Total Jam | Q20: Bayar Diperoleh | R20: Accomplishments
B21: =B12+1 -> 44655 | C21: =TEXT(B21,"dddd") -> Monday | D21: 0.375 | E21: 0.33333333 | F21: 0.74305556 | G21: =((F21-D21)*24)-E21 -> 8.5 | H21: =$C$4*G21 -> 297.5 | K21: =K17+1 -> 44690 | L21: =TEXT(K21,"dddd") -> Monday | M21: 0.25 | N21: 0.29166667 | O21: 0.66666667 | P21: =((O21-M21)*24)-N21 -> 9.7083333 | Q21: =$C$4*P21 -> 339.79167
B22: =B21+1 -> 44656 | C22: =TEXT(B22,"dddd") -> Tuesday | D22: 0.41666667 | E22: 0.45833333 | F22: 0.66666667 | G22: =((F22-D22)*24)-E22 -> 5.5416667 | H22: =$C$4*G22 -> 193.95833 | K22: =K21+1 -> 44691 | L22: =TEXT(K22,"dddd") -> Tuesday | M22: 0.29166667 | N22: 0.33333333 | O22: 0.71875 | P22: =((O22-M22)*24)-N22 -> 9.9166667 | Q22: =$C$4*P22 -> 347.08333
B23: =B22+1 -> 44657 | C23: =TEXT(B23,"dddd") -> Wednesday | D23: 0.35416667 | E23: 0.45833333 | F23: 0.75 | G23: =((F23-D23)*24)-E23 -> 9.0416667 | H23: =$C$4*G23 -> 316.45833 | K23: =K22+1 -> 44692 | L23: =TEXT(K23,"dddd") -> Wednesday | M23: 0.25 | N23: 0.33333333 | O23: 0.66666667 | P23: =((O23-M23)*24)-N23 -> 9.6666667 | Q23: =$C$4*P23 -> 338.33333
B24: =B23+1 -> 44658 | C24: =TEXT(B24,"dddd") -> Thursday | D24: 0.27083333 | E24: 0.33333333 | F24: 0.91666667 | G24: =((F24-D24)*24)-E24 -> 15.166667 | H24: =$C$4*G24 -> 530.83333 | K24: =K23+1 -> 44693 | L24: =TEXT(K24,"dddd") -> Thursday | M24: 0.375 | N24: 0.33333333 | O24: 0.74305556 | P24: =((O24-M24)*24)-N24 -> 8.5 | Q24: =$C$4*P24 -> 297.5
B25: =B24+1 -> 44659 | C25: =TEXT(B25,"dddd") -> Friday | D25: 0.27083333 | E25: 0.33333333 | F25: 0.91666667 | G25: =((F25-D25)*24)-E25 -> 15.166667 | H25: =$C$4*G25 -> 530.83333 | K25: =K24+1 -> 44694 | L25: =TEXT(K25,"dddd") -> Friday | M25: 0.41666667 | N25: 0.45833333 | O25: 0.66666667 | P25: =((O25-M25)*24)-N25 -> 5.5416667 | Q25: =$C$4*P25 -> 193.95833
B26: =B25+1 -> 44660 | C26: =TEXT(B26,"dddd") -> Saturday | D26: 0.25 | E26: 0.29166667 | F26: 0.66666667 | G26: =((F26-D26)*24)-E26 -> 9.7083333 | H26: =$C$4*G26 -> 339.79167 | K26: =K25+1 -> 44695 | L26: =TEXT(K26,"dddd") -> Saturday | M26: 0.35416667 | N26: 0.45833333 | O26: 0.75 | P26: =((O26-M26)*24)-N26 -> 9.0416667 | Q26: =$C$4*P26 -> 316.45833
B27: =B26+1 -> 44661 | C27: =TEXT(B27,"dddd") -> Sunday | D27: 0.29166667 | E27: 0.33333333 | F27: 0.71875 | G27: =((F27-D27)*24)-E27 -> 9.9166667 | H27: =$C$4*G27 -> 347.08333 | K27: =K26+1 -> 44696 | L27: =TEXT(K27,"dddd") -> Sunday | M27: 0.27083333 | N27: 0.33333333 | O27: 0.91666667 | P27: =((O27-M27)*24)-N27 -> 15.166667 | Q27: =$C$4*P27 -> 530.83333
B28: Total | G28: =SUM(G21:G27) -> 73.041667 | H28: =SUM(H21:H27) -> 2556.4583 | K28: Total | P28: =SUM(P21:P27) -> 67.541667 | Q28: =SUM(Q21:Q27) -> 2363.9583
B29: MINGGU NO. 03 | H29: 11th Apr to 17th April | K29: MINGGU NO. 03 | Q29: 16th May to 22nd May
B30: Tanggal | C30: Hari | D30: Time In | E30: Lunch | F30: Time Out | G30: Total Jam | H30: Bayar Diperoleh | I30: Accomplishments | K30: Tanggal | L30: Hari | M30: Time In | N30: Lunch | O30: Time Out | P30: Total Jam | Q30: Bayar Diperoleh | R30: Accomplishments
B31: =B27+1 -> 44662 | C31: =TEXT(B31,"dddd") -> Monday | D31: 0.25 | E31: 0.33333333 | F31: 0.66666667 | G31: =((F31-D31)*24)-E31 -> 9.6666667 | H31: =$C$4*G31 -> 338.33333 | K31: =K27+1 -> 44697 | L31: =TEXT(K31,"dddd") -> Monday | M31: 0.27083333 | N31: 0.33333333 | O31: 0.91666667 | P31: =((O31-M31)*24)-N31 -> 15.166667 | Q31: =$C$4*P31 -> 530.83333
B32: =B31+1 -> 44663 | C32: =TEXT(B32,"dddd") -> Tuesday | D32: 0.375 | E32: 0.33333333 | F32: 0.74305556 | G32: =((F32-D32)*24)-E32 -> 8.5 | H32: =$C$4*G32 -> 297.5 | K32: =K31+1 -> 44698 | L32: =TEXT(K32,"dddd") -> Tuesday | M32: 0.25 | N32: 0.29166667 | O32: 0.66666667 | P32: =((O32-M32)*24)-N32 -> 9.7083333 | Q32: =$C$4*P32 -> 339.79167
B33: =B32+1 -> 44664 | C33: =TEXT(B33,"dddd") -> Wednesday | D33: 0.41666667 | E33: 0.45833333 | F33: 0.66666667 | G33: =((F33-D33)*24)-E33 -> 5.5416667 | H33: =$C$4*G33 -> 193.95833 | K33: =K32+1 -> 44699 | L33: =TEXT(K33,"dddd") -> Wednesday | M33: 0.29166667 | N33: 0.33333333 | O33: 0.71875 | P33: =((O33-M33)*24)-N33 -> 9.9166667 | Q33: =$C$4*P33 -> 347.08333
B34: =B33+1 -> 44665 | C34: =TEXT(B34,"dddd") -> Thursday | D34: 0.35416667 | E34: 0.45833333 | F34: 0.75 | G34: =((F34-D34)*24)-E34 -> 9.0416667 | H34: =$C$4*G34 -> 316.45833 | K34: =K33+1 -> 44700 | L34: =TEXT(K34,"dddd") -> Thursday | M34: 0.25 | N34: 0.33333333 | O34: 0.66666667 | P34: =((O34-M34)*24)-N34 -> 9.6666667 | Q34: =$C$4*P34 -> 338.33333
B35: =B34+1 -> 44666 | C35: =TEXT(B35,"dddd") -> Friday | D35: 0.27083333 | E35: 0.33333333 | F35: 0.91666667 | G35: =((F35-D35)*24)-E35 -> 15.166667 | H35: =$C$4*G35 -> 530.83333 | K35: =K34+1 -> 44701 | L35: =TEXT(K35,"dddd") -> Friday | M35: 0.375 | N35: 0.33333333 | O35: 0.74305556 | P35: =((O35-M35)*24)-N35 -> 8.5 | Q35: =$C$4*P35 -> 297.5
B36: =B35+1 -> 44667 | C36: =TEXT(B36,"dddd") -> Saturday | D36: 0.27083333 | E36: 0.33333333 | F36: 0.91666667 | G36: =((F36-D36)*24)-E36 -> 15.166667 | H36: =$C$4*G36 -> 530.83333 | K36: =K35+1 -> 44702 | L36: =TEXT(K36,"dddd") -> Saturday | M36: 0.41666667 | N36: 0.45833333 | O36: 0.66666667 | P36: =((O36-M36)*24)-N36 -> 5.5416667 | Q36: =$C$4*P36 -> 193.95833
B37: =B36+1 -> 44668 | C37: =TEXT(B37,"dddd") -> Sunday | D37: 0.25 | E37: 0.29166667 | F37: 0.66666667 | G37: =((F37-D37)*24)-E37 -> 9.7083333 | H37: =$C$4*G37 -> 339.79167 | K37: =K36+1 -> 44703 | L37: =TEXT(K37,"dddd") -> Sunday | M37: 0.35416667 | N37: 0.45833333 | O37: 0.75 | P37: =((O37-M37)*24)-N37 -> 9.0416667 | Q37: =$C$4*P37 -> 316.45833
B38: Total | G38: =SUM(G31:G37) -> 72.791667 | H38: =SUM(H31:H37) -> 2547.7083 | K38: Total | P38: =SUM(P31:P37) -> 67.541667 | Q38: =SUM(Q31:Q37) -> 2363.9583
B39: WEEK NO. 04 | H39: 18th Apr to 24th April | K39: WEEK NO. 04 | Q39: 23rd May to 29th May
B40: Tanggal | C40: Hari | D40: Time In | E40: Lunch | F40: Time Out | G40: Total Jam | H40: Bayar Diperoleh | I40: Accomplishments | K40: Tanggal | L40: Hari | M40: Time In | N40: Lunch | O40: Time Out | P40: Total Jam | Q40: Bayar Diperoleh | R40: Accomplishments
B41: =B37+1 -> 44669 | C41: =TEXT(B41,"dddd") -> Monday | D41: 0.29166667 | E41: 0.33333333 | F41: 0.71875 | G41: =((F41-D41)*24)-E41 -> 9.9166667 | H41: =$C$4*G41 -> 347.08333 | K41: =K37+1 -> 44704 | L41: =TEXT(K41,"dddd") -> Monday | M41: 0.27083333 | N41: 0.33333333 | O41: 0.91666667 | P41: =((O41-M41)*24)-N41 -> 15.166667 | Q41: =$C$4*P41 -> 530.83333
B42: =B41+1 -> 44670 | C42: =TEXT(B42,"dddd") -> Tuesday | D42: 0.25 | E42: 0.33333333 | F42: 0.66666667 | G42: =((F42-D42)*24)-E42 -> 9.6666667 | H42: =$C$4*G42 -> 338.33333 | K42: =K41+1 -> 44705 | L42: =TEXT(K42,"dddd") -> Tuesday | M42: 0.27083333 | N42: 0.33333333 | O42: 0.91666667 | P42: =((O42-M42)*24)-N42 -> 15.166667 | Q42: =$C$4*P42 -> 530.83333
B43: =B42+1 -> 44671 | C43: =TEXT(B43,"dddd") -> Wednesday | D43: 0.375 | E43: 0.33333333 | F43: 0.74305556 | G43: =((F43-D43)*24)-E43 -> 8.5 | H43: =$C$4*G43 -> 297.5 | K43: =K42+1 -> 44706 | L43: =TEXT(K43,"dddd") -> Wednesday | M43: 0.29166667 | N43: 0.33333333 | O43: 0.71875 | P43: =((O43-M43)*24)-N43 -> 9.9166667 | Q43: =$C$4*P43 -> 347.08333
B44: =B43+1 -> 44672 | C44: =TEXT(B44,"dddd") -> Thursday | D44: 0.41666667 | E44: 0.45833333 | F44: 0.66666667 | G44: =((F44-D44)*24)-E44 -> 5.5416667 | H44: =$C$4*G44 -> 193.95833 | K44: =K43+1 -> 44707 | L44: =TEXT(K44,"dddd") -> Thursday | M44: 0.25 | N44: 0.33333333 | O44: 0.66666667 | P44: =((O44-M44)*24)-N44 -> 9.6666667 | Q44: =$C$4*P44 -> 338.33333
B45: =B44+1 -> 44673 | C45: =TEXT(B45,"dddd") -> Friday | D45: 0.35416667 | E45: 0.45833333 | F45: 0.75 | G45: =((F45-D45)*24)-E45 -> 9.0416667 | H45: =$C$4*G45 -> 316.45833 | K45: =K44+1 -> 44708 | L45: =TEXT(K45,"dddd") -> Friday | M45: 0.375 | N45: 0.33333333 | O45: 0.74305556 | P45: =((O45-M45)*24)-N45 -> 8.5 | Q45: =$C$4*P45 -> 297.5
B46: =B45+1 -> 44674 | C46: =TEXT(B46,"dddd") -> Saturday | D46: 0.27083333 | E46: 0.33333333 | F46: 0.91666667 | G46: =((F46-D46)*24)-E46 -> 15.166667 | H46: =$C$4*G46 -> 530.83333 | K46: =K45+1 -> 44709 | L46: =TEXT(K46,"dddd") -> Saturday | M46: 0.41666667 | N46: 0.45833333 | O46: 0.66666667 | P46: =((O46-M46)*24)-N46 -> 5.5416667 | Q46: =$C$4*P46 -> 193.95833
B47: =B46+1 -> 44675 | C47: =TEXT(B47,"dddd") -> Sunday | D47: 0.27083333 | E47: 0.33333333 | F47: 0.91666667 | G47: =((F47-D47)*24)-E47 -> 15.166667 | H47: =$C$4*G47 -> 530.83333 | K47: =K46+1 -> 44710 | L47: =TEXT(K47,"dddd") -> Sunday | M47: 0.35416667 | N47: 0.45833333 | O47: 0.75 | P47: =((O47-M47)*24)-N47 -> 9.0416667 | Q47: =$C$4*P47 -> 316.45833
B48: Total | G48: =SUM(G41:G47) -> 73 | H48: =SUM(H41:H47) -> 2555 | K48: Total | P48: =SUM(P41:P47) -> 73 | Q48: =SUM(Q41:Q47) -> 2555
B49: WEEK NO. 05 | H49: 25th Apr to 30th April | K49: WEEK NO. 05 | Q49: 30th May to 31st May
B50: Tanggal | C50: Hari | D50: Time In | E50: Lunch | F50: Time Out | G50: Total Jam | H50: Bayar Diperoleh | I50: Accomplishments | K50: Tanggal | L50: Hari | M50: Time In | N50: Lunch | O50: Time Out | P50: Total Jam | Q50: Bayar Diperoleh | R50: Accomplishments
B51: =B47+1 -> 44676 | C51: =TEXT(B51,"dddd") -> Monday | D51: 0.25 | E51: 0.29166667 | F51: 0.66666667 | G51: =((F51-D51)*24)-E51 -> 9.7083333 | H51: =$C$4*G51 -> 339.79167 | K51: =K47+1 -> 44711 | L51: =TEXT(K51,"dddd") -> Monday | M51: 0.35416667 | N51: 0.45833333 | O51: 0.75 | P51: =((O51-M51)*24)-N51 -> 9.0416667 | Q51: =$C$4*P51 -> 316.45833
B52: =B51+1 -> 44677 | C52: =TEXT(B52,"dddd") -> Tuesday | D52: 0.29166667 | E52: 0.33333333 | F52: 0.71875 | G52: =((F52-D52)*24)-E52 -> 9.9166667 | H52: =$C$4*G52 -> 347.08333 | K52: =K51+1 -> 44712 | L52: =TEXT(K52,"dddd") -> Tuesday | M52: 0.35416667 | N52: 0.45833333 | O52: 0.75 | P52: =((O52-M52)*24)-N52 -> 9.0416667 | Q52: =$C$4*P52 -> 316.45833
B53: =B52+1 -> 44678 | C53: =TEXT(B53,"dddd") -> Wednesday | D53: 0.25 | E53: 0.33333333 | F53: 0.66666667 | G53: =((F53-D53)*24)-E53 -> 9.6666667 | H53: =$C$4*G53 -> 338.33333
B54: =B53+1 -> 44679 | C54: =TEXT(B54,"dddd") -> Thursday | D54: 0.375 | E54: 0.33333333 | F54: 0.74305556 | G54: =((F54-D54)*24)-E54 -> 8.5 | H54: =$C$4*G54 -> 297.5
B55: =B54+1 -> 44680 | C55: =TEXT(B55,"dddd") -> Friday | D55: 0.41666667 | E55: 0.45833333 | F55: 0.66666667 | G55: =((F55-D55)*24)-E55 -> 5.5416667 | H55: =$C$4*G55 -> 193.95833
B56: =B55+1 -> 44681 | C56: =TEXT(B56,"dddd") -> Saturday | D56: 0.35416667 | E56: 0.45833333 | F56: 0.75 | G56: =((F56-D56)*24)-E56 -> 9.0416667 | H56: =$C$4*G56 -> 316.45833
B58: Total | G58: =SUM(G51:G57) -> 52.375 | H58: =SUM(H51:H57) -> 1833.125 | K58: Total | P58: =SUM(P51:P57) -> 18.083333 | Q58: =SUM(Q51:Q57) -> 632.91667
B59: WEEK NO. 01 | H59: 1st June to 5th June | K59: WEEK NO. 01 | Q59: 1st July to 3rd July
B60: Tanggal | C60: Hari | D60: Time In | E60: Lunch | F60: Time Out | G60: Total Jam | H60: Bayar Diperoleh | I60: Accomplishments | K60: Tanggal | L60: Hari | M60: Time In | N60: Lunch | O60: Time Out | P60: Total Jam | Q60: Bayar Diperoleh | R60: Accomplishments
B61: 44713 | C61: =TEXT(B61,"dddd") -> Wednesday | D61: 0.25 | E61: 0.33333333 | F61: 0.66666667 | G61: =((F61-D61)*24)-E61 -> 9.6666667 | H61: =$C$4*G61 -> 338.33333 | K61: 44743 | L61: =TEXT(K61,"dddd") -> Friday | M61: 0.25 | N61: 0.29166667 | O61: 0.66666667 | P61: =((O61-M61)*24)-N61 -> 9.7083333 | Q61: =$C$4*P61 -> 339.79167
B62: =B61+1 -> 44714 | C62: =TEXT(B62,"dddd") -> Thursday | D62: 0.25 | E62: 0.33333333 | F62: 0.66666667 | G62: =((F62-D62)*24)-E62 -> 9.6666667 | H62: =$C$4*G62 -> 338.33333 | K62: =K61+1 -> 44744 | L62: =TEXT(K62,"dddd") -> Saturday | M62: 0.29166667 | N62: 0.33333333 | O62: 0.71875 | P62: =((O62-M62)*24)-N62 -> 9.9166667 | Q62: =$C$4*P62 -> 347.08333
B63: =B62+1 -> 44715 | C63: =TEXT(B63,"dddd") -> Friday | D63: 0.25 | E63: 0.29166667 | F63: 0.66666667 | G63: =((F63-D63)*24)-E63 -> 9.7083333 | H63: =$C$4*G63 -> 339.79167 | K63: =K62+1 -> 44745 | L63: =TEXT(K63,"dddd") -> Sunday | M63: 0.25 | N63: 0.33333333 | O63: 0.66666667 | P63: =((O63-M63)*24)-N63 -> 9.6666667 | Q63: =$C$4*P63 -> 338.33333
B64: =B63+1 -> 44716 | C64: =TEXT(B64,"dddd") -> Saturday | D64: 0.25 | E64: 0.29166667 | F64: 0.66666667 | G64: =((F64-D64)*24)-E64 -> 9.7083333 | H64: =$C$4*G64 -> 339.79167
B65: =B64+1 -> 44717 | C65: =TEXT(B65,"dddd") -> Sunday | D65: 0.25 | E65: 0.29166667 | F65: 0.66666667 | G65: =((F65-D65)*24)-E65 -> 9.7083333 | H65: =$C$4*G65 -> 339.79167
B68: Total | G68: =SUM(G61:G67) -> 48.458333 | H68: =SUM(H61:H67) -> 1696.0417 | K68: Total | P68: =SUM(P61:P67) -> 29.291667 | Q68: =SUM(Q61:Q67) -> 1025.2083
B69: WEEK NO. 02 | H69: 6th June to 12th June | K69: WEEK NO. 02 | Q69: 4th July to 10th July
B70: Tanggal | C70: Hari | D70: Time In | E70: Lunch | F70: Time Out | G70: Total Jam | H70: Bayar Diperoleh | I70: Accomplishments | K70: Tanggal | L70: Hari | M70: Time In | N70: Lunch | O70: Time Out | P70: Total Jam | Q70: Bayar Diperoleh | R70: Accomplishments
B71: =B65+1 -> 44718 | C71: =TEXT(B71,"dddd") -> Monday | D71: 0.375 | E71: 0.33333333 | F71: 0.74305556 | G71: =((F71-D71)*24)-E71 -> 8.5 | H71: =$C$4*G71 -> 297.5 | K71: =K63+1 -> 44746 | L71: =TEXT(K71,"dddd") -> Monday | M71: 0.375 | N71: 0.33333333 | O71: 0.74305556 | P71: =((O71-M71)*24)-N71 -> 8.5 | Q71: =$C$4*P71 -> 297.5
B72: =B71+1 -> 44719 | C72: =TEXT(B72,"dddd") -> Tuesday | D72: 0.41666667 | E72: 0.45833333 | F72: 0.66666667 | G72: =((F72-D72)*24)-E72 -> 5.5416667 | H72: =$C$4*G72 -> 193.95833 | K72: =K71+1 -> 44747 | L72: =TEXT(K72,"dddd") -> Tuesday | M72: 0.41666667 | N72: 0.45833333 | O72: 0.66666667 | P72: =((O72-M72)*24)-N72 -> 5.5416667 | Q72: =$C$4*P72 -> 193.95833
B73: =B72+1 -> 44720 | C73: =TEXT(B73,"dddd") -> Wednesday | D73: 0.35416667 | E73: 0.45833333 | F73: 0.75 | G73: =((F73-D73)*24)-E73 -> 9.0416667 | H73: =$C$4*G73 -> 316.45833 | K73: =K72+1 -> 44748 | L73: =TEXT(K73,"dddd") -> Wednesday | M73: 0.35416667 | N73: 0.45833333 | O73: 0.75 | P73: =((O73-M73)*24)-N73 -> 9.0416667 | Q73: =$C$4*P73 -> 316.45833
B74: =B73+1 -> 44721 | C74: =TEXT(B74,"dddd") -> Thursday | D74: 0.27083333 | E74: 0.33333333 | F74: 0.91666667 | G74: =((F74-D74)*24)-E74 -> 15.166667 | H74: =$C$4*G74 -> 530.83333 | K74: =K73+1 -> 44749 | L74: =TEXT(K74,"dddd") -> Thursday | M74: 0.27083333 | N74: 0.33333333 | O74: 0.91666667 | P74: =((O74-M74)*24)-N74 -> 15.166667 | Q74: =$C$4*P74 -> 530.83333
B75: =B74+1 -> 44722 | C75: =TEXT(B75,"dddd") -> Friday | D75: 0.27083333 | E75: 0.33333333 | F75: 0.91666667 | G75: =((F75-D75)*24)-E75 -> 15.166667 | H75: =$C$4*G75 -> 530.83333 | K75: =K74+1 -> 44750 | L75: =TEXT(K75,"dddd") -> Friday | M75: 0.27083333 | N75: 0.33333333 | O75: 0.91666667 | P75: =((O75-M75)*24)-N75 -> 15.166667 | Q75: =$C$4*P75 -> 530.83333
B76: =B75+1 -> 44723 | C76: =TEXT(B76,"dddd") -> Saturday | D76: 0.25 | E76: 0.29166667 | F76: 0.66666667 | G76: =((F76-D76)*24)-E76 -> 9.7083333 | H76: =$C$4*G76 -> 339.79167 | K76: =K75+1 -> 44751 | L76: =TEXT(K76,"dddd") -> Saturday | M76: 0.25 | N76: 0.29166667 | O76: 0.66666667 | P76: =((O76-M76)*24)-N76 -> 9.7083333 | Q76: =$C$4*P76 -> 339.79167
B77: =B76+1 -> 44724 | C77: =TEXT(B77,"dddd") -> Sunday | D77: 0.29166667 | E77: 0.33333333 | F77: 0.71875 | G77: =((F77-D77)*24)-E77 -> 9.9166667 | H77: =$C$4*G77 -> 347.08333 | K77: =K76+1 -> 44752 | L77: =TEXT(K77,"dddd") -> Sunday | M77: 0.29166667 | N77: 0.33333333 | O77: 0.71875 | P77: =((O77-M77)*24)-N77 -> 9.9166667 | Q77: =$C$4*P77 -> 347.08333
B78: Total | G78: =SUM(G71:G77) -> 73.041667 | H78: =SUM(H71:H77) -> 2556.4583 | K78: Total | P78: =SUM(P71:P77) -> 73.041667 | Q78: =SUM(Q71:Q77) -> 2556.4583
B79: WEEK NO. 03 | H79: 13th June to 19th June | K79: WEEK NO. 03 | Q79: 11th July to 17th July
B80: Tanggal | C80: Hari | D80: Time In | E80: Lunch | F80: Time Out | G80: Total Jam | H80: Bayar Diperoleh | I80: Accomplishments | K80: Tanggal | L80: Hari | M80: Time In | N80: Lunch | O80: Time Out | P80: Total Jam | Q80: Bayar Diperoleh | R80: Accomplishments
B81: =B77+1 -> 44725 | C81: =TEXT(B81,"dddd") -> Monday | D81: 0.25 | E81: 0.33333333 | F81: 0.66666667 | G81: =((F81-D81)*24)-E81 -> 9.6666667 | H81: =$C$4*G81 -> 338.33333 | K81: =K77+1 -> 44753 | L81: =TEXT(K81,"dddd") -> Monday | M81: 0.25 | N81: 0.33333333 | O81: 0.66666667 | P81: =((O81-M81)*24)-N81 -> 9.6666667 | Q81: =$C$4*P81 -> 338.33333
B82: =B81+1 -> 44726 | C82: =TEXT(B82,"dddd") -> Tuesday | D82: 0.375 | E82: 0.33333333 | F82: 0.74305556 | G82: =((F82-D82)*24)-E82 -> 8.5 | H82: =$C$4*G82 -> 297.5 | K82: =K81+1 -> 44754 | L82: =TEXT(K82,"dddd") -> Tuesday | M82: 0.375 | N82: 0.33333333 | O82: 0.74305556 | P82: =((O82-M82)*24)-N82 -> 8.5 | Q82: =$C$4*P82 -> 297.5
B83: =B82+1 -> 44727 | C83: =TEXT(B83,"dddd") -> Wednesday | D83: 0.41666667 | E83: 0.45833333 | F83: 0.66666667 | G83: =((F83-D83)*24)-E83 -> 5.5416667 | H83: =$C$4*G83 -> 193.95833 | K83: =K82+1 -> 44755 | L83: =TEXT(K83,"dddd") -> Wednesday | M83: 0.41666667 | N83: 0.45833333 | O83: 0.66666667 | P83: =((O83-M83)*24)-N83 -> 5.5416667 | Q83: =$C$4*P83 -> 193.95833
B84: =B83+1 -> 44728 | C84: =TEXT(B84,"dddd") -> Thursday | D84: 0.35416667 | E84: 0.45833333 | F84: 0.75 | G84: =((F84-D84)*24)-E84 -> 9.0416667 | H84: =$C$4*G84 -> 316.45833 | K84: =K83+1 -> 44756 | L84: =TEXT(K84,"dddd") -> Thursday | M84: 0.35416667 | N84: 0.45833333 | O84: 0.75 | P84: =((O84-M84)*24)-N84 -> 9.0416667 | Q84: =$C$4*P84 -> 316.45833
B85: =B84+1 -> 44729 | C85: =TEXT(B85,"dddd") -> Friday | D85: 0.27083333 | E85: 0.33333333 | F85: 0.91666667 | G85: =((F85-D85)*24)-E85 -> 15.166667 | H85: =$C$4*G85 -> 530.83333 | K85: =K84+1 -> 44757 | L85: =TEXT(K85,"dddd") -> Friday | M85: 0.27083333 | N85: 0.33333333 | O85: 0.91666667 | P85: =((O85-M85)*24)-N85 -> 15.166667 | Q85: =$C$4*P85 -> 530.83333
B86: =B85+1 -> 44730 | C86: =TEXT(B86,"dddd") -> Saturday | D86: 0.27083333 | E86: 0.33333333 | F86: 0.91666667 | G86: =((F86-D86)*24)-E86 -> 15.166667 | H86: =$C$4*G86 -> 530.83333 | K86: =K85+1 -> 44758 | L86: =TEXT(K86,"dddd") -> Saturday | M86: 0.27083333 | N86: 0.33333333 | O86: 0.91666667 | P86: =((O86-M86)*24)-N86 -> 15.166667 | Q86: =$C$4*P86 -> 530.83333
B87: =B86+1 -> 44731 | C87: =TEXT(B87,"dddd") -> Sunday | D87: 0.25 | E87: 0.29166667 | F87: 0.66666667 | G87: =((F87-D87)*24)-E87 -> 9.7083333 | H87: =$C$4*G87 -> 339.79167 | K87: =K86+1 -> 44759 | L87: =TEXT(K87,"dddd") -> Sunday | M87: 0.25 | N87: 0.29166667 | O87: 0.66666667 | P87: =((O87-M87)*24)-N87 -> 9.7083333 | Q87: =$C$4*P87 -> 339.79167
B88: Total | G88: =SUM(G81:G87) -> 72.791667 | H88: =SUM(H81:H87) -> 2547.7083 | K88: Total | P88: =SUM(P81:P87) -> 72.791667 | Q88: =SUM(Q81:Q87) -> 2547.7083
B89: WEEK NO. 04 | H89: 20th June to 26th June | K89: WEEK NO. 04 | Q89: 18th July to 24th July
B90: Tanggal | C90: Hari | D90: Time In | E90: Lunch | F90: Time Out | G90: Total Jam | H90: Bayar Diperoleh | I90: Accomplishments | K90: Tanggal | L90: Hari | M90: Time In | N90: Lunch | O90: Time Out | P90: Total Jam | Q90: Bayar Diperoleh | R90: Accomplishments
B91: =B87+1 -> 44732 | C91: =TEXT(B91,"dddd") -> Monday | D91: 0.29166667 | E91: 0.33333333 | F91: 0.71875 | G91: =((F91-D91)*24)-E91 -> 9.9166667 | H91: =$C$4*G91 -> 347.08333 | K91: =K87+1 -> 44760 | L91: =TEXT(K91,"dddd") -> Monday | M91: 0.29166667 | N91: 0.33333333 | O91: 0.71875 | P91: =((O91-M91)*24)-N91 -> 9.9166667 | Q91: =$C$4*P91 -> 347.08333
B92: =B91+1 -> 44733 | C92: =TEXT(B92,"dddd") -> Tuesday | D92: 0.25 | E92: 0.33333333 | F92: 0.66666667 | G92: =((F92-D92)*24)-E92 -> 9.6666667 | H92: =$C$4*G92 -> 338.33333 | K92: =K91+1 -> 44761 | L92: =TEXT(K92,"dddd") -> Tuesday | M92: 0.25 | N92: 0.33333333 | O92: 0.66666667 | P92: =((O92-M92)*24)-N92 -> 9.6666667 | Q92: =$C$4*P92 -> 338.33333
B93: =B92+1 -> 44734 | C93: =TEXT(B93,"dddd") -> Wednesday | D93: 0.375 | E93: 0.33333333 | F93: 0.74305556 | G93: =((F93-D93)*24)-E93 -> 8.5 | H93: =$C$4*G93 -> 297.5 | K93: =K92+1 -> 44762 | L93: =TEXT(K93,"dddd") -> Wednesday | M93: 0.375 | N93: 0.33333333 | O93: 0.74305556 | P93: =((O93-M93)*24)-N93 -> 8.5 | Q93: =$C$4*P93 -> 297.5
B94: =B93+1 -> 44735 | C94: =TEXT(B94,"dddd") -> Thursday | D94: 0.41666667 | E94: 0.45833333 | F94: 0.66666667 | G94: =((F94-D94)*24)-E94 -> 5.5416667 | H94: =$C$4*G94 -> 193.95833 | K94: =K93+1 -> 44763 | L94: =TEXT(K94,"dddd") -> Thursday | M94: 0.41666667 | N94: 0.45833333 | O94: 0.66666667 | P94: =((O94-M94)*24)-N94 -> 5.5416667 | Q94: =$C$4*P94 -> 193.95833
B95: =B94+1 -> 44736 | C95: =TEXT(B95,"dddd") -> Friday | D95: 0.35416667 | E95: 0.45833333 | F95: 0.75 | G95: =((F95-D95)*24)-E95 -> 9.0416667 | H95: =$C$4*G95 -> 316.45833 | K95: =K94+1 -> 44764 | L95: =TEXT(K95,"dddd") -> Friday | M95: 0.35416667 | N95: 0.45833333 | O95: 0.75 | P95: =((O95-M95)*24)-N95 -> 9.0416667 | Q95: =$C$4*P95 -> 316.45833
B96: =B95+1 -> 44737 | C96: =TEXT(B96,"dddd") -> Saturday | D96: 0.27083333 | E96: 0.33333333 | F96: 0.91666667 | G96: =((F96-D96)*24)-E96 -> 15.166667 | H96: =$C$4*G96 -> 530.83333 | K96: =K95+1 -> 44765 | L96: =TEXT(K96,"dddd") -> Saturday | M96: 0.27083333 | N96: 0.33333333 | O96: 0.91666667 | P96: =((O96-M96)*24)-N96 -> 15.166667 | Q96: =$C$4*P96 -> 530.83333
B97: =B96+1 -> 44738 | C97: =TEXT(B97,"dddd") -> Sunday | D97: 0.27083333 | E97: 0.33333333 | F97: 0.91666667 | G97: =((F97-D97)*24)-E97 -> 15.166667 | H97: =$C$4*G97 -> 530.83333 | K97: =K96+1 -> 44766 | L97: =TEXT(K97,"dddd") -> Sunday | M97: 0.27083333 | N97: 0.33333333 | O97: 0.91666667 | P97: =((O97-M97)*24)-N97 -> 15.166667 | Q97: =$C$4*P97 -> 530.83333
B98: Total | G98: =SUM(G91:G97) -> 73 | H98: =SUM(H91:H97) -> 2555 | K98: Total | P98: =SUM(P91:P97) -> 73 | Q98: =SUM(Q91:Q97) -> 2555
B99: WEEK NO. 05 | H99: 27th June to 30th June | K99: WEEK NO. 05 | Q99: 25th July to 31st July
B100: Tanggal | C100: Hari | D100: Time In | E100: Lunch | F100: Time Out | G100: Total Jam | H100: Bayar Diperoleh | I100: Accomplishments | K100: Tanggal | L100: Hari | M100: Time In | N100: Lunch | O100: Time Out | P100: Total Jam | Q100: Bayar Diperoleh | R100: Accomplishments
B101: =B97+1 -> 44739 | C101: =TEXT(B101,"dddd") -> Monday | D101: 0.25 | E101: 0.29166667 | F101: 0.66666667 | G101: =((F101-D101)*24)-E101 -> 9.7083333 | H101: =$C$4*G101 -> 339.79167 | K101: =K97+1 -> 44767 | L101: =TEXT(K101,"dddd") -> Monday | M101: 0.29166667 | N101: 0.33333333 | O101: 0.71875 | P101: =((O101-M101)*24)-N101 -> 9.9166667 | Q101: =$C$4*P101 -> 347.08333
B102: =B101+1 -> 44740 | C102: =TEXT(B102,"dddd") -> Tuesday | D102: 0.29166667 | E102: 0.33333333 | F102: 0.71875 | G102: =((F102-D102)*24)-E102 -> 9.9166667 | H102: =$C$4*G102 -> 347.08333 | K102: =K101+1 -> 44768 | L102: =TEXT(K102,"dddd") -> Tuesday | M102: 0.25 | N102: 0.33333333 | O102: 0.66666667 | P102: =((O102-M102)*24)-N102 -> 9.6666667 | Q102: =$C$4*P102 -> 338.33333
B103: =B102+1 -> 44741 | C103: =TEXT(B103,"dddd") -> Wednesday | D103: 0.25 | E103: 0.33333333 | F103: 0.66666667 | G103: =((F103-D103)*24)-E103 -> 9.6666667 | H103: =$C$4*G103 -> 338.33333 | K103: =K102+1 -> 44769 | L103: =TEXT(K103,"dddd") -> Wednesday | M103: 0.375 | N103: 0.33333333 | O103: 0.74305556 | P103: =((O103-M103)*24)-N103 -> 8.5 | Q103: =$C$4*P103 -> 297.5
B104: =B103+1 -> 44742 | C104: =TEXT(B104,"dddd") -> Thursday | D104: 0.375 | E104: 0.33333333 | F104: 0.74305556 | G104: =((F104-D104)*24)-E104 -> 8.5 | H104: =$C$4*G104 -> 297.5 | K104: =K103+1 -> 44770 | L104: =TEXT(K104,"dddd") -> Thursday | M104: 0.41666667 | N104: 0.45833333 | O104: 0.66666667 | P104: =((O104-M104)*24)-N104 -> 5.5416667 | Q104: =$C$4*P104 -> 193.95833
K105: =K104+1 -> 44771 | L105: =TEXT(K105,"dddd") -> Friday | M105: 0.35416667 | N105: 0.45833333 | O105: 0.75 | P105: =((O105-M105)*24)-N105 -> 9.0416667 | Q105: =$C$4*P105 -> 316.45833
K106: =K105+1 -> 44772 | L106: =TEXT(K106,"dddd") -> Saturday | M106: 0.35416667 | N106: 0.45833333 | O106: 0.75 | P106: =((O106-M106)*24)-N106 -> 9.0416667 | Q106: =$C$4*P106 -> 316.45833
...
