Workbook

Sheet Dashboard
B3: Utilization | D3: Lihat perincian minggu Anda berdasarkan proyek atau hari. Semua yang ada di tab ini akan diperbarui secara otomatis berdasarkan data di tab 'Time Sheet'.
B5: Berdasarkan Proyek
F8: {='Time sheet'!B16:B20} -> Project A | G8: {='Time sheet'!J16:J20} -> 15
F9: Project B | G9: 4
F10: Project C | G10: 0
F11: Project D | G11: 0
F12: 0 | G12: 0
B25: Per Hari
F28: ='Time sheet'!C14 -> Thu | G28: ='Time sheet'!C21 -> 14
F29: ='Time sheet'!D14 -> Fri | G29: ='Time sheet'!D21 -> 0
F30: ='Time sheet'!E14 -> Sat | G30: ='Time sheet'!E21 -> 0
F31: ='Time sheet'!F14 -> Sun | G31: ='Time sheet'!F21 -> 5
F32: ='Time sheet'!G14 -> Mon | G32: ='Time sheet'!G21 -> 0
F33: ='Time sheet'!H14 -> Tue | G33: ='Time sheet'!H21 -> 0
F34: ='Time sheet'!I14 -> Wed | G34: ='Time sheet'!I21 -> 0

Sheet Time sheet
B8: Time Sheet
B10: Nama | D10: Tanggal Mulai Minggu | H10: Dikirim pada
B11: Nama Karyawan | D11: 45232 | H11: =I15 -> 45238
C14: =TEXT(C15, "DDD") -> Thu | D14: =TEXT(D15, "DDD") -> Fri | E14: =TEXT(E15, "DDD") -> Sat | F14: =TEXT(F15, "DDD") -> Sun | G14: =TEXT(G15, "DDD") -> Mon | H14: =TEXT(H15, "DDD") -> Tue | I14: =TEXT(I15, "DDD") -> Wed
C15: =D11 -> 45232 | D15: =C15+1 -> 45233 | E15: =D15+1 -> 45234 | F15: =E15+1 -> 45235 | G15: =F15+1 -> 45236 | H15: =G15+1 -> 45237 | I15: =H15+1 -> 45238 | J15: Total
B16: Project A | C16: 10 | D16: 0 | E16: 0 | F16: 5 | G16: 0 | H16: 0 | I16: 0 | J16: =SUM(C16:I16) -> 15
B17: Project B | C17: 4 | D17: 0 | E17: 0 | F17: 0 | G17: 0 | H17: 0 | I17: 0 | J17: =SUM(C17:I17) -> 4
B18: Project C | C18: 0 | D18: 0 | E18: 0 | F18: 0 | G18: 0 | H18: 0 | I18: 0 | J18: =SUM(C18:I18) -> 0
B19: Project D | C19: 0 | D19: 0 | E19: 0 | F19: 0 | G19: 0 | H19: 0 | I19: 0 | J19: =SUM(C19:I19) -> 0
B21: Total Jam | C21: =SUM(C16:C20) -> 14 | D21: =SUM(D16:D20) -> 0 | E21: =SUM(E16:E20) -> 0 | F21: =SUM(F16:F20) -> 5 | G21: =SUM(G16:G20) -> 0 | H21: =SUM(H16:H20) -> 0 | I21: =SUM(I16:I20) -> 0 | J21: =SUM(J16:J20) -> 19
F23: Tarif penagihan (per jam) | J23: 15
G25: TOTAL | I25: =J21*J23 -> 285
