Workbook
Name valuevx: 42.314159

Sheet Invoice Data Summary
B2: INVOICE
B4: Alamat jalan | F4: Tanggal mulai periode pembayaran:
B5: Alamat 2 | F5: Tanggal akhir periode pembayaran:
B6: Kota,Kode Pos
B8: Karyawan | F8: Telepon karyawan:
B9: Manajer | F9: Email karyawan:
B12: TANGGAL | C12: DESKRIPSI | F12: TOTAL JAM | G12: TARIF PER JAM | H12: JUMLAH TOTAL
B13: ='Task Checklist'!A5 -> 44774 | C13: TOTAL SERVICES CHARGES | F13: =('Task Checklist'!B5*0.5)+('Task Checklist'!C5*0.5)+('Task Checklist'!D5*0.5)+('Task Checklist'!E5*0.5)+('Task Checklist'!F5*1)+('Task Checklist'!G5*2)+('Task Checklist'!H5*0.5)+('Task Checklist'!I5*0.5)+('Task Checklist'!J5*0.5)+('Task Checklist'!K5*0.5) -> 0 | G13: 7.5 | H13: =F13*G13 -> 0
B14: ='Task Checklist'!A6 -> 44775 | C14: TOTAL SERVICES CHARGES | F14: =('Task Checklist'!B6*0.5)+('Task Checklist'!C6*0.5)+('Task Checklist'!D6*0.5)+('Task Checklist'!E6*0.5)+('Task Checklist'!F6*1)+('Task Checklist'!G6*2)+('Task Checklist'!H6*0.5)+('Task Checklist'!I6*0.5)+('Task Checklist'!J6*0.5)+('Task Checklist'!K6*0.5) -> 1 | G14: 7.5 | H14: =F14*G14 -> 7.5
B15: ='Task Checklist'!A7 -> 44776 | C15: TOTAL SERVICES CHARGES | F15: =('Task Checklist'!B7*0.5)+('Task Checklist'!C7*0.5)+('Task Checklist'!D7*0.5)+('Task Checklist'!E7*0.5)+('Task Checklist'!F7*1)+('Task Checklist'!G7*2)+('Task Checklist'!H7*0.5)+('Task Checklist'!I7*0.5)+('Task Checklist'!J7*0.5)+('Task Checklist'!K7*0.5) -> 0 | G15: 7.5 | H15: =F15*G15 -> 0
B16: ='Task Checklist'!A8 -> 44777 | C16: TOTAL SERVICES CHARGES | F16: =('Task Checklist'!B8*0.5)+('Task Checklist'!C8*0.5)+('Task Checklist'!D8*0.5)+('Task Checklist'!E8*0.5)+('Task Checklist'!F8*1)+('Task Checklist'!G8*2)+('Task Checklist'!H8*0.5)+('Task Checklist'!I8*0.5)+('Task Checklist'!J8*0.5)+('Task Checklist'!K8*0.5) -> 4 | G16: 7.5 | H16: =F16*G16 -> 30
B17: ='Task Checklist'!A9 -> 44778 | C17: TOTAL SERVICES CHARGES | F17: =('Task Checklist'!B9*0.5)+('Task Checklist'!C9*0.5)+('Task Checklist'!D9*0.5)+('Task Checklist'!E9*0.5)+('Task Checklist'!F9*1)+('Task Checklist'!G9*2)+('Task Checklist'!H9*0.5)+('Task Checklist'!I9*0.5)+('Task Checklist'!J9*0.5)+('Task Checklist'!K9*0.5) -> 6.5 | G17: 7.5 | H17: =F17*G17 -> 48.75
B18: ='Task Checklist'!A10 -> 44779 | C18: TOTAL SERVICES CHARGES | F18: =('Task Checklist'!B10*0.5)+('Task Checklist'!C10*0.5)+('Task Checklist'!D10*0.5)+('Task Checklist'!E10*0.5)+('Task Checklist'!F10*1)+('Task Checklist'!G10*2)+('Task Checklist'!H10*0.5)+('Task Checklist'!I10*0.5)+('Task Checklist'!J10*0.5)+('Task Checklist'!K10*0.5) -> 4.5 | G18: 7.5 | H18: =F18*G18 -> 33.75
B19: ='Task Checklist'!A11 -> 44780 | C19: TOTAL SERVICES CHARGES | F19: =('Task Checklist'!B11*0.5)+('Task Checklist'!C11*0.5)+('Task Checklist'!D11*0.5)+('Task Checklist'!E11*0.5)+('Task Checklist'!F11*1)+('Task Checklist'!G11*2)+('Task Checklist'!H11*0.5)+('Task Checklist'!I11*0.5)+('Task Checklist'!J11*0.5)+('Task Checklist'!K11*0.5) -> 5 | G19: 7.5 | H19: =F19*G19 -> 37.5
B20: ='Task Checklist'!A12 -> 44781 | C20: TOTAL SERVICES CHARGES | F20: =('Task Checklist'!B12*0.5)+('Task Checklist'!C12*0.5)+('Task Checklist'!D12*0.5)+('Task Checklist'!E12*0.5)+('Task Checklist'!F12*1)+('Task Checklist'!G12*2)+('Task Checklist'!H12*0.5)+('Task Checklist'!I12*0.5)+('Task Checklist'!J12*0.5)+('Task Checklist'!K12*0.5) -> 1.5 | G20: 7.5 | H20: =F20*G20 -> 11.25
B21: ='Task Checklist'!A13 -> 44782 | C21: TOTAL SERVICES CHARGES | F21: =('Task Checklist'!B13*0.5)+('Task Checklist'!C13*0.5)+('Task Checklist'!D13*0.5)+('Task Checklist'!E13*0.5)+('Task Checklist'!F13*1)+('Task Checklist'!G13*2)+('Task Checklist'!H13*0.5)+('Task Checklist'!I13*0.5)+('Task Checklist'!J13*0.5)+('Task Checklist'!K13*0.5) -> 1.5 | G21: 7.5 | H21: =F21*G21 -> 11.25
B22: ='Task Checklist'!A14 -> 44783 | C22: TOTAL SERVICES CHARGES | F22: =('Task Checklist'!B14*0.5)+('Task Checklist'!C14*0.5)+('Task Checklist'!D14*0.5)+('Task Checklist'!E14*0.5)+('Task Checklist'!F14*1)+('Task Checklist'!G14*2)+('Task Checklist'!H14*0.5)+('Task Checklist'!I14*0.5)+('Task Checklist'!J14*0.5)+('Task Checklist'!K14*0.5) -> 2.5 | G22: 7.5 | H22: =F22*G22 -> 18.75
B23: ='Task Checklist'!A15 -> 44784 | C23: TOTAL SERVICES CHARGES | F23: =('Task Checklist'!B15*0.5)+('Task Checklist'!C15*0.5)+('Task Checklist'!D15*0.5)+('Task Checklist'!E15*0.5)+('Task Checklist'!F15*1)+('Task Checklist'!G15*2)+('Task Checklist'!H15*0.5)+('Task Checklist'!I15*0.5)+('Task Checklist'!J15*0.5)+('Task Checklist'!K15*0.5) -> 1.5 | G23: 7.5 | H23: =F23*G23 -> 11.25
B24: ='Task Checklist'!A16 -> 44785 | C24: TOTAL SERVICES CHARGES | F24: =('Task Checklist'!B16*0.5)+('Task Checklist'!C16*0.5)+('Task Checklist'!D16*0.5)+('Task Checklist'!E16*0.5)+('Task Checklist'!F16*1)+('Task Checklist'!G16*2)+('Task Checklist'!H16*0.5)+('Task Checklist'!I16*0.5)+('Task Checklist'!J16*0.5)+('Task Checklist'!K16*0.5) -> 1.5 | G24: 7.5 | H24: =F24*G24 -> 11.25
... B43: ='Task Checklist'!A35 -> 44804 | C43: TOTAL SERVICES CHARGES | F43: =('Task Checklist'!B35*0.5)+('Task Checklist'!C35*0.5)+('Task Checklist'!D35*0.5)+('Task Checklist'!E35*0.5)+('Task Checklist'!F35*1)+('Task Checklist'!G35*2)+('Task Checklist'!H35*0.5)+('Task Checklist'!I35*0.5)+('Task Checklist'!J35*0.5)+('Task Checklist'!K35*0.5) -> 0 | G43: 7.5 | H43: =F43*G43 -> 0
G46: SUBTOTAL | H46: =SUM(H13:H44) -> 866.25
G47: PERSENTASE PAJAK | H47: 0
G48: JUMLAH PAJAK | H48: =H47*H46 -> 0
G49: Balance Due | H49: =H46-H48 -> 866.25
B52: Pembayaran Diterima Sebagai:
C53: Cash
C55: Cheque
C57: Online
B59: Diterima oleh: ___________________ | F59: Dibayar oleh: ___________________

Sheet Task Checklist
A1: JA Templates
A2: TUGAS CHECKLIST
A3: 44774
A4: TANGGAL | B4: TUGAS 1 | C4: TUGAS 2 | D4: TUGAS 3 | E4: TUGAS 4 | F4: TUGAS 5 | G4: TUGAS 6 | H4: TUGAS 7 | I4: TUGAS 8 | J4: TUGAS 9 | K4: TUGAS 10
A5: =A3 -> 44774 | B5: 0 | C5: 0 | D5: 0 | E5: 0 | F5: 0 | G5: 0 | H5: 0 | I5: 0 | J5: 0 | K5: 0
A6: =A5+1 -> 44775 | D6: 2 | F6: 0 | G6: 0
A7: =A6+1 -> 44776
A8: =A7+1 -> 44777 | D8: 8
A9: =A8+1 -> 44778 | D9: 5 | G9: 2
A10: =A9+1 -> 44779 | B10: 5 | G10: 1
A11: =A10+1 -> 44780 | B11: 4 | F11: 1 | G11: 1
A12: =A11+1 -> 44781 | D12: 3
A13: =A12+1 -> 44782 | D13: 3
A14: =A13+1 -> 44783 | D14: 3 | E14: 2
A15: =A14+1 -> 44784 | D15: 3
A16: =A15+1 -> 44785 | D16: 3
A17: =A16+1 -> 44786
A18: =A17+1 -> 44787 | F18: 1
A19: =A18+1 -> 44788 | B19: 8 | F19: 2 | G19: 1
A20: =A19+1 -> 44789 | B20: 1 | D20: 8 | F20: 1
A21: =A20+1 -> 44790
A22: =A21+1 -> 44791 | D22: 16
A23: =A22+1 -> 44792 | D23: 17 | E23: 1 | F23: 1 | G23: 1
A24: =A23+1 -> 44793 | B24: 17 | D24: 10 | F24: 1 | G24: 1
A25: =A24+1 -> 44794 | G25: 1 | H25: 22
A26: =A25+1 -> 44795 | F26: 1 | G26: 1
A27: =A26+1 -> 44796 | F27: 1 | G27: 1 | H27: 3
A28: =A27+1 -> 44797 | B28: 4
A29: =A28+1 -> 44798 | B29: 4 | H29: 3
A30: =A29+1 -> 44799 | F30: 1
A31: =A30+1 -> 44800 | F31: 1 | G31: 1
A32: =A31+1 -> 44801
A33: =A32+1 -> 44802 | F33: 1
A34: =A33+1 -> 44803 | B34: 3 | C34: 1 | G34: 1
A35: =A34+1 -> 44804
A36: TOTAL TUGAS | B36: =SUM(Table13456[TUGAS 1]) -> 46 | C36: =SUM(Table13456[TUGAS 2]) -> 1 | D36: =SUM(Table13456[TUGAS 3]) -> 81 | E36: =SUM(Table13456[TUGAS 4]) -> 3 | F36: =SUM(Table13456[TUGAS 5]) -> 12 | G36: =SUM(Table13456[TUGAS 6]) -> 12 | H36: =SUM(Table13456[TUGAS 7]) -> 28 | I36: =SUM(Table13456[TUGAS 8]) -> 0 | J36: =SUM(Table13456[TUGAS 9]) -> 0 | K36: =SUM(Table13456[TUGAS 10]) -> 0
A37: Tarif per Tugas | B37: 3.75 | C37: 3.75 | D37: 3.75 | E37: 3.75 | F37: 7.5 | G37: 15 | H37: 3.75 | I37: 0 | J37: 0 | K37: 0
A38: Jumlah Total | B38: =B37*B36 -> 172.5 | C38: =C37*C36 -> 3.75 | D38: =D37*D36 -> 303.75 | E38: =E37*E36 -> 11.25 | F38: =F37*F36 -> 90 | G38: =G37*G36 -> 180 | H38: =H37*H36 -> 105 | I38: =I37*I36 -> 0 | ... K38: =K37*K36 -> 0
