Workbook
Name bakkontrol: 'Bak Kontrol'!$C$3:$I$75
Name besidanaluminium: 'Besi dan Aluminium'!$C$3:$I$123
Name beton: Beton!$C$3:$I$1055
Name galiantanah: 'Galian Tanah'!$C$3:$J$461
Name jaringanlistrik: 'Jaringan Listrik'!$C$3:$I$2542
Name kaca: Kaca!$C$3:$I$259
Name kayu: 'Struktur Kayu'!$C$3:$J$48
Name pasangdinding: 'Pasangan Dinding'!$C$3:$I$516
Name pembongkaran: Pembongkaran!$C$3:$J$146
Name pengecatandanpelitur: 'Pengecatan dan Pelituran'!$C$3:$I$484
Name penutupatap: 'Penutup Atap'!$C$3:$I$994
Name penutuplantaidandinding: 'Penutup Lantai dan Dinding'!$C$3:$I$2037
Name perpipaangedung: 'Perpipaan dan proteksi kebakar '!$C$3:$I$366
Name persiapan: Persiapan!$C$5:$K$682
Name pintudanjendela: 'Pintu dan Jendela'!$C$3:$I$954
Name plafon: Plafon!$C$3:$I$285
Name plesteranacian: 'Plesteran Dan Acian'!$C$3:$I$276
Name pondasi: Pondasi!$C$3:$J$607
Name rangkaatap: 'Rangka Atap'!$C$4:$J$199
Name sanitair: Sanitair!$C$3:$I$414
Name signage: Signage!$C$3:$I$109
Name sistemairlimbah: 'Sistem Air Limbah'!$C$3:$I$236
Name sistemairminum: 'Sistem Air Minum'!$C$3:$I$608
Name TENAGA: '[1]UPAH BAHAN'!$C$6:$C$19
Name timbunanpemadatan: 'Timbunan Pemadatan'!$C$3:$J$154
Name upahbahan: 'Upah Bahan'!$F$9:$H$2256

Sheet Daftar Harga Satuan Pekerjaan
B2: DAFTAR HARGA SATUAN PEKERJAAN (DHSP)
B3: BIDANG CIPTA KARYA
B4: Berdasarkan SE Bina Konstruksi Nomor 30/SE/Dk/2025
B6: NO | C6: URAIAN PEKERJAAN | D6: SATUAN | E6: HARGA SATUAN | F6: KETERANGAN
B7: 1 | C7: DIVISI 1 Persiapan lapangan/site work
B8: 1.1 | C8: PEKERJAAN PERSIAPAN
B9: 1.1.1 | C9: Pembuatan pagar proyek
B10: 1.1.1.1 | C10: Pembuatan 1 m’ pagar sementara dari kayu tinggi 2 meter | D10: m' | E10: =VLOOKUP(C10,Persiapan!$D$5:$K$679,8,FALSE) -> 787300
B11: 1.1.1.2 | C11: Pembuatan 1 m’ pagar sementara dari seng gelombang rangka kayu tinggi 2 meter | D11: m' | E11: =VLOOKUP(C11,Persiapan!$D$5:$K$679,8,FALSE) -> 635500
B12: 1.1.1.3 | C12: Pembuatan 1 m’ pagar sementara dari kawat duri tinggi 2 meter | D12: m' | E12: =VLOOKUP(C12,Persiapan!$D$5:$K$679,8,FALSE) -> 378200
B13: 1.1.1.4 | C13: Pembuatan 1 m’ pagar sementara seng gelombang rangka baja L.40.40.4 tinggi pagar 1.8 meter | D13: m' | E13: =VLOOKUP(C13,Persiapan!$D$5:$K$679,8,FALSE) -> 428900
B14: 1.1.1.5 | C14: Pembuatan 1 m2 pagar BRC Galvanis | D14: m2 | E14: =VLOOKUP(C14,Persiapan!$D$5:$K$679,8,FALSE) -> 17400
B15: 1.1.1.6 | C15: Pemasangan 1 m2 panel beton pracetak 50x50x240 untuk pagar | D15: m2 | E15: =VLOOKUP(C15,Persiapan!$D$5:$K$679,8,FALSE) -> 434000
B16: 1.1.2 | C16: Alat dan/atau sarana penunjang | E16: =VLOOKUP(C16,Persiapan!$D$5:$K$679,8,FALSE) -> 0
B17: 1.1.2.1 | C17: 1 buah papan nama pekerjaan ukuran 0.8x1.2 menggunakan multiflex 18 mm, frame besi siku dan tiang kayu 8/12 | D17: buah | E17: =VLOOKUP(C17,Persiapan!$D$5:$K$679,8,FALSE) -> 1909000
B18: 1.1.2.2 | C18: 1 buah papan nama pekerjaan ukuran 0.6x08 menggunakan multiplex 10 mm, frame allumunium siku dan tiang kayu 5/7, printing banner plastik | D18: buah | E18: =VLOOKUP(C18,Persiapan!$D$5:$K$679,8,FALSE) -> 702500
B19: 1.1.2.3 | C19: Pembuatan 1 m2 kantor sementara/rumah jaga/gudang semen dan peralatan lantai plesteran, dinding setengah tembok | D19: m2 | E19: =VLOOKUP(C19,Persiapan!$D$5:$K$679,8,FALSE) -> 3501200
B20: 1.1.2.4 | C20: Pembuatan 1 m2 direksi keet (Kantor), los kerja dan gudang | D20: m2 | E20: =VLOOKUP(C20,Persiapan!$D$5:$K$679,8,FALSE) -> 5699600
B21: 1.1.2.5 | C21: Pembuatan 1 m2 jalan sementara lapis macadam | D21: m2 | E21: =VLOOKUP(C21,Persiapan!$D$5:$K$679,8,FALSE) -> 1368300
B22: 1.1.2.6 | C22: Pembuatan 1 m2 jalan sementara (Jalan Tanah) | D22: m2 | E22: =VLOOKUP(C22,Persiapan!$D$5:$K$679,8,FALSE) -> 1281300
B23: 1.1.2.7 | C23: Pembuatan 1 m2 jalan sementara (Jalan Kerikil) | D23: m2 | E23: =VLOOKUP(C23,Persiapan!$D$5:$K$679,8,FALSE) -> 1343200
B24: 1.1.3 | C24: Pembersihan dan pengupasan permukaan tanah
B25: 1.1.3.1 | C25: 1 m3 Pembersihan dan pengupasan permukaan tanah (striping) s.d. tanaman ∅ 2 cm | D25: m2 | E25: =VLOOKUP(C25,Persiapan!$D$5:$K$679,8,FALSE) -> 12100
B26: 1.1.3.2 | C26: Tebas tebang 1 m2 tanaman/tumbuhan ∅ < 5 cm | D26: m2 | E26: =VLOOKUP(C26,Persiapan!$D$5:$K$679,8,FALSE) -> 3900
B27: 1.1.3.3 | C27: Tebas tebang 1 m 2 tanaman/tumbuhan ∅ >5 s.d. 15 cm | D27: m2 | E27: =VLOOKUP(C27,Persiapan!$D$5:$K$679,8,FALSE) -> 6600
B28: 1.1.3.4 | C28: Tebas tebang 1 batang pohon/tumbuhan ∅ >15 s.d. 30 cm | D28: btg | E28: =VLOOKUP(C28,Persiapan!$D$5:$K$679,8,FALSE) -> 22300
B29: 1.1.3.5 | C29: Tebas tebang 1 batang pohon/tumbuhan ∅ > 30 s.d 50 cm | D29: btg | E29: =VLOOKUP(C29,Persiapan!$D$5:$K$679,8,FALSE) -> 22200
B30: 1.1.3.6 | C30: Tebas tebang 1 batang pohon/tumbuhan ∅ > 50 s.d 75 cm (diameter pohon diukur 1 m di atas permukaan tanah) | D30: btg | E30: =VLOOKUP(C30,Persiapan!$D$5:$K$679,8,FALSE) -> 48800
B31: 1.1.3.7 | C31: Tebas tebang 1 batang pohon/tumbuhan ∅ > 75 cm (diameter pohon diukur 1 m di atas permukaan tanah) | D31: btg | E31: =VLOOKUP(C31,Persiapan!$D$5:$K$679,8,FALSE) -> 62700
B32: 1.1.3.8 | C32: Gali dan cabut 1 tunggul pohon tanaman keras ∅ > 5 s.d. 15 cm (termasuk pembuangan sisa tunggul tanpa menutup kembali bekas lubang) | D32: tgl | E32: =VLOOKUP(C32,Persiapan!$D$5:$K$679,8,FALSE) -> 48500
B33: 1.1.3.9 | C33: Gali dan cabut 1 tunggul pohon tanaman keras ∅ > 15 cm s.d. 30 cm (termasuk pembuangan sisa tunggul tanpa menutup kembali bekas lubang) | D33: tgl | E33: =VLOOKUP(C33,Persiapan!$D$5:$K$679,8,FALSE) -> 68300
B34: 1.1.3.10 | C34: Gali dan cabut 1 tunggul pohon tanaman keras ∅ > 30 cm s.d. 50 cm (termasuk pembuangan sisa tunggul tanpa menutup kembali bekas lubang) | D34: tgl | E34: =VLOOKUP(C34,Persiapan!$D$5:$K$679,8,FALSE) -> 96600
B35: 1.1.3.11 | C35: Gali dan cabut 1 tunggul pohon tanaman keras ∅ > 50 cm s.d. 75 cm (termasuk pembuangan sisa tunggul tanpa menutup kembali bekas lubang) | D35: tgl | E35: =VLOOKUP(C35,Persiapan!$D$5:$K$679,8,FALSE) -> 149900
B36: 1.1.3.12 | C36: Gali dan cabut 1 tunggul pohon tanaman keras ∅ > 75 cm (termasuk pembuangan sisa tunggul tanpa menutup kembali bekas lubang) | D36: tgl | E36: =VLOOKUP(C36,Persiapan!$D$5:$K$679,8,FALSE) -> 218200
... B41: 1.1.3.17 | C41: Gali dan cabut 1 tunggul pohon tanaman keras ∅ > 75 cm (termasuk pembuangan sisa tunggul dengan menutup kembali bekas lubang) | D41: m' | E41: =VLOOKUP(C41,Persiapan!$D$5:$K$679,8,FALSE) -> 271900
B42: 1.1.4 | C42: =Persiapan!D559 -> Pengukuran dan Pasangan Bouwplank | E42: =VLOOKUP(C42,Persiapan!$D$5:$K$679,8,FALSE) -> 0
B43: =Persiapan!C560 -> 1.1.4.1 | C43: =Persiapan!D560 -> Pengukuran ulang topografi seluas 1 Ha | D43: Ha | E43: =VLOOKUP(C43,Persiapan!$D$5:$K$679,8,FALSE) -> 3277000
B44: =Persiapan!C581 -> 1.1.4.2 | C44: =Persiapan!D581 -> Pasangan 1 m' bouwplank | D44: m' | E44: =VLOOKUP(C44,Persiapan!$D$5:$K$679,8,FALSE) -> 171500
B45: =Persiapan!C602 -> 1.1.4.3 | C45: =Persiapan!D602 -> Patok Kayu (kaso5/7) Panjang 0,5 m' | D45: m' | E45: =VLOOKUP(C45,Persiapan!$D$5:$K$679,8,FALSE) -> 191300
B46: =Persiapan!C622 -> 1.1.4.4 | C46: =Persiapan!D622 -> 1 Buah Patok Kayu (Kaso 5/7) panjang 1 m' | D46: m' | E46: =VLOOKUP(C46,Persiapan!$D$5:$K$679,8,FALSE) -> 85500
B47: =Persiapan!C641 -> 1.1.4.5 | C47: =Persiapan!D641 -> Patok Tetap Bantu (PTB) | E47: =VLOOKUP(C47,Persiapan!$D$5:$K$679,8,FALSE) -> 144200
B48: 1.1.4.6 | C48: =Persiapan!D661 -> Patok Tetap Utama (PTU) | E48: =VLOOKUP(C48,Persiapan!$D$5:$K$679,8,FALSE) -> 215800
B49: 1.2 | C49: PEKERJAAN GALIAN TANAH
B50: 1.2.1 | C50: Tanah Biasa
B51: 1.2.1.1 | C51: Cara Manual
B52: ='Galian Tanah'!C6 -> 1.2.1.1.1 | C52: ='Galian Tanah'!D6 -> Penggalian 1 m3 tanah biasa sedalam 0 s.d. 1 m untuk volume s.d. 200 m3 secara manual | D52: m3 | E52: =VLOOKUP(C52,'Galian Tanah'!$D$6:$J$723,7,FALSE) -> 90800
B53: ='Galian Tanah'!C20 -> 1.2.1.1.2 | C53: ='Galian Tanah'!D20 -> Penggalian 1 m3 tanah biasa sedalam 0 s.d. 1 m untuk volume 200 m3 s.d 2.000 m3 secara manual | D53: m3 | E53: =VLOOKUP(C53,'Galian Tanah'!$D$6:$J$723,7,FALSE) -> 74300
B54: ='Galian Tanah'!C34 -> 1.2.1.1.3 | C54: ='Galian Tanah'!D34 -> Penggalian 1 m3 tanah biasa sedalam 0 s.d. 1 m untuk volume > 2.000 m3 secara Manual | D54: m3 | E54: =VLOOKUP(C54,'Galian Tanah'!$D$6:$J$723,7,FALSE) -> 52800
B55: ='Galian Tanah'!C48 -> 1.2.1.1.4 | C55: ='Galian Tanah'!D48 -> Penggalian 1 m3 tanah biasa sedalam > 1 s.d. 2 m untuk volume s.d 200 m3 secara manual | D55: m3 | E55: =VLOOKUP(C55,'Galian Tanah'!$D$6:$J$723,7,FALSE) -> 108900
B56: ='Galian Tanah'!C62 -> 1.2.1.1.5 | C56: ='Galian Tanah'!D62 -> Penggalian 1 m3 tanah biasa sedalam > 1 s.d. 2 m untuk volume > 200 m3 secara manual | D56: m3 | E56: =VLOOKUP(C56,'Galian Tanah'!$D$6:$J$723,7,FALSE) -> 89100
B57: ='Galian Tanah'!C76 -> 1.2.1.1.6 | C57: ='Galian Tanah'!D76 -> Penggalian 1 m3 tanah biasa sedalam > 2 s.d. 3 m untuk volume s.d 200 m3 secara manual | D57: m3 | E57: =VLOOKUP(C57,'Galian Tanah'!$D$6:$J$723,7,FALSE) -> 130200
B58: ='Galian Tanah'!C90 -> 1.2.1.1.7 | C58: ='Galian Tanah'!D90 -> Penggalian 1 m3 tanah biasa sedalam > 2 s.d. 3 m untuk volume > 200 m3 secara manual | D58: m3 | E58: =VLOOKUP(C58,'Galian Tanah'!$D$6:$J$723,7,FALSE) -> 100300
B59: ='Galian Tanah'!C104 -> 1.2.1.1.8 | C59: ='Galian Tanah'!D104 -> Penggalian 1 m3 tanah biasa sedalam > 3 m, setiap penambahan kedalaman 1 m secara manual | D59: m3 | E59: =VLOOKUP(C59,'Galian Tanah'!$D$6:$J$723,7,FALSE) -> 9900
B60: ='Galian Tanah'!C118 -> 1.2.1.2. | C60: ='Galian Tanah'!D118 -> Cara Semi Mekanis
B61: ='Galian Tanah'!C119 -> 1.2.1.2.1 | C61: ='Galian Tanah'!D119 -> Penggalian 1 m3 tanh biasa sedalam > 0 s.d 1 m secara semi mekanis | D61: m3 | E61: =VLOOKUP(C61,'Galian Tanah'!$D$6:$J$723,7,FALSE) -> 131600
B62: ='Galian Tanah'!C134 -> 1.2.1.2.2 | C62: ='Galian Tanah'!D134 -> Penggalian 1 m3 tanah biasa sedalam >1 s.d 2 m secara semi mekanis | D62: m3 | E62: =VLOOKUP(C62,'Galian Tanah'!$D$6:$J$723,7,FALSE) -> 143700
B63: ='Galian Tanah'!C149 -> 1.2.1.2.3 | C63: ='Galian Tanah'!D149 -> Penggalian 1 m3 tanah biasa sedalam >2 s.d 3 m secara semi mekanis | D63: m3 | E63: =VLOOKUP(C63,'Galian Tanah'!$D$6:$J$723,7,FALSE) -> 159500
B64: ='Galian Tanah'!C166 -> 1.2.1.2.4 | C64: ='Galian Tanah'!D166 -> Penggalian 1 m3 tanah biasa > 3 m untuk setiap penambahan kedalaman 1 m secara semi mekanis | D64: m3 | E64: =VLOOKUP(C64,'Galian Tanah'!$D$6:$J$723,7,FALSE) -> 17400
B65: ='Galian Tanah'!C181 -> 1.2.2 | C65: ='Galian Tanah'!D181 -> Pasir
B66: ='Galian Tanah'!C182 -> 1.2.2.1 | C66: ='Galian Tanah'!D182 -> Cara Manual
B67: ='Galian Tanah'!C183 -> 1.2.2.1.1 | C67: ='Galian Tanah'!D183 -> Penggalian 1 m3 pasir sedalam >0 s.d 1 m secara manual | D67: m3 | E67: =VLOOKUP(C67,'Galian Tanah'!$D$6:$J$723,7,FALSE) -> 87100
B68: ='Galian Tanah'!C197 -> 1.2.2.1.2 | C68: ='Galian Tanah'!D197 -> Penggalian 1 m3 pasir sedalam > 1 s.d 2 m secara manual | D68: m3 | E68: =VLOOKUP(C68,'Galian Tanah'!$D$6:$J$723,7,FALSE) -> 89700
B69: ='Galian Tanah'!C211 -> 1.2.2.1.3 | C69: ='Galian Tanah'!D211 -> Penggalian 1 m3 pasir sedalam > 2 s.d 3 m secara manual | D69: m3 | E69: =VLOOKUP(C69,'Galian Tanah'!$D$6:$J$723,7,FALSE) -> 121400
B70: ='Galian Tanah'!C226 -> 1.2.2.1.4 | C70: ='Galian Tanah'!D226 -> Penggalian 1 m3 pasir sedalam > 3 m tiap tambahan dalam 1 msecara manual | D70: m3 | E70: =VLOOKUP(C70,'Galian Tanah'!$D$6:$J$723,7,FALSE) -> 13200
B71: ='Galian Tanah'!C241 -> 1.2.2.2 | C71: ='Galian Tanah'!D241 -> Cara Semi Mekanis
B72: ='Galian Tanah'!C242 -> 1.2.2.2.1 | C72: ='Galian Tanah'!D242 -> Penggalian 1 m3 pasir sedalam > 0 s.d 1 m secara semi mekanis | D72: m3 | E72: =VLOOKUP(C72,'Galian Tanah'!$D$6:$J$723,7,FALSE) -> 45300
B73: ='Galian Tanah'!C257 -> 1.2.2.2.2 | C73: ='Galian Tanah'!D257 -> Penggalian 1 m3 pasir sedalam > 1 s.d 2 m secara semi mekanis | D73: m3 | E73: =VLOOKUP(C73,'Galian Tanah'!$D$6:$J$723,7,FALSE) -> 51900
B74: ='Galian Tanah'!C273 -> 1.2.2.2.3 | C74: ='Galian Tanah'!D273 -> Penggalian 1 m3 pasir sedalam > 2 s.d 3 m secara semi mekanis | D74: m3 | E74: =VLOOKUP(C74,'Galian Tanah'!$D$6:$J$723,7,FALSE) -> 59100
B75: ='Galian Tanah'!C289 -> 1.2.2.2.4 | C75: ='Galian Tanah'!D289 -> Penggalian 1 m3 pasir sedalam > 3 m secara semi mekanis untuk setiap tambahan dalm 1 m | D75: m3 | E75: =VLOOKUP(C75,'Galian Tanah'!$D$6:$J$723,7,FALSE) -> 8700
B76: ='Galian Tanah'!C305 -> 1.2.3 | C76: ='Galian Tanah'!D305 -> Tanah Berbatu
B77: ='Galian Tanah'!C306 -> 1.2.3.1 | C77: ='Galian Tanah'!D306 -> Cara Manual
B78: ='Galian Tanah'!C307 -> 1.2.3.1.1 | C78: ='Galian Tanah'!D307 -> Penggalian 1 m3 tanah berbatu sedalam > 0 s.d 1 m secara Manual | D78: m3 | E78: =VLOOKUP(C78,'Galian Tanah'!$D$6:$J$723,7,FALSE) -> 151500
B79: ='Galian Tanah'!C322 -> 1.2.3.1.2 | C79: ='Galian Tanah'!D322 -> Penggalian 1 m3 tanah berbatu sedalam > 1 s.d 2 m secara Manual | D79: m3 | E79: =VLOOKUP(C79,'Galian Tanah'!$D$6:$J$723,7,FALSE) -> 198000
B80: ='Galian Tanah'!C336 -> 1.2.3.1.3 | C80: ='Galian Tanah'!D336 -> Penggalian 1 m3 tanah berbatu sedalam > 2 s.d 3 m secara Manual | D80: m3 | E80: =VLOOKUP(C80,'Galian Tanah'!$D$6:$J$723,7,FALSE) -> 217800
B81: ='Galian Tanah'!C350 -> 1.2.3.1.4 | C81: ='Galian Tanah'!D350 -> Penggalian 1 m3 tanah berbatu sedalam >3 m, setiap tambah dalam 1 m secara Manual | D81: m3 | E81: =VLOOKUP(C81,'Galian Tanah'!$D$6:$J$723,7,FALSE) -> 18400
B82: ='Galian Tanah'!C365 -> 1.2.3.2 | C82: ='Galian Tanah'!D365 -> Cara Semi Mekanis
B83: ='Galian Tanah'!C366 -> 1.2.3.2.1 | C83: ='Galian Tanah'!D366 -> Penggalian 1 m3 tanah berbatu sedalam > 0 s.d 1 m secara semi mekanis | D83: m3 | E83: =VLOOKUP(C83,'Galian Tanah'!$D$6:$J$723,7,FALSE) -> 231100
B84: ='Galian Tanah'!C381 -> 1.2.3.2.2 | C84: ='Galian Tanah'!D381 -> Penggalian 1 m3 tanah berbatu sedalam > 1 s.d 2 m secara semi mekanis | D84: m3 | E84: =VLOOKUP(C84,'Galian Tanah'!$D$6:$J$723,7,FALSE) -> 252000
B85: ='Galian Tanah'!C396 -> 1.2.3.2.3 | C85: ='Galian Tanah'!D396 -> Penggalian 1 m3 tanah berbatu sedalam > 2 s.d 3 m secara semi mekanis | D85: m3 | E85: =VLOOKUP(C85,'Galian Tanah'!$D$6:$J$723,7,FALSE) -> 279000
B86: ='Galian Tanah'!C411 -> 1.2.3.2.4 | C86: ='Galian Tanah'!D411 -> Penggalian 1 m3 tanah berbatu sedalam > 3 , setiap tambahan dalam 1 m secara semi mekanis | D86: m3 | E86: =VLOOKUP(C86,'Galian Tanah'!$D$6:$J$723,7,FALSE) -> 31100
B87: ='Galian Tanah'!C426 -> 1.2.4 | C87: ='Galian Tanah'!D426 -> Tanah Keras atau Cadas
B88: ='Galian Tanah'!C427 -> 1.2.4.1 | C88: ='Galian Tanah'!D427 -> Cara Manual
B89: ='Galian Tanah'!C428 -> 1.2.4.1.1 | C89: ='Galian Tanah'!D428 -> Penggalian 1 m3 cadas atau tanah keras sedalam > 0 s.d 1 m untuk volume s.d 200m3 secara manual | D89: m3 | E89: =VLOOKUP(C89,'Galian Tanah'!$D$6:$J$723,7,FALSE) -> 181500
B90: ='Galian Tanah'!C442 -> 1.2.4.1.2 | C90: ='Galian Tanah'!D442 -> Penggalian 1 m3 cadas atau tanah keras sedalam > 0 s.d 1 m untuk volume > 200 m3 secara manual | D90: m3 | E90: =VLOOKUP(C90,'Galian Tanah'!$D$6:$J$723,7,FALSE) -> 140200
B91: ='Galian Tanah'!C457 -> 1.2.4.1.3 | C91: ='Galian Tanah'!D457 -> Penggalian 1 m3 cadas atau tanah keras sedalam > 1 s.d 2 m untuk volume s.d 200 m3 secara manual | D91: m3 | E91: =VLOOKUP(C91,'Galian Tanah'!$D$6:$J$723,7,FALSE) -> 178200
B92: ='Galian Tanah'!C471 -> 1.2.4.1.4 | C92: ='Galian Tanah'!D471 -> Penggalian 1 m3 cadas atau tanah keras sedalam > 1 s.d 2 m untuk volume > 200 m3 secara manual | D92: m3 | E92: =VLOOKUP(C92,'Galian Tanah'!$D$6:$J$723,7,FALSE) -> 183700
B93: ='Galian Tanah'!C485 -> 1.2.4.1.5 | C93: ='Galian Tanah'!D485 -> Penggalian 1 m3 cadas atau tanah keras sedalam > 2 s.d 3 m untuk volume >s.d 200 m3 secara manual | D93: m3 | E93: =VLOOKUP(C93,'Galian Tanah'!$D$6:$J$723,7,FALSE) -> 198000
B94: ='Galian Tanah'!C499 -> 1.2.4.1.6 | C94: ='Galian Tanah'!D499 -> Penggalian 1 m3 cadas atau tanah keras sedalam > 3 m tiap tambahan dalam 1 m secara manual | D94: m3 | E94: =VLOOKUP(C94,'Galian Tanah'!$D$6:$J$723,7,FALSE) -> 13200
B95: ='Galian Tanah'!C513 -> 1.2.4.2 | C95: ='Galian Tanah'!D513 -> Cara Semi Mekanis
B96: ='Galian Tanah'!C514 -> 1.2.4.2.1 | C96: ='Galian Tanah'!D514 -> Penggalian 1 m3 cadas atau tanah keras sedalam > 0 s.d 1 m secara semi mekanis | D96: m3 | E96: =VLOOKUP(C96,'Galian Tanah'!$D$6:$J$723,7,FALSE) -> 189300
B97: ='Galian Tanah'!C530 -> 1.2.4.2.2 | C97: ='Galian Tanah'!D530 -> Penggalian 1 m3 cadas atau tanah keras sedalam > 1 s.d 2 m secara semi mekanis | D97: m3 | E97: =VLOOKUP(C97,'Galian Tanah'!$D$6:$J$723,7,FALSE) -> 206400
B98: ='Galian Tanah'!C545 -> 1.2.4.2.3 | C98: ='Galian Tanah'!D545 -> Penggalian 1 m3 cadas atau tanah keras sedalam > 2 s.d 3 m secara semi mekanis | D98: m3 | E98: =VLOOKUP(C98,'Galian Tanah'!$D$6:$J$723,7,FALSE) -> 228800
B99: ='Galian Tanah'!C560 -> 1.2.4.2.4 | C99: ='Galian Tanah'!D560 -> Penggalian 1 m3 cadas atau tanah keras sedalam > 3 m tiap tambahan dalam 1 m secara semi mekanis | D99: m3 | E99: =VLOOKUP(C99,'Galian Tanah'!$D$6:$J$723,7,FALSE) -> 23300
B100: ='Galian Tanah'!C576 -> 1.2.5 | C100: ='Galian Tanah'!D576 -> Lumpur
B101: ='Galian Tanah'!C577 -> 1.2.5.1 | C101: ='Galian Tanah'!D577 -> Cara Manual
B102: ='Galian Tanah'!C578 -> 1.2.5.1.1 | C102: ='Galian Tanah'!D578 -> Penggalian 1 m3 galian lumpur sedalam >0 s.d 1 m untuk volume s.d 200 m3 secara manual | D102: m3 | E102: =VLOOKUP(C102,'Galian Tanah'!$D$6:$J$723,7,FALSE) -> 145200
B103: ='Galian Tanah'!C592 -> 1.2.5.1.2 | C103: ='Galian Tanah'!D592 -> Penggalian 1 m3 galian lumpur sedalam >0 s.d 1 m untuk volume > 200 m3 secara manual | D103: m3 | E103: =VLOOKUP(C103,'Galian Tanah'!$D$6:$J$723,7,FALSE) -> 109500
B104: ='Galian Tanah'!C606 -> 1.2.5.1.3 | C104: ='Galian Tanah'!D606 -> Penggalian 1 m3 galian lumpur sedalam > 1 m s.d 2 m untuk volume s.d 200 m3 secara manual | D104: m3 | E104: =VLOOKUP(C104,'Galian Tanah'!$D$6:$J$723,7,FALSE) -> 174200
B105: ='Galian Tanah'!C620 -> 1.2.5.1.4 | C105: ='Galian Tanah'!D620 -> Penggalian 1 m3 galian lumpur sedalam > 1 m s.d 2 m untuk volume > 200 m3 secara manual | D105: m3 | E105: =VLOOKUP(C105,'Galian Tanah'!$D$6:$J$723,7,FALSE) -> 132000
B106: ='Galian Tanah'!C635 -> 1.2.5.1.5 | C106: ='Galian Tanah'!D635 -> Penggalian 1 m3 galian lumpur sedalam > 2 m s.d 3 m secara manual | D106: m3 | E106: =VLOOKUP(C106,'Galian Tanah'!$D$6:$J$723,7,FALSE) -> 151800
...

Sheet Upah Bahan
D4: HARGA SATUAN UPAH - MATERIAL - ALAT
D6: NO | E6: Kode | F6: UPAH - MATERIAL - ALAT | G6: SATUAN | H6: HARGA SATUAN | I6: KETERANGAN
D7: 1 | F7: 2 | G7: 3 | H7: 4 | I7: 5
D8: I. | F8: UPAH
D9: 1 | E9: L.01 | F9: Pekerja | G9: OH | H9: 100000
D10: 2 | E10: L.02 | F10: Tukang batu | G10: OH | H10: 145000
D11: 3 | E11: L.02 | F11: Tukang kayu | G11: OH | H11: 145000
D12: 4 | E12: L.02 | F12: Tukang besi | G12: OH | H12: 145000
D13: 5 | E13: L.02 | F13: Tukang cat | G13: OH | H13: 145000
E14: L.02 | F14: Tukang pelitur | G14: OH | H14: 145000
D15: 6 | E15: L.02 | F15: Tukang pipa | G15: OH | H15: 145000
D16: 7 | E16: L.02 | F16: Tukang penganyam bronjong | H16: 145000
D17: 8 | E17: L.02 | F17: Tukang tebas | H17: 145000
D18: 9 | E18: L.02 | F18: Tukang las | G18: OH | H18: 145000
D19: 10 | E19: L.02 | F19: Tukang las geotextile | H19: 145000
D20: 11 | E20: L.02 | F20: Tukang listrik | G20: OH | H20: 145000
D21: 12 | E21: L.02 | F21: Tukang alumunium | G21: OH | H21: 145000
D22: 13 | E22: L.02 | F22: Tukang kaca
D23: 14 | E23: L.02 | F23: Tukang erection | G23: OH | H23: 145000
D24: 15 | E24: L.02 | F24: Tukang tanam | G24: OH | H24: 145000
D25: 16 | E25: L.02 | F25: Tukang pemelihara taman | G25: OH | H25: 145000
D26: 10 | F26: Tukang gali | G26: OH | H26: 120000
D27: 11 | F27: Tukang aspal | G27: OH | H27: 120000
D28: 13 | E28: L.03 | F28: Kepala tukang | G28: OH | H28: 175000
D29: 14 | E29: L.04 | F29: Mandor | G29: OH | H29: 200000
D30: 21 | E30: L.05 | F30: Juru ukur | G30: OH | H30: 175000
D31: 28 | E31: L.06 | F31: Pembantu juru ukur | G31: OH | H31: 150000
D32: 24 | E32: L.07 | F32: Mekanik alat berat | G32: OH | H32: 220000
D33: 25 | E33: L.08 | F33: Operator alat berat | G33: OH | H33: 250000
D34: 30 | E34: L.09 | F34: Pembantu operator alat berat | G34: OH | H34: 130000
D35: 31 | E35: L.10 | F35: Sopir | G35: OH | H35: 200000
D36: 22 | E36: L.11 | F36: Kenek | G36: OH | H36: 135000
D37: 15 | F37: Administrasi bor | G37: OH | H37: 110000
D38: 16 | F38: Ahli geologist | G38: OH | H38: 400000
D39: 17 | F39: Ahli topografi | G39: OH | H39: 400000
D40: 18 | F40: Crew driller | G40: OH | H40: 125000
D41: 19 | F41: Driller | G41: OH | H41: 140000
D42: 20 | F42: Juru gambar | G42: OH | H42: 150000
D43: 23 | F43: Koordinator driller | G43: OH | H43: 155000
D44: 26 | F44: Operator pompa | G44: OH | H44: 130000
D45: 27 | F45: Pembantu driller | G45: OH | H45: 130000
D46: 29 | F46: Pembantu mekanik alat berat | G46: OH | H46: 130000
D47: 32 | F47: Supir kendaraan < 2 ton (termasuk sedan) | G47: OH | H47: 160000
E48: L.14.b | F48: Tenaga Terampil Operator | G48: OH | H48: 145000
F49: Tenaga Ahli Muda | G49: OH | H49: 145000
D51: II. | F51: MATERIAL
F52: MATERIAL TANAH DAN BATUAN
D53: 1 | F53: Agregat kasar | G53: m3 | H53: 385000
F54: Agregar Kasar | G54: kg | H54: =385000/1700 -> 226.47059
F55: Agg Pokok | G55: m3 | H55: 350000
F56: Agg Pengunci | G56: m3 | H56: 360000
F57: Agg Penutup | G57: m3 | H57: 370000
D58: 2 | F58: Bata merah | G58: buah | H58: 700
D59: 3 | F59: Bata merah 5 x 11 x 22 cm (per m3) | G59: m3 | H59: 590000
D60: 4 | F60: Bata ringan | G60: m3 | H60: 703500
D61: 5 | F61: Bata ringan t=10 cm | G61: m3 | H61: 685800
D62: 6 | F62: Bata ringan tebal 10 cm | G62: buah | H62: 11000
D63: 7 | F63: Bata ringan tebal 20 cm | G63: buah | H63: 20000
D64: 8 | F64: Bata ringan tebal 7,5 cm | G64: buah | H64: 8500
D65: 9 | F65: Bata rooster | G65: buah | H65: 15000
F66: Bata Berongga Uk. 12x11x24 | G66: buah | H66: 15000
D67: 10 | F67: Batu alam andesit bakar | G67: m² | H67: 179300
D68: 11 | F68: Batu alam andesit non bakar | G68: m² | H68: 177500
D69: 12 | F69: Batu belah (base camp - lokasi pekerjaan) | G69: m3 | H69: 339861
D70: 13 | F70: Batu belah (quarry - base camp) | G70: m3 | H70: 235000
D71: 14 | F71: Batu belah (quarry - lokasi pekerjaan) | G71: m3 | H71: 286500
F72: Pasangan batu ukuran 20/50 t=40cm | G72: m3 | H72: 286500
F73: Fondasi pasangan batu | G73: m3 | H73: 286500
D74: 15 | F74: Batu belah (quarry) | G74: m3 | H74: 127500
D75: 16 | F75: Batu candi | G75: m² | H75: 152000
D76: 17 | F76: Batu kali (quarry - base camp) | G76: m3 | H76: 187400
D77: 18 | F77: Batu kali (quarry) | G77: m3 | H77: 142500
D78: 19 | F78: Batu Muka ukuran 12x18 cm | G78: m2 | H78: 97500
F79: Batu | G79: m3 | H79: 97500
D80: 20 | F80: Batu paras | G80: m3 | H80: 125000
D81: 21 | F81: Batu pecah | G81: kg | H81: 210
D82: 22 | F82: Batu pecah 3/5 | G82: m3 | H82: 363800
D83: 23 | F83: Batu pecah 5/7 | G83: m3 | H83: 351800
D84: 24 | F84: Batu putih | G84: m² | H84: 123000
D85: 25 | F85: Batu putih breksi | G85: m² | H85: 117700
D86: 26 | F86: Batu sikat | G86: kg | H86: 6000
D87: 27 | F87: Batu split 1/2 | G87: m3 | H87: 370200
D88: 28 | F88: Batu split 2/3 | G88: m3 | H88: 352300
F89: Koral Beton | G89: m3 | H89: 352300
D90: 29 | F90: Batu tempel hitam | G90: m3 | H90: 121600
D91: 30 | F91: Fly ash | G91: kg | H91: 600
D92: 31 | F92: HB-10 | G92: buah | H92: 12000
D93: 32 | F93: HB-15 | G93: buah | H93: 12000
D94: 33 | F94: HB-20 | G94: buah | H94: 13000
F95: Kerikil | G95: kg | H95: 210
F96: Kerikil | G96: m3 | H96: 352300
D97: 34 | F97: Koral bulat | G97: m3 | H97: 225000
D98: 35 | F98: Pasir Beton | G98: kg | H98: 300
F99: Pasir Beton | G99: m3 | H99: 370200
D100: 36 | F100: Pasir beton (Base camp - lokasi pekerjaan) | G100: m3 | H100: 422600
D101: 37 | F101: Pasir beton (quarry - Base camp) | G101: m3 | H101: 325200
D102: 38 | F102: Pasir beton (quarry - lokasi pekerjaan) | G102: m3 | H102: 370200
D103: 39 | F103: Pasir beton (quarry) | G103: m3 | H103: 170000
F104: Pasir pasang | G104: m3 | H104: 200000
D105: 40 | F105: Pasir pasang (quarry - base camp) | G105: m3 | H105: 200000
...

Sheet Persiapan
C3: 1.1 | D3: PEKERJAAN PERSIAPAN
C4: 1.1.1 | D4: Pembuatan Pagar Proyek
C5: 1.1.1.1 | D5: Pembuatan 1 m’ pagar sementara dari kayu tinggi 2 meter | K5: =ROUNDDOWN(J28,-2) -> 787300 | M5: 799800
C6: No | D6: Uraian | E6: Kode | F6: Sat. | G6: Koefisien | H6: Harga Satuan (Rp) | J6: Jumlah Harga (Rp)
C7: A | D7: TENAGA KERJA | M7: Catatan:
C8: 1 | D8: Pekerja | E8: L.01 | F8: OH | G8: 0.6 | H8: =VLOOKUP(D8,upahbahan,3,FALSE) -> 100000 | J8: =G8*H8 -> 60000 | M8: Biaya Umum dan Keuntungan | P8: 0.1
C9: 2 | D9: Tukang kayu | E9: L.02 | F9: OH | G9: 0.2 | H9: =VLOOKUP(D9,upahbahan,3,FALSE) -> 145000 | J9: =G9*H9 -> 29000
C10: 3 | D10: Tukang batu | E10: L.02 | F10: OH | G10: 0.2 | H10: =VLOOKUP(D10,upahbahan,3,FALSE) -> 145000 | J10: =G10*H10 -> 29000
C11: 4 | D11: Kepala tukang | E11: L.03 | F11: OH | G11: 0.04 | H11: =VLOOKUP(D11,upahbahan,3,FALSE) -> 175000 | J11: =G11*H11 -> 7000
C12: 5 | D12: Mandor | E12: L.04 | F12: OH | G12: 0.013 | H12: =VLOOKUP(D12,upahbahan,3,FALSE) -> 200000 | J12: =G12*H12 -> 2600
C13: JUMLAH HARGA TENAGA KERJA | J13: =SUM(J8:J12) -> 127600
C14: B | D14: BAHAN
C15: 1 | D15: Kaso 5/7 kayu kelas II | F15: m3 | G15: 0.0387 | H15: =VLOOKUP(D15,upahbahan,3,FALSE) -> 10214200 | J15: =G15*H15 -> 395289.54
C16: 2 | D16: Papan Kayu ukuran 2/20 cm | F16: m3 | G16: 0.0396 | H16: =VLOOKUP(D16,upahbahan,3,FALSE) -> 2500000 | J16: =G16*H16 -> 99000
C17: 3 | D17: Paku biasa 5 inchi | F17: kg | G17: 0.5872 | H17: =VLOOKUP(D17,upahbahan,3,FALSE) -> 20000 | J17: =G17*H17 -> 11744
C18: 4 | D18: Semen Portland (PC) | F18: kg | G18: 26.406 | H18: =VLOOKUP(D18,upahbahan,3,FALSE) -> 1300 | J18: =G18*H18 -> 34327.8
C19: 5 | D19: Pasir Beton | F19: kg | G19: 61.56 | H19: =VLOOKUP(D19,upahbahan,3,FALSE) -> 300 | J19: =G19*H19 -> 18468
C20: 6 | D20: Kerikil | F20: kg | G20: 83.349 | H20: =VLOOKUP(D20,upahbahan,3,FALSE) -> 210 | J20: =G20*H20 -> 17503.29
C21: 7 | D21: Air | F21: liter | G21: 17.415 | H21: =VLOOKUP(D21,upahbahan,3,FALSE) -> 200 | J21: =G21*H21 -> 3483
C22: 8 | D22: Residu | F22: liter | G22: 0.4 | H22: =VLOOKUP(D22,upahbahan,3,FALSE) -> 21000 | J22: =G22*H22 -> 8400
C23: JUMLAH HARGA BAHAN | J23: =SUM(J15:J22) -> 588215.63
C24: C | D24: PERALATAN
C25: JUMLAH HARGA ALAT | J25: 0
C26: D | D26: Jumlah (A+B+C) | J26: =J13+J23+J25 -> 715815.63
C27: E | D27: Biaya Umum dan Keuntungan 10%-15% x D | H27: =$P$8 -> 0.1 | J27: =J26*H27 -> 71581.563
C28: F | D28: Harga Satuan Pekerjaan (D+E) | J28: =SUM(J26:J27) -> 787397.19
C30: 1.1.1.2 | D30: Pembuatan 1 m’ pagar sementara dari seng gelombang rangka kayu tinggi 2 meter | K30: =ROUNDDOWN(J52,-2) -> 635500 | M30: 639300
C31: No | D31: Uraian | F31: Sat. | G31: Koefisien | H31: Harga Satuan (Rp) | J31: Jumlah Harga (Rp)
C32: A | D32: TENAGA KERJA
C33: 1 | D33: Pekerja | E33: L.01 | F33: OH | G33: 0.25 | H33: =VLOOKUP(D33,upahbahan,3,FALSE) -> 100000 | J33: =G33*H33 -> 25000
C34: 2 | D34: Tukang kayu | E34: L.02 | F34: OH | G34: 0.125 | H34: =VLOOKUP(D34,upahbahan,3,FALSE) -> 145000 | J34: =G34*H34 -> 18125
C35: 3 | D35: Tukang batu | E35: L.02 | F35: OH | G35: 0.125 | H35: =VLOOKUP(D35,upahbahan,3,FALSE) -> 145000 | J35: =G35*H35 -> 18125
C36: 4 | D36: Kepala tukang | E36: L.03 | F36: OH | G36: 0.025 | H36: =VLOOKUP(D36,upahbahan,3,FALSE) -> 175000 | J36: =G36*H36 -> 4375
C37: 5 | D37: Mandor | E37: L.04 | F37: OH | G37: 0.008 | H37: =VLOOKUP(D37,upahbahan,3,FALSE) -> 200000 | J37: =G37*H37 -> 1600
C38: JUMLAH HARGA TENAGA KERJA | J38: =SUM(J33:J37) -> 67225
C39: B | D39: BAHAN
C40: 1 | D40: Kaso 5/7 kayu kelas II | F40: m3 | G40: 0.031 | H40: =VLOOKUP(D40,upahbahan,3,FALSE) -> 10214200 | J40: =G40*H40 -> 316640.2
C41: 2 | D41: Seng gelombang | F41: lembar | G41: 1.3125 | H41: =VLOOKUP(D41,upahbahan,3,FALSE) -> 85000 | J41: =G41*H41 -> 111562.5
C42: 3 | D42: Paku biasa 5 inchi | F42: kg | G42: 0.4271 | H42: =VLOOKUP(D42,upahbahan,3,FALSE) -> 20000 | J42: =G42*H42 -> 8542
C43: 4 | D43: Semen Portland (PC) | F43: kg | G43: 26.406 | H43: =VLOOKUP(D43,upahbahan,3,FALSE) -> 1300 | J43: =G43*H43 -> 34327.8
C44: 5 | D44: Pasir beton | F44: kg | G44: 61.56 | H44: =VLOOKUP(D44,upahbahan,3,FALSE) -> 300 | J44: =G44*H44 -> 18468
C45: 6 | D45: Kerikil | F45: kg | G45: 83.349 | H45: =VLOOKUP(D45,upahbahan,3,FALSE) -> 210 | J45: =G45*H45 -> 17503.29
C46: 7 | D46: Air | F46: liter | G46: 17.415 | H46: =VLOOKUP(D46,upahbahan,3,FALSE) -> 200 | J46: =G46*H46 -> 3483
C47: JUMLAH HARGA BAHAN | J47: =SUM(J40:J46) -> 510526.79
C48: C | D48: PERALATAN
C49: JUMLAH HARGA ALAT | J49: 0
C50: D | D50: Jumlah (A+B+C) | J50: =J38+J47+J49 -> 577751.79
C51: E | D51: Biaya Umum dan Keuntungan 10%-15% x D | H51: =$P$8 -> 0.1 | J51: =J50*H51 -> 57775.179
C52: F | D52: Harga Satuan Pekerjaan (D+E) | J52: =SUM(J50:J51) -> 635526.97
C54: 1.1.1.3 | D54: Pembuatan 1 m’ pagar sementara dari kawat duri tinggi 2 meter | K54: =ROUNDDOWN(J76,-2) -> 378200
C55: No | D55: Uraian | F55: Sat. | G55: Koefisien | H55: Harga Satuan (Rp) | J55: Jumlah Harga (Rp)
C56: A | D56: TENAGA KERJA
C57: 1 | D57: Pekerja | E57: L.01 | F57: OH | G57: 0.308 | H57: =VLOOKUP(D57,upahbahan,3,FALSE) -> 100000 | J57: =G57*H57 -> 30800
C58: 2 | D58: Tukang kayu | E58: L.02 | F58: OH | G58: 0.154 | H58: =VLOOKUP(D58,upahbahan,3,FALSE) -> 145000 | J58: =G58*H58 -> 22330
C59: 3 | D59: Tukang batu | E59: L.02 | F59: OH | G59: 0.154 | H59: =VLOOKUP(D59,upahbahan,3,FALSE) -> 145000 | J59: =G59*H59 -> 22330
C60: 4 | D60: Kepala tukang | E60: L.03 | F60: OH | G60: 0.031 | H60: =VLOOKUP(D60,upahbahan,3,FALSE) -> 175000 | J60: =G60*H60 -> 5425
C61: 5 | D61: Mandor | E61: L.04 | F61: OH | G61: 0.01 | H61: =VLOOKUP(D61,upahbahan,3,FALSE) -> 200000 | J61: =G61*H61 -> 2000
C62: JUMLAH HARGA TENAGA KERJA | J62: =SUM(J57:J61) -> 82885
C63: B | D63: BAHAN
C64: 1 | D64: Kaso 5/7 kayu kelas II | F64: m3 | G64: 0.0139 | H64: =VLOOKUP(D64,upahbahan,3,FALSE) -> 10214200 | J64: =G64*H64 -> 141977.38
C65: 2 | D65: Kawat duri | F65: m' | G65: 20.4457 | H65: =VLOOKUP(D65,upahbahan,3,FALSE) -> 1750 | J65: =G65*H65 -> 35779.975
C66: 3 | D66: Paku biasa 5 inchi | F66: kg | G66: 0.4715 | H66: =VLOOKUP(D66,upahbahan,3,FALSE) -> 20000 | J66: =G66*H66 -> 9430
C67: 4 | D67: Semen Portland (PC) | F67: kg | G67: 26.406 | H67: =VLOOKUP(D67,upahbahan,3,FALSE) -> 1300 | J67: =G67*H67 -> 34327.8
C68: 5 | D68: Pasir beton | F68: kg | G68: =G44 -> 61.56 | H68: =VLOOKUP(D68,upahbahan,3,FALSE) -> 300 | J68: =G68*H68 -> 18468
C69: 6 | D69: Kerikil | F69: Kg | G69: =G45 -> 83.349 | H69: =VLOOKUP(D69,upahbahan,3,FALSE) -> 210 | J69: =G69*H69 -> 17503.29
C70: 7 | D70: Air | F70: liter | G70: 17.415 | H70: =VLOOKUP(D70,upahbahan,3,FALSE) -> 200 | J70: =G70*H70 -> 3483
C71: JUMLAH HARGA BAHAN | J71: =SUM(J64:J70) -> 260969.45
C72: C | D72: PERALATAN
C73: JUMLAH HARGA ALAT | J73: 0
C74: D | D74: Jumlah (A+B+C) | J74: =J62+J71+J73 -> 343854.45
C75: E | D75: Biaya Umum dan Keuntungan 10%-15% x D | H75: =$P$8 -> 0.1 | J75: =J74*H75 -> 34385.445
C76: F | D76: Harga Satuan Pekerjaan (D+E) | J76: =SUM(J74:J75) -> 378239.89
C78: 1.1.1.4 | D78: Pembuatan 1 m’ pagar sementara seng gelombang rangka baja L.40.40.4 tinggi pagar 1.8 meter | K78: =ROUNDDOWN(J96,-2) -> 428900 | M78: 639300
C79: No | D79: Uraian | F79: Sat. | G79: Koefisien | H79: Harga Satuan (Rp) | J79: Jumlah Harga (Rp)
C80: A | D80: TENAGA KERJA
C81: 1 | D81: Pekerja | E81: L.01 | F81: OH | G81: 0.2 | H81: =VLOOKUP(D81,upahbahan,3,FALSE) -> 100000 | J81: =G81*H81 -> 20000
C82: 2 | D82: Tukang besi | E82: L.02 | F82: OH | G82: 0.1 | H82: =VLOOKUP(D82,upahbahan,3,FALSE) -> 145000 | J82: =G82*H82 -> 14500
C83: 3 | D83: Tukang batu | E83: L.02 | F83: OH | G83: 0.1 | H83: =VLOOKUP(D83,upahbahan,3,FALSE) -> 145000 | J83: =G83*H83 -> 14500
C84: 4 | D84: Mandor | E84: L.04 | F84: OH | G84: 0.02 | H84: =VLOOKUP(D84,upahbahan,3,FALSE) -> 200000 | J84: =G84*H84 -> 4000
C85: JUMLAH HARGA TENAGA KERJA | J85: =SUM(J81:J84) -> 53000
C86: B | D86: BAHAN
C87: 2 | D87: Seng gelombang bjls 30 panjang 180 cm | F87: lembar | G87: 1.2 | H87: =VLOOKUP(D87,upahbahan,3,FALSE) -> 73300 | J87: =G87*H87 -> 87960
C88: 3 | D88: Baja L 40.40.4 | F88: kg | G88: 13.5 | H88: =VLOOKUP(D88,upahbahan,3,FALSE) -> 14840 | J88: =G88*H88 -> 200340
C89: 4 | D89: Kawat seng 3mm | F89: kg | G89: 0.3 | H89: =VLOOKUP(D89,upahbahan,3,FALSE) -> 18800 | J89: =G89*H89 -> 5640
C90: 5 | D90: Pasangan batu ukuran 20/50 t=40cm | F90: m3 | G90: 0.15 | H90: =VLOOKUP(D90,upahbahan,3,FALSE) -> 286500 | J90: =G90*H90 -> 42975
C91: JUMLAH HARGA BAHAN | J91: =SUM(J87:J90) -> 336915
C92: C | D92: PERALATAN
C93: JUMLAH HARGA ALAT | J93: 0
C94: D | D94: Jumlah (A+B+C) | J94: =J85+J91+J93 -> 389915
C95: E | D95: Biaya Umum dan Keuntungan 10%-15% x D | H95: =$P$8 -> 0.1 | J95: =J94*H95 -> 38991.5
C96: F | D96: Harga Satuan Pekerjaan (D+E) | J96: =SUM(J94:J95) -> 428906.5
C98: 1.1.1.5 | D98: Pembuatan 1 m2 pagar BRC Galvanis | K98: =ROUNDDOWN(J113,-2) -> 17400
C99: No | D99: Uraian | F99: Sat. | G99: Koefisien | H99: Harga Satuan (Rp) | J99: Jumlah Harga (Rp)
C100: A | D100: TENAGA KERJA
C101: 1 | D101: Pekerja | E101: L.01 | F101: OH | G101: 0.042 | H101: =VLOOKUP(D101,upahbahan,3,FALSE) -> 100000 | J101: =G101*H101 -> 4200
C102: 2 | D102: Tukang kayu | E102: L.02 | F102: OH | G102: 0.04 | H102: =VLOOKUP(D102,upahbahan,3,FALSE) -> 145000 | J102: =G102*H102 -> 5800
C103: 3 | D103: Kepala tukang | E103: L.03 | F103: OH | G103: 0.004 | H103: =VLOOKUP(D103,upahbahan,3,FALSE) -> 175000 | J103: =G103*H103 -> 700
C104: 4 | D104: Mandor | E104: L.04 | F104: OH | G104: 0.001 | H104: =VLOOKUP(D104,upahbahan,3,FALSE) -> 200000 | J104: =G104*H104 -> 200
C105: JUMLAH HARGA TENAGA KERJA | J105: =SUM(J101:J104) -> 10900
C106: B | D106: BAHAN
...

Sheet Galian Tanah
C3: 1.2 | D3: PEKERJAAN GALIAN TANAH
C4: 1.2.1 | D4: Tanah Biasa
C5: 1.2.1.1 | D5: Cara Manual
C6: 1.2.1.1.1 | D6: Penggalian 1 m3 tanah biasa sedalam 0 s.d. 1 m untuk volume s.d. 200 m3 secara manual | J6: =ROUNDDOWN(I18,-2) -> 90800
C7: No | D7: Uraian | F7: Sat. | G7: Koefisien | H7: Harga Satuan (Rp) | I7: Jumlah Harga (Rp)
C8: A | D8: TENAGA KERJA
C9: 1 | D9: Pekerja | E9: L.01 | F9: OH | G9: 0.75 | H9: =VLOOKUP(D9,upahbahan,3,FALSE) -> 100000 | I9: =G9*H9 -> 75000
C10: 2 | D10: Mandor | E10: L.04 | F10: OH | G10: 0.038 | H10: =VLOOKUP(D10,upahbahan,3,FALSE) -> 200000 | I10: =G10*H10 -> 7600
C11: JUMLAH HARGA TENAGA KERJA | I11: =SUM(I9:I10) -> 82600
C12: B | D12: BAHAN
C13: JUMLAH HARGA BAHAN | I13: 0
C14: C | D14: PERALATAN
C15: JUMLAH HARGA ALAT | I15: 0
C16: D | D16: Jumlah (A+B+C) | I16: =I11+I13+I15 -> 82600
C17: E | D17: Biaya Umum dan Keuntungan 10%-15% x D | H17: 0.1 | I17: =I16*H17 -> 8260
C18: F | D18: Harga Satuan Pekerjaan (D+E) | I18: =SUM(I16:I17) -> 90860
C20: 1.2.1.1.2 | D20: Penggalian 1 m3 tanah biasa sedalam 0 s.d. 1 m untuk volume 200 m3 s.d 2.000 m3 secara manual | J20: =ROUNDDOWN(I32,-2) -> 74300
C21: No | D21: Uraian | F21: Sat. | G21: Koefisien | H21: Harga Satuan (Rp) | I21: Jumlah Harga (Rp)
C22: A | D22: TENAGA KERJA
C23: 1 | D23: Pekerja | E23: L.01 | F23: OH | G23: 0.563 | H23: =VLOOKUP(D23,upahbahan,3,FALSE) -> 100000 | I23: =G23*H23 -> 56300
C24: 2 | D24: Mandor | E24: L.04 | F24: OH | G24: 0.0563 | H24: =VLOOKUP(D24,upahbahan,3,FALSE) -> 200000 | I24: =G24*H24 -> 11260
C25: JUMLAH HARGA TENAGA KERJA | I25: =SUM(I23:I24) -> 67560
C26: B | D26: BAHAN
C27: JUMLAH HARGA BAHAN | I27: 0
C28: C | D28: PERALATAN
C29: JUMLAH HARGA ALAT | I29: 0
C30: D | D30: Jumlah (A+B+C) | I30: =I25+I27+I29 -> 67560
C31: E | D31: Biaya Umum dan Keuntungan 10%-15% x D | H31: 0.1 | I31: =I30*H31 -> 6756
C32: F | D32: Harga Satuan Pekerjaan (D+E) | I32: =SUM(I30:I31) -> 74316
C34: 1.2.1.1.3 | D34: Penggalian 1 m3 tanah biasa sedalam 0 s.d. 1 m untuk volume > 2.000 m3 secara Manual | J34: =ROUNDDOWN(I46,-2) -> 52800
C35: No | D35: Uraian | F35: Sat. | G35: Koefisien | H35: Harga Satuan (Rp) | I35: Jumlah Harga (Rp)
C36: A | D36: TENAGA KERJA
C37: 1 | D37: Pekerja | E37: L.01 | F37: OH | G37: 0.4 | H37: =VLOOKUP(D37,upahbahan,3,FALSE) -> 100000 | I37: =G37*H37 -> 40000
C38: 2 | D38: Mandor | E38: L.04 | F38: OH | G38: 0.04 | H38: =VLOOKUP(D38,upahbahan,3,FALSE) -> 200000 | I38: =G38*H38 -> 8000
C39: JUMLAH HARGA TENAGA KERJA | I39: =SUM(I37:I38) -> 48000
C40: B | D40: BAHAN
C41: JUMLAH HARGA BAHAN | I41: 0
C42: C | D42: PERALATAN
C43: JUMLAH HARGA ALAT | I43: 0
C44: D | D44: Jumlah (A+B+C) | I44: =I39+I41+I43 -> 48000
C45: E | D45: Biaya Umum dan Keuntungan 10%-15% x D | H45: 0.1 | I45: =I44*H45 -> 4800
C46: F | D46: Harga Satuan Pekerjaan (D+E) | I46: =SUM(I44:I45) -> 52800
C48: 1.2.1.1.4 | D48: Penggalian 1 m3 tanah biasa sedalam > 1 s.d. 2 m untuk volume s.d 200 m3 secara manual | J48: =ROUNDDOWN(I60,-2) -> 108900
C49: No | D49: Uraian | F49: Sat. | G49: Koefisien | H49: Harga Satuan (Rp) | I49: Jumlah Harga (Rp)
C50: A | D50: TENAGA KERJA
C51: 1 | D51: Pekerja | E51: L.01 | F51: OH | G51: 0.9 | H51: =VLOOKUP(D51,upahbahan,3,FALSE) -> 100000 | I51: =G51*H51 -> 90000
C52: 2 | D52: Mandor | E52: L.04 | F52: OH | G52: 0.045 | H52: =VLOOKUP(D52,upahbahan,3,FALSE) -> 200000 | I52: =G52*H52 -> 9000
C53: JUMLAH HARGA TENAGA KERJA | I53: =SUM(I51:I52) -> 99000
C54: B | D54: BAHAN
C55: JUMLAH HARGA BAHAN | I55: 0
C56: C | D56: PERALATAN
C57: JUMLAH HARGA ALAT | I57: 0
C58: D | D58: Jumlah (A+B+C) | I58: =I53+I55+I57 -> 99000
C59: E | D59: Biaya Umum dan Keuntungan 10%-15% x D | H59: 0.1 | I59: =I58*H59 -> 9900
C60: F | D60: Harga Satuan Pekerjaan (D+E) | I60: =SUM(I58:I59) -> 108900
C62: 1.2.1.1.5 | D62: Penggalian 1 m3 tanah biasa sedalam > 1 s.d. 2 m untuk volume > 200 m3 secara manual | J62: =ROUNDDOWN(I74,-2) -> 89100
C63: No | D63: Uraian | F63: Sat. | G63: Koefisien | H63: Harga Satuan (Rp) | I63: Jumlah Harga (Rp)
C64: A | D64: TENAGA KERJA
C65: 1 | D65: Pekerja | E65: L.01 | F65: OH | G65: 0.675 | H65: =VLOOKUP(D65,upahbahan,3,FALSE) -> 100000 | I65: =G65*H65 -> 67500
C66: 2 | D66: Mandor | E66: L.04 | F66: OH | G66: 0.0675 | H66: =VLOOKUP(D66,upahbahan,3,FALSE) -> 200000 | I66: =G66*H66 -> 13500
C67: JUMLAH HARGA TENAGA KERJA | I67: =SUM(I65:I66) -> 81000
C68: B | D68: BAHAN
C69: JUMLAH HARGA BAHAN | I69: 0
C70: C | D70: PERALATAN
C71: JUMLAH HARGA ALAT | I71: 0
C72: D | D72: Jumlah (A+B+C) | I72: =I67+I69+I71 -> 81000
C73: E | D73: Biaya Umum dan Keuntungan 10%-15% x D | H73: 0.1 | I73: =I72*H73 -> 8100
C74: F | D74: Harga Satuan Pekerjaan (D+E) | I74: =SUM(I72:I73) -> 89100
C76: 1.2.1.1.6 | D76: Penggalian 1 m3 tanah biasa sedalam > 2 s.d. 3 m untuk volume s.d 200 m3 secara manual | J76: =ROUNDDOWN(I88,-2) -> 130200
C77: No | D77: Uraian | F77: Sat. | G77: Koefisien | H77: Harga Satuan (Rp) | I77: Jumlah Harga (Rp)
C78: A | D78: TENAGA KERJA
C79: 1 | D79: Pekerja | E79: L.01 | F79: OH | G79: 1.05 | H79: =VLOOKUP(D79,upahbahan,3,FALSE) -> 100000 | I79: =G79*H79 -> 105000
C80: 2 | D80: Mandor | E80: L.04 | F80: OH | G80: 0.067 | H80: =VLOOKUP(D80,upahbahan,3,FALSE) -> 200000 | I80: =G80*H80 -> 13400
C81: JUMLAH HARGA TENAGA KERJA | I81: =SUM(I79:I80) -> 118400
C82: B | D82: BAHAN
C83: JUMLAH HARGA BAHAN | I83: 0
C84: C | D84: PERALATAN
C85: JUMLAH HARGA ALAT | I85: 0
C86: D | D86: Jumlah (A+B+C) | I86: =I81+I83+I85 -> 118400
C87: E | D87: Biaya Umum dan Keuntungan 10%-15% x D | H87: 0.1 | I87: =I86*H87 -> 11840
C88: F | D88: Harga Satuan Pekerjaan (D+E) | I88: =SUM(I86:I87) -> 130240
C90: 1.2.1.1.7 | D90: Penggalian 1 m3 tanah biasa sedalam > 2 s.d. 3 m untuk volume > 200 m3 secara manual | J90: =ROUNDDOWN(I102,-2) -> 100300
C91: No | D91: Uraian | F91: Sat. | G91: Koefisien | H91: Harga Satuan (Rp) | I91: Jumlah Harga (Rp)
C92: A | D92: TENAGA KERJA
C93: 1 | D93: Pekerja | E93: L.01 | F93: OH | G93: 0.76 | H93: =VLOOKUP(D93,upahbahan,3,FALSE) -> 100000 | I93: =G93*H93 -> 76000
C94: 2 | D94: Mandor | E94: L.04 | F94: OH | G94: 0.076 | H94: =VLOOKUP(D94,upahbahan,3,FALSE) -> 200000 | I94: =G94*H94 -> 15200
C95: JUMLAH HARGA TENAGA KERJA | I95: =SUM(I93:I94) -> 91200
C96: B | D96: BAHAN
C97: JUMLAH HARGA BAHAN | I97: 0
C98: C | D98: PERALATAN
C99: JUMLAH HARGA ALAT | I99: 0
C100: D | D100: Jumlah (A+B+C) | I100: =I95+I97+I99 -> 91200
C101: E | D101: Biaya Umum dan Keuntungan 10%-15% x D | H101: 0.1 | I101: =I100*H101 -> 9120
C102: F | D102: Harga Satuan Pekerjaan (D+E) | I102: =SUM(I100:I101) -> 100320
C104: 1.2.1.1.8 | D104: Penggalian 1 m3 tanah biasa sedalam > 3 m, setiap penambahan kedalaman 1 m secara manual | J104: =ROUNDDOWN(I116,-2) -> 9900
C105: No | D105: Uraian | F105: Sat. | G105: Koefisien | H105: Harga Satuan (Rp) | I105: Jumlah Harga (Rp)
C106: A | D106: TENAGA KERJA
C107: 1 | D107: Pekerja | E107: L.01 | F107: OH | G107: 0.075 | H107: =VLOOKUP(D107,upahbahan,3,FALSE) -> 100000 | I107: =G107*H107 -> 7500
C108: 2 | D108: Mandor | E108: L.04 | F108: OH | G108: 0.0075 | H108: =VLOOKUP(D108,upahbahan,3,FALSE) -> 200000 | I108: =G108*H108 -> 1500
C109: JUMLAH HARGA TENAGA KERJA | I109: =SUM(I107:I108) -> 9000
...

Sheet Timbunan Pemadatan
C3: 1.3 | D3: PEKERJAAN TIMBUNAN DAN PEMADATAN
C4: 1.3.1 | D4: Timbunan atau Urukan Secara Manual
C5: 1.3.1.1 | D5: 1 m3 urukan kembali galian tanah tanpa pemadatan secara manual | J5: =ROUNDDOWN(I17,-2) -> 60500
C6: No | D6: Uraian | E6: Kode | F6: Sat. | G6: Koefisien | H6: Harga Satuan (Rp) | I6: Jumlah Harga (Rp)
C7: A | D7: TENAGA KERJA | L7: Catatan:
C8: 1 | D8: Pekerja | E8: L.01 | F8: OH | G8: 0.5 | H8: =VLOOKUP(D8,upahbahan,3,FALSE) -> 100000 | I8: =G8*H8 -> 50000 | L8: Biaya Umum dan Keuntungan | O8: 0.1
C9: 2 | D9: Mandor | E9: L.04 | F9: OH | G9: 0.025 | H9: =VLOOKUP(D9,upahbahan,3,FALSE) -> 200000 | I9: =G9*H9 -> 5000
C10: JUMLAH HARGA TENAGA KERJA | I10: =SUM(I8:I9) -> 55000
C11: B | D11: BAHAN
C12: JUMLAH HARGA BAHAN | I12: 0
C13: C | D13: PERALATAN
C14: JUMLAH HARGA ALAT | I14: 0
C15: D | D15: Jumlah (A+B+C) | I15: =I10+I12+I14 -> 55000
C16: E | D16: Biaya Umum dan Keuntungan 10% - 15% x D | H16: =$O$8 -> 0.1 | I16: =I15*H16 -> 5500
C17: F | D17: Harga Satuan Pekerjaan (D+E) | I17: =SUM(I15:I16) -> 60500
C19: 1.3.1.2 | D19: 1 m3 urukan pasir uruk untuk volume s.d 200 m3 tanpa pemadatan secara manual | J19: =ROUNDDOWN(I32,-2) -> 372500
C20: No | D20: Uraian | E20: Kode | F20: Sat. | G20: Koefisien | H20: Harga Satuan (Rp) | I20: Jumlah Harga (Rp)
C21: A | D21: TENAGA KERJA
C22: 1 | D22: Pekerja | E22: L.01 | F22: OH | G22: 0.3 | H22: =VLOOKUP(D22,upahbahan,3,FALSE) -> 100000 | I22: =G22*H22 -> 30000
C23: 2 | D23: Mandor | E23: L.04 | F23: OH | G23: 0.015 | H23: =VLOOKUP(D23,upahbahan,3,FALSE) -> 200000 | I23: =G23*H23 -> 3000
C24: JUMLAH HARGA TENAGA KERJA | I24: =SUM(I22:I23) -> 33000
C25: B | D25: BAHAN
C26: 1 | D26: Pasir urug (quarry - lokasi pekerjaan) | F26: m3 | G26: 1.2 | H26: =VLOOKUP(D26,upahbahan,3,FALSE) -> 254700 | I26: =G26*H26 -> 305640
C27: JUMLAH HARGA BAHAN | I27: =SUM(I26) -> 305640
C28: C | D28: PERALATAN
C29: JUMLAH HARGA ALAT | I29: 0
C30: D | D30: Jumlah (A+B+C) | I30: =I24+I27+I29 -> 338640
C31: E | D31: Biaya Umum dan Keuntungan 10% - 15% x D | H31: =$O$8 -> 0.1 | I31: =I30*H31 -> 33864
C32: F | D32: Harga Satuan Pekerjaan (D+E) | I32: =SUM(I30:I31) -> 372504
C34: 1.3.1.3 | D34: 1 m3 urukan pasir uruk untuk volume > 200 m3 tanpa pemadatan secara manual | J34: =ROUNDDOWN(I47,-2) -> 344700
C35: No | D35: Uraian | F35: Sat. | G35: Koefisien | H35: Harga Satuan (Rp) | I35: Jumlah Harga (Rp)
C36: A | D36: TENAGA KERJA | E36: Kode
C37: 1 | D37: Pekerja | E37: L.01 | F37: OH | G37: 0.065 | H37: =VLOOKUP(D37,upahbahan,3,FALSE) -> 100000 | I37: =G37*H37 -> 6500
C38: 2 | D38: Mandor | E38: L.04 | F38: OH | G38: 0.0065 | H38: =VLOOKUP(D38,upahbahan,3,FALSE) -> 200000 | I38: =G38*H38 -> 1300
C39: JUMLAH HARGA TENAGA KERJA | I39: =SUM(I37:I38) -> 7800
C40: B | D40: BAHAN
C41: 1 | D41: Pasir urug (quarry - lokasi pekerjaan) | F41: m3 | G41: 1.2 | H41: =VLOOKUP(D41,upahbahan,3,FALSE) -> 254700 | I41: =G41*H41 -> 305640
C42: JUMLAH HARGA BAHAN | I42: =SUM(I41) -> 305640
C43: C | D43: PERALATAN
C44: JUMLAH HARGA ALAT | I44: 0
C45: D | D45: Jumlah (A+B+C) | I45: =I39+I42+I44 -> 313440
C46: E | D46: Biaya Umum dan Keuntungan 10% - 15% x D | H46: =$O$8 -> 0.1 | I46: =I45*H46 -> 31344
C47: F | D47: Harga Satuan Pekerjaan (D+E) | I47: =SUM(I45:I46) -> 344784
C49: 1.3.1.4 | D49: 1 m3 urukan tanah biasa atau tanah liat berpasir tanpa pemadatan secara manual | J49: =ROUNDDOWN(I62,-2) -> 239400
C50: No | D50: Uraian | E50: Kode | F50: Sat. | G50: Koefisien | H50: Harga Satuan (Rp) | I50: Jumlah Harga (Rp)
C51: A | D51: TENAGA KERJA
C52: 1 | D52: Pekerja | E52: L.01 | F52: OH | G52: 0.1 | H52: =VLOOKUP(D52,upahbahan,3,FALSE) -> 100000 | I52: =G52*H52 -> 10000
C53: 2 | D53: Mandor | E53: L.04 | F53: OH | G53: 0.01 | H53: =VLOOKUP(D53,upahbahan,3,FALSE) -> 200000 | I53: =G53*H53 -> 2000
C54: JUMLAH HARGA TENAGA KERJA | I54: =SUM(I52:I53) -> 12000
C55: B | D55: BAHAN
C56: 1 | D56: Tanah biasa (quarry - lokasi pekerjaan) | F56: m3 | G56: 1.4 | H56: =VLOOKUP(D56,upahbahan,3,FALSE) -> 146900 | I56: =G56*H56 -> 205660
C57: JUMLAH HARGA BAHAN | I57: =SUM(I56) -> 205660
C58: C | D58: PERALATAN
C59: JUMLAH HARGA ALAT | I59: 0
C60: D | D60: Jumlah (A+B+C) | I60: =I54+I57+I59 -> 217660
C61: E | D61: Biaya Umum dan Keuntungan 10% - 15% x D | H61: =$O$8 -> 0.1 | I61: =I60*H61 -> 21766
C62: F | D62: Harga Satuan Pekerjaan (D+E) | I62: =SUM(I60:I61) -> 239426
C63: * | D63: jika material pengurukan tersedia, maka kolom (jumlah harga) diisi *=0*. AHSP urukan tanah ini hanya untuk penimbunan, perataan dan perapihan, dan jika diperlukan pemadatan gunakan U.3.5.3.a.1 atau U.3.5.2.a
C65: 1.3.1.5 | D65: 1 m3 Urukan tanah liat (lempung) tanpa pemadatan secara manual | J65: =ROUNDDOWN(I78,-2) -> 262900
C66: No | D66: Uraian | E66: Kode | F66: Sat. | G66: Koefisien | H66: Harga Satuan (Rp) | I66: Jumlah Harga (Rp)
C67: A | D67: TENAGA KERJA
C68: 1 | D68: Pekerja | E68: L.01 | F68: OH | G68: 0.125 | H68: =VLOOKUP(D68,upahbahan,3,FALSE) -> 100000 | I68: =G68*H68 -> 12500
C69: 2 | D69: Mandor | E69: L.04 | F69: OH | G69: 0.0125 | H69: =VLOOKUP(D69,upahbahan,3,FALSE) -> 200000 | I69: =G69*H69 -> 2500
C70: JUMLAH HARGA TENAGA KERJA | I70: =SUM(I68:I69) -> 15000
C71: B | D71: BAHAN
C72: 1 | D72: Tanah liat (quarry-lokasi pekerjaan) | F72: m3 | G72: 1.4 | H72: =VLOOKUP(D72,upahbahan,3,FALSE) -> 160000 | I72: =G72*H72 -> 224000
C73: JUMLAH HARGA BAHAN | I73: =SUM(I72) -> 224000
C74: C | D74: PERALATAN
C75: JUMLAH HARGA ALAT | I75: 0
C76: D | D76: Jumlah (A+B+C) | I76: =I70+I73+I75 -> 239000
C77: E | D77: Biaya Umum dan Keuntungan 10% - 15% x D | H77: =$O$8 -> 0.1 | I77: =I76*H77 -> 23900
C78: F | D78: Harga Satuan Pekerjaan (D+E) | I78: =SUM(I76:I77) -> 262900
C79: * | D79: jika material pengurukan tersedia, maka kolom (jumlah harga) diisi *=0*. AHSP urukan tanah ini hanya untuk penimbunan, perataan dan perapihan, dan jika diperlukan pemadatan gunakan U.3.5.3.a.1 atau U.3.5.2.a
C81: 1.3.1.6 | D81: 1m3 Urukan Batu Kerikil Tanpa Pemadatan secara manual | J81: =ROUNDDOWN(I94,-2) -> 578800
C82: No | D82: Uraian | E82: Kode | F82: Sat. | G82: Koefisien | H82: Harga Satuan (Rp) | I82: Jumlah Harga (Rp)
C83: A | D83: TENAGA KERJA
C84: 1 | D84: Pekerja | E84: L.01 | F84: OH | G84: 0.3 | H84: =VLOOKUP(D84,upahbahan,3,FALSE) -> 100000 | I84: =G84*H84 -> 30000
C85: 2 | D85: Mandor | E85: L.04 | F85: OH | G85: 0.015 | H85: =VLOOKUP(D85,upahbahan,3,FALSE) -> 200000 | I85: =G85*H85 -> 3000
C86: JUMLAH HARGA TENAGA KERJA | I86: =SUM(I84:I85) -> 33000
C87: B | D87: BAHAN
C88: 1 | D88: Kerikil | F88: m3 | G88: 1.4 | H88: =VLOOKUP(D88,upahbahan,3,FALSE) -> 352300 | I88: =G88*H88 -> 493220
C89: JUMLAH HARGA BAHAN | I89: =SUM(I88) -> 493220
C90: C | D90: PERALATAN
C91: JUMLAH HARGA ALAT | I91: 0
C92: D | D92: Jumlah (A+B+C) | I92: =I86+I89+I91 -> 526220
C93: E | D93: Biaya Umum dan Keuntungan 10% - 15% x D | H93: =$O$8 -> 0.1 | I93: =I92*H93 -> 52622
C94: F | D94: Harga Satuan Pekerjaan (D+E) | I94: =SUM(I92:I93) -> 578842
C97: 1.3.1.7 | D97: 1 m3 Urukan tanah subur tanpa pemadatan secara manual | J97: =ROUNDDOWN(I110,-2) -> 217800
C98: No | D98: Uraian | E98: Kode | F98: Sat. | G98: Koefisien | H98: Harga Satuan (Rp) | I98: Jumlah Harga (Rp)
C99: A | D99: TENAGA KERJA
C100: 1 | D100: Pekerja | E100: L.01 | F100: OH | G100: 0.3 | H100: =VLOOKUP(D100,upahbahan,3,FALSE) -> 100000 | I100: =G100*H100 -> 30000
C101: 2 | D101: Mandor | E101: L.04 | F101: OH | G101: 0.015 | H101: =VLOOKUP(D101,upahbahan,3,FALSE) -> 200000 | I101: =G101*H101 -> 3000
C102: JUMLAH HARGA TENAGA KERJA | I102: =SUM(I100:I101) -> 33000
C103: B | D103: BAHAN
C104: 1 | D104: Tanah Subur | F104: m3 | G104: 1 | H104: =VLOOKUP(D104,upahbahan,3,FALSE) -> 165000 | I104: =G104*H104 -> 165000
C105: JUMLAH HARGA BAHAN | I105: =SUM(I104) -> 165000
C106: C | D106: PERALATAN
C107: JUMLAH HARGA ALAT | I107: 0
C108: D | D108: Jumlah (A+B+C) | I108: =I102+I105+I107 -> 198000
C109: E | D109: Biaya Umum dan Keuntungan 10% - 15% x D | H109: =$O$8 -> 0.1 | I109: =I108*H109 -> 19800
...

Sheet Angkut Material
C2: 1.4 | D2: Pekerjaan Angkut Materia dan/atau Hasil Galian
C3: 1.4.1 | D3: Angkut Tanah Lepas atau Hasil Galian untuk Jarak Horizontal dan medan landai naik serta turun >2"
C4: 1.4.1.1 | D4: Mengangkut 1 m3 tanah lepas, jarak angkut s.d 10 m | J4: =ROUNDDOWN(I16,-2) -> 25400
C5: No | D5: Uraian | E5: Kode | F5: Sat. | G5: Koefisien | H5: Harga Satuan (Rp) | I5: Jumlah Harga (Rp)
C6: A | D6: TENAGA KERJA
C7: 1 | D7: Pekerja | E7: L.01 | F7: OH | G7: 0.2104 | H7: =VLOOKUP(D7,upahbahan,3,FALSE) -> 100000 | I7: =H7*G7 -> 21040
C8: 2 | D8: Mandor | E8: L.04 | F8: OH | G8: 0.0105 | H8: =VLOOKUP(D8,upahbahan,3,FALSE) -> 200000 | I8: =H8*G8 -> 2100
C9: JUMLAH HARGA TENAGA KERJA | I9: =SUM(I7:I8) -> 23140
C10: B | D10: BAHAN
C11: JUMLAH HARGA BAHAN | I11: =SUM(I10) -> 0
C12: C | D12: PERALATAN
C13: JUMLAH HARGA ALAT | I13: =SUM(I12) -> 0
C14: D | D14: Jumlah (A+B+C) | I14: =I9+I11+I13 -> 23140
C15: E | D15: Biaya Umum dan Keuntungan 10% - 15% x D | H15: 0.1 | I15: =I14*H15 -> 2314
C16: F | D16: Harga Satuan Pekerjaan (D+E) | I16: =SUM(I14:I15) -> 25454
C19: 1.4.1.2 | D19: Mengangkut 1 m3 tanah lepas, jarak angkut > 10 m s.d 20 m | J19: =ROUNDDOWN(I31,-2) -> 27200
C20: No | D20: Uraian | E20: Kode | F20: Sat. | G20: Koefisien | H20: Harga Satuan (Rp) | I20: Jumlah Harga (Rp)
C21: A | D21: TENAGA KERJA
C22: 1 | D22: Pekerja | E22: L.01 | F22: OH | G22: 0.2254 | H22: =VLOOKUP(D22,upahbahan,3,FALSE) -> 100000 | I22: =H22*G22 -> 22540
C23: 2 | D23: Mandor | E23: L.04 | F23: OH | G23: 0.0112 | H23: =VLOOKUP(D23,upahbahan,3,FALSE) -> 200000 | I23: =H23*G23 -> 2240
C24: JUMLAH HARGA TENAGA KERJA | I24: =SUM(I22:I23) -> 24780
C25: B | D25: BAHAN
C26: JUMLAH HARGA BAHAN | I26: =SUM(I25) -> 0
C27: C | D27: PERALATAN
C28: JUMLAH HARGA ALAT | I28: =SUM(I27) -> 0
C29: D | D29: Jumlah (A+B+C) | I29: =I24+I26+I28 -> 24780
C30: E | D30: Biaya Umum dan Keuntungan 10% - 15% x D | H30: 0.1 | I30: =I29*H30 -> 2478
C31: F | D31: Harga Satuan Pekerjaan (D+E) | I31: =SUM(I29:I30) -> 27258
C33: 1.4.1.3 | D33: Mengangkut 1 m3 tanah lepas, jarak angkut > 20 m s.d 30 m | J33: =ROUNDDOWN(I45,-2) -> 29900
C34: No | D34: Uraian | E34: Kode | F34: Sat. | G34: Koefisien | H34: Harga Satuan (Rp) | I34: Jumlah Harga (Rp)
C35: A | D35: TENAGA KERJA
C36: 1 | D36: Pekerja | E36: L.01 | F36: OH | G36: 0.2363 | H36: =VLOOKUP(D36,upahbahan,3,FALSE) -> 100000 | I36: =H36*G36 -> 23630
C37: 2 | D37: Mandor | E37: L.04 | F37: OH | G37: 0.018 | H37: =VLOOKUP(D37,upahbahan,3,FALSE) -> 200000 | I37: =H37*G37 -> 3600
C38: JUMLAH HARGA TENAGA KERJA | I38: =SUM(I36:I37) -> 27230
C39: B | D39: BAHAN
C40: JUMLAH HARGA BAHAN | I40: =SUM(I39) -> 0
C41: C | D41: PERALATAN
C42: JUMLAH HARGA ALAT | I42: =SUM(I41) -> 0
C43: D | D43: Jumlah (A+B+C) | I43: =I38+I40+I42 -> 27230
C44: E | D44: Biaya Umum dan Keuntungan 10% - 15% x D | H44: 0.1 | I44: =I43*H44 -> 2723
C45: F | D45: Harga Satuan Pekerjaan (D+E) | I45: =SUM(I43:I44) -> 29953
C47: 1.4.1.4 | D47: Mengangkut 1 m3 tanah lepas, jarak angkut > 30 m s.d 40 m | J47: =ROUNDDOWN(I59,-2) -> 30300
C48: No | D48: Uraian | E48: Kode | F48: Sat. | G48: Koefisien | H48: Harga Satuan (Rp) | I48: Jumlah Harga (Rp)
C49: A | D49: TENAGA KERJA
C50: 1 | D50: Pekerja | E50: L.01 | F50: OH | G50: 0.2505 | H50: =VLOOKUP(D50,upahbahan,3,FALSE) -> 100000 | I50: =H50*G50 -> 25050
C51: 2 | D51: Mandor | E51: L.04 | F51: OH | G51: 0.0125 | H51: =VLOOKUP(D51,upahbahan,3,FALSE) -> 200000 | I51: =H51*G51 -> 2500
C52: JUMLAH HARGA TENAGA KERJA | I52: =SUM(I50:I51) -> 27550
C53: B | D53: BAHAN
C54: JUMLAH HARGA BAHAN | I54: =SUM(I53) -> 0
C55: C | D55: PERALATAN
C56: JUMLAH HARGA ALAT | I56: =SUM(I55) -> 0
C57: D | D57: Jumlah (A+B+C) | I57: =I52+I54+I56 -> 27550
C58: E | D58: Biaya Umum dan Keuntungan 10% - 15% x D | H58: 0.1 | I58: =I57*H58 -> 2755
C59: F | D59: Harga Satuan Pekerjaan (D+E) | I59: =SUM(I57:I58) -> 30305
C61: 1.4.1.5 | D61: Mengangkut 1 m3 tanah lepas, jarak angkut > 40 m s.d 50 m | J61: =ROUNDDOWN(I73,-2) -> 32900
C62: No | D62: Uraian | E62: Kode | F62: Sat. | G62: Koefisien | H62: Harga Satuan (Rp) | I62: Jumlah Harga (Rp)
C63: A | D63: TENAGA KERJA
C64: 1 | D64: Pekerja | E64: L.01 | F64: OH | G64: 0.2722 | H64: =VLOOKUP(D64,upahbahan,3,FALSE) -> 100000 | I64: =H64*G64 -> 27220
C65: 2 | D65: Mandor | E65: L.04 | F65: OH | G65: 0.0136 | H65: =VLOOKUP(D65,upahbahan,3,FALSE) -> 200000 | I65: =H65*G65 -> 2720
C66: JUMLAH HARGA TENAGA KERJA | I66: =SUM(I64:I65) -> 29940
C67: B | D67: BAHAN
C68: JUMLAH HARGA BAHAN | I68: =SUM(I67) -> 0
C69: C | D69: PERALATAN
C70: JUMLAH HARGA ALAT | I70: =SUM(I69) -> 0
C71: D | D71: Jumlah (A+B+C) | I71: =I66+I68+I70 -> 29940
C72: E | D72: Biaya Umum dan Keuntungan 10% - 15% x D | H72: 0.1 | I72: =I71*H72 -> 2994
C73: F | D73: Harga Satuan Pekerjaan (D+E) | I73: =SUM(I71:I72) -> 32934
C76: 1.4.1.6 | D76: Mengangkut 1 m3 tanah lepas, jarak angkut > 50 m s.d 100 m | J76: =ROUNDDOWN(I88,-2) -> 41600
C77: No | D77: Uraian | E77: Kode | F77: Sat. | G77: Koefisien | H77: Harga Satuan (Rp) | I77: Jumlah Harga (Rp)
C78: A | D78: TENAGA KERJA
C79: 1 | D79: Pekerja | E79: L.01 | F79: OH | G79: 0.344 | H79: =VLOOKUP(D79,upahbahan,3,FALSE) -> 100000 | I79: =H79*G79 -> 34400
C80: 2 | D80: Mandor | E80: L.04 | F80: OH | G80: 0.0172 | H80: =VLOOKUP(D80,upahbahan,3,FALSE) -> 200000 | I80: =H80*G80 -> 3440
C81: JUMLAH HARGA TENAGA KERJA | I81: =SUM(I79:I80) -> 37840
C82: B | D82: BAHAN
C83: JUMLAH HARGA BAHAN | I83: =SUM(I82) -> 0
C84: C | D84: PERALATAN
C85: JUMLAH HARGA ALAT | I85: =SUM(I84) -> 0
C86: D | D86: Jumlah (A+B+C) | I86: =I81+I83+I85 -> 37840
C87: E | D87: Biaya Umum dan Keuntungan 10% - 15% x D | H87: 0.1 | I87: =I86*H87 -> 3784
C88: F | D88: Harga Satuan Pekerjaan (D+E) | I88: =SUM(I86:I87) -> 41624
C90: 1.4.1.7 | D90: Mengangkut 1 m3 tanah lepas, jarak angkut > 100 m s.d 200 m | J90: =ROUNDDOWN(I102,-2) -> 58500
C91: No | D91: Uraian | E91: Kode | F91: Sat. | G91: Koefisien | H91: Harga Satuan (Rp) | I91: Jumlah Harga (Rp)
C92: A | D92: TENAGA KERJA
C93: 1 | D93: Pekerja | E93: L.01 | F93: OH | G93: 0.4843 | H93: =VLOOKUP(D93,upahbahan,3,FALSE) -> 100000 | I93: =H93*G93 -> 48430
C94: 2 | D94: Mandor | E94: L.04 | F94: OH | G94: 0.0242 | H94: =VLOOKUP(D94,upahbahan,3,FALSE) -> 200000 | I94: =H94*G94 -> 4840
C95: JUMLAH HARGA TENAGA KERJA | I95: =SUM(I93:I94) -> 53270
C96: B | D96: BAHAN
C97: JUMLAH HARGA BAHAN | I97: =SUM(I96) -> 0
C98: C | D98: PERALATAN
C99: JUMLAH HARGA ALAT | I99: =SUM(I98) -> 0
C100: D | D100: Jumlah (A+B+C) | I100: =I95+I97+I99 -> 53270
C101: E | D101: Biaya Umum dan Keuntungan 10% - 15% x D | H101: 0.1 | I101: =I100*H101 -> 5327
C102: F | D102: Harga Satuan Pekerjaan (D+E) | I102: =SUM(I100:I101) -> 58597
C105: 1.4.1.8 | D105: Mengangkut 1 m3 tanah lepas, jarak angkut > 200 m s.d 300 m | J105: =ROUNDDOWN(I117,-2) -> 78700
C106: No | D106: Uraian | E106: Kode | F106: Sat. | G106: Koefisien | H106: Harga Satuan (Rp) | I106: Jumlah Harga (Rp)
C107: A | D107: TENAGA KERJA
C108: 1 | D108: Pekerja | E108: L.01 | F108: OH | G108: 0.6513 | H108: =VLOOKUP(D108,upahbahan,3,FALSE) -> 100000 | I108: =H108*G108 -> 65130
C109: 2 | D109: Mandor | E109: L.04 | F109: OH | G109: 0.0325 | H109: =VLOOKUP(D109,upahbahan,3,FALSE) -> 200000 | I109: =H109*G109 -> 6500
C110: JUMLAH HARGA TENAGA KERJA | I110: =SUM(I108:I109) -> 71630
C111: B | D111: BAHAN
...

Sheet Geotekstil & Geomembran 
C2: 1.5 | D2: Pekerjaan Geotekstil dan Geomembran
C3: 1.5.1 | D3: 1 m2 Pasangan Geotekstil, Tipis ( > 100 s.d <400 gr/m2), Secara Manual | J3: =ROUNDDOWN(I18,-2) -> 23100
C4: No | D4: Uraian | E4: Kode | F4: Sat. | G4: Koefisien | H4: Harga Satuan (Rp) | I4: Jumlah Harga (Rp)
C5: A | D5: TENAGA KERJA
C6: 1 | D6: Pekerja | E6: L.01 | F6: OH | G6: 0.0119 | H6: =VLOOKUP(D6,upahbahan,3,FALSE) -> 100000 | I6: =H6*G6 -> 1190
C7: 2 | D7: Tukang las geotextile | E7: L.02 | F7: OH | G7: 0.0024 | H7: =VLOOKUP(D7,upahbahan,3,FALSE) -> 145000 | I7: =H7*G7 -> 348
C8: 3 | D8: Mandor | E8: L.04 | F8: OH | G8: 0.0012 | H8: =VLOOKUP(D8,upahbahan,3,FALSE) -> 200000 | I8: =H8*G8 -> 240
C9: JUMLAH HARGA TENAGA KERJA | I9: =SUM(I6:I8) -> 1778
C10: B | D10: BAHAN
C11: 1 | D11: Geotextile >100 gr/m2 | F11: m2 | G11: 1.1 | H11: =VLOOKUP(D11,upahbahan,3,FALSE) -> 17500 | I11: =H11*G11 -> 19250
C12: JUMLAH HARGA BAHAN | I12: =SUM(I10:I11) -> 19250
C13: C | D13: PERALATAN
C14: 1 | D14: Mesin Las Gotextile | F14: hari | G14: 0.00238 | H14: =VLOOKUP(D14,upahbahan,3,FALSE) -> 25000 | I14: =H14*G14 -> 59.5
C15: JUMLAH HARGA ALAT | I15: =SUM(I13:I14) -> 59.5
C16: D | D16: Jumlah (A+B+C) | I16: =I9+I12+I15 -> 21087.5
C17: E | D17: Biaya Umum dan Keuntungan 10% - 15% x D | H17: 0.1 | I17: =I16*H17 -> 2108.75
C18: F | D18: Harga Satuan Pekerjaan (D+E) | I18: =SUM(I16:I17) -> 23196.25
C20: 1.5.2 | D20: 1 m2 Pasangan Geotekstil, Tipis ( > 100 s.d <400 gr/m2), Secara Mekanis | J20: =ROUNDDOWN(I36,-2) -> 21900
C21: No | D21: Uraian | E21: Kode | F21: Sat. | G21: Koefisien | H21: Harga Satuan (Rp) | I21: Jumlah Harga (Rp)
C22: A | D22: TENAGA KERJA
C23: 1 | D23: Pekerja | E23: L.01 | F23: OH | G23: 0.0016 | H23: =VLOOKUP(D23,upahbahan,3,FALSE) -> 100000 | I23: =H23*G23 -> 160
C24: 2 | D24: Tukang las geotextile | E24: L.02 | F24: OH | G24: 0.0008 | H24: =VLOOKUP(D24,upahbahan,3,FALSE) -> 145000 | I24: =H24*G24 -> 116
C25: 3 | D25: Mandor | E25: L.04 | F25: OH | G25: 0.0002 | H25: =VLOOKUP(D25,upahbahan,3,FALSE) -> 200000 | I25: =H25*G25 -> 40
C26: JUMLAH HARGA TENAGA KERJA | I26: =SUM(I23:I25) -> 316
C27: B | D27: BAHAN
C28: 1 | D28: Geotextile >100 gr/m2 | F28: m2 | G28: 1.1 | H28: =VLOOKUP(D28,upahbahan,3,FALSE) -> 17500 | I28: =H28*G28 -> 19250
C29: JUMLAH HARGA BAHAN | I29: =SUM(I27:I28) -> 19250
C30: C | D30: PERALATAN
C31: 1 | D31: Mesin Las Gotextile | F31: hari | G31: 0.0008 | H31: =VLOOKUP(D31,upahbahan,3,FALSE) -> 25000 | I31: =H31*G31 -> 20
C32: 2 | D32: Flat deck truck 7 ton | F32: hari | G32: 0.00015 | H32: =VLOOKUP(D32,upahbahan,3,FALSE) -> 2700000 | I32: =H32*G32 -> 405
C33: JUMLAH HARGA ALAT | I33: =SUM(I30:I32) -> 425
C34: D | D34: Jumlah (A+B+C) | I34: =I26+I29+I33 -> 19991
C35: E | D35: Biaya Umum dan Keuntungan 10% - 15% x D | H35: 0.1 | I35: =I34*H35 -> 1999.1
C36: F | D36: Harga Satuan Pekerjaan (D+E) | I36: =SUM(I34:I35) -> 21990.1
C39: 1.5.3 | D39: 1 m2 Pasangan Geotekstil, Tebal Sedang ( > 400 s.d <800 gr/m2), Secara Manual | J39: =ROUNDDOWN(I54,-2) -> 30400
C40: No | D40: Uraian | E40: Kode | F40: Sat. | G40: Koefisien | H40: Harga Satuan (Rp) | I40: Jumlah Harga (Rp)
C41: A | D41: TENAGA KERJA
C42: 1 | D42: Pekerja | E42: L.01 | F42: OH | G42: 0.016 | H42: =VLOOKUP(D42,upahbahan,3,FALSE) -> 100000 | I42: =H42*G42 -> 1600
C43: 2 | D43: Tukang las geotextile | E43: L.02 | F43: OH | G43: 0.0032 | H43: =VLOOKUP(D43,upahbahan,3,FALSE) -> 145000 | I43: =H43*G43 -> 464
C44: 3 | D44: Mandor | E44: L.04 | F44: OH | G44: 0.0016 | H44: =VLOOKUP(D44,upahbahan,3,FALSE) -> 200000 | I44: =H44*G44 -> 320
C45: JUMLAH HARGA TENAGA KERJA | I45: =SUM(I42:I44) -> 2384
C46: B | D46: BAHAN
C47: 1 | D47: Geotextile >400 gr/m2 | F47: m2 | G47: 1.2 | H47: =VLOOKUP(D47,upahbahan,3,FALSE) -> 21000 | I47: =H47*G47 -> 25200
C48: JUMLAH HARGA BAHAN | I48: =SUM(I46:I47) -> 25200
C49: C | D49: PERALATAN
C50: 1 | D50: Mesin Las Gotextile | F50: hari | G50: 0.0032 | H50: =VLOOKUP(D50,upahbahan,3,FALSE) -> 25000 | I50: =H50*G50 -> 80
C51: JUMLAH HARGA ALAT | I51: =SUM(I49:I50) -> 80
C52: D | D52: Jumlah (A+B+C) | I52: =I45+I48+I51 -> 27664
C53: E | D53: Biaya Umum dan Keuntungan 10% - 15% x D | H53: 0.1 | I53: =I52*H53 -> 2766.4
C54: F | D54: Harga Satuan Pekerjaan (D+E) | I54: =SUM(I52:I53) -> 30430.4
C57: 1.5.4 | D57: 1 m2 Pasangan Geotekstil, Tebal Sedang ( > 400 s.d <800 gr/m2), Secara Semi Mekanis( untuk bangunan gedung) | J57: =ROUNDDOWN(I73,-2) -> 24000
C58: No | D58: Uraian | E58: Kode | F58: Sat. | G58: Koefisien | H58: Harga Satuan (Rp) | I58: Jumlah Harga (Rp)
C59: A | D59: TENAGA KERJA
C60: 1 | D60: Pekerja | E60: L.01 | F60: OH | G60: 0.0024 | H60: =VLOOKUP(D60,upahbahan,3,FALSE) -> 100000 | I60: =H60*G60 -> 240
C61: 2 | D61: Tukang las geotextile | E61: L.02 | F61: OH | G61: 0.0012 | H61: =VLOOKUP(D61,upahbahan,3,FALSE) -> 145000 | I61: =H61*G61 -> 174
C62: 3 | D62: Mandor | E62: L.04 | F62: OH | G62: 0.0002 | H62: =VLOOKUP(D62,upahbahan,3,FALSE) -> 200000 | I62: =H62*G62 -> 40
C63: JUMLAH HARGA TENAGA KERJA | I63: =SUM(I60:I62) -> 454
C64: B | D64: BAHAN
C65: 1 | D65: Geotextile >100 gr/m2 | F65: m2 | G65: 1.2 | H65: =VLOOKUP(D65,upahbahan,3,FALSE) -> 17500 | I65: =H65*G65 -> 21000
C66: JUMLAH HARGA BAHAN | I66: =SUM(I64:I65) -> 21000
C67: C | D67: PERALATAN
C68: 1 | D68: Mesin Las Gotextile | F68: hari | G68: 0.0012 | H68: =VLOOKUP(D68,upahbahan,3,FALSE) -> 25000 | I68: =H68*G68 -> 30
C69: 2 | D69: Flat deck truck 7 ton | F69: hari | G69: 0.000147 | H69: =VLOOKUP(D69,upahbahan,3,FALSE) -> 2700000 | I69: =H69*G69 -> 396.9
C70: JUMLAH HARGA ALAT | I70: =SUM(I67:I69) -> 426.9
C71: D | D71: Jumlah (A+B+C) | I71: =I63+I66+I70 -> 21880.9
C72: E | D72: Biaya Umum dan Keuntungan 10% - 15% x D | H72: 0.1 | I72: =I71*H72 -> 2188.09
C73: F | D73: Harga Satuan Pekerjaan (D+E) | I73: =SUM(I71:I72) -> 24068.99
C75: 1.5.5 | D75: 1 m2 Pasangan Geotekstil, Tebal ( >800 gr/m2), Secara Manual ( untuk bangunan gedung) | J75: =ROUNDDOWN(I90,-2) -> 29200
C76: No | D76: Uraian | E76: Kode | F76: Sat. | G76: Koefisien | H76: Harga Satuan (Rp) | I76: Jumlah Harga (Rp)
C77: A | D77: TENAGA KERJA
C78: 1 | D78: Pekerja | E78: L.01 | F78: OH | G78: 0.025 | H78: =VLOOKUP(D78,upahbahan,3,FALSE) -> 100000 | I78: =H78*G78 -> 2500
C79: 2 | D79: Tukang las geotextile | E79: L.02 | F79: OH | G79: 0.005 | H79: =VLOOKUP(D79,upahbahan,3,FALSE) -> 145000 | I79: =H79*G79 -> 725
C80: 3 | D80: Mandor | E80: L.04 | F80: OH | G80: 0.0025 | H80: =VLOOKUP(D80,upahbahan,3,FALSE) -> 200000 | I80: =H80*G80 -> 500
C81: JUMLAH HARGA TENAGA KERJA | I81: =SUM(I78:I80) -> 3725
C82: B | D82: BAHAN
C83: 1 | D83: Geotextile >100 gr/m2 | F83: m2 | G83: 1.3 | H83: =VLOOKUP(D83,upahbahan,3,FALSE) -> 17500 | I83: =H83*G83 -> 22750
C84: JUMLAH HARGA BAHAN | I84: =SUM(I82:I83) -> 22750
C85: C | D85: PERALATAN
C86: 1 | D86: Mesin Las Gotextile | F86: hari | G86: 0.005 | H86: =VLOOKUP(D86,upahbahan,3,FALSE) -> 25000 | I86: =H86*G86 -> 125
C87: JUMLAH HARGA ALAT | I87: =SUM(I85:I86) -> 125
C88: D | D88: Jumlah (A+B+C) | I88: =I81+I84+I87 -> 26600
C89: E | D89: Biaya Umum dan Keuntungan 10% - 15% x D | H89: 0.1 | I89: =I88*H89 -> 2660
C90: F | D90: Harga Satuan Pekerjaan (D+E) | I90: =SUM(I88:I89) -> 29260
C93: 1.5.6 | D93: 1 m2 Pasangan Geotekstil, Tebal ( >800 gr/m2), Secara Semi Mekanis ( untuk bangunan gedung) | J93: =ROUNDDOWN(I109,-2) -> 26200
C94: No | D94: Uraian | E94: Kode | F94: Sat. | G94: Koefisien | H94: Harga Satuan (Rp) | I94: Jumlah Harga (Rp)
C95: A | D95: TENAGA KERJA
C96: 1 | D96: Pekerja | E96: L.01 | F96: OH | G96: 0.0036 | H96: =VLOOKUP(D96,upahbahan,3,FALSE) -> 100000 | I96: =H96*G96 -> 360
C97: 2 | D97: Tukang las geotextile | E97: L.02 | F97: OH | G97: 0.0018 | H97: =VLOOKUP(D97,upahbahan,3,FALSE) -> 145000 | I97: =H97*G97 -> 261
C98: 3 | D98: Mandor | E98: L.04 | F98: OH | G98: 0.0004 | H98: =VLOOKUP(D98,upahbahan,3,FALSE) -> 200000 | I98: =H98*G98 -> 80
C99: JUMLAH HARGA TENAGA KERJA | I99: =SUM(I96:I98) -> 701
C100: B | D100: BAHAN
C101: 1 | D101: Geotextile >100 gr/m2 | F101: m2 | G101: 1.3 | H101: =VLOOKUP(D101,upahbahan,3,FALSE) -> 17500 | I101: =H101*G101 -> 22750
C102: JUMLAH HARGA BAHAN | I102: =SUM(I100:I101) -> 22750
C103: C | D103: PERALATAN
C104: 1 | D104: Mesin Las Gotextile | F104: hari | G104: 0.0018 | H104: =VLOOKUP(D104,upahbahan,3,FALSE) -> 25000 | I104: =H104*G104 -> 45
C105: 2 | D105: Flat deck truck 7 ton | F105: hari | G105: 0.000146 | H105: =VLOOKUP(D105,upahbahan,3,FALSE) -> 2700000 | I105: =H105*G105 -> 394.2
C106: JUMLAH HARGA ALAT | I106: =SUM(I103:I105) -> 439.2
C107: D | D107: Jumlah (A+B+C) | I107: =I99+I102+I106 -> 23890.2
C108: E | D108: Biaya Umum dan Keuntungan 10% - 15% x D | H108: 0.1 | I108: =I107*H108 -> 2389.02
C109: F | D109: Harga Satuan Pekerjaan (D+E) | I109: =SUM(I107:I108) -> 26279.22
...

Sheet Pembongkaran
C3: 1.6 | D3: ='[1]Daftar HSP'!B51 -> PEKERJAAN PEMBONGKARAN
C4: 1.6.1 | D4: Bongkaran 1 m3 pasangan batu (manual) untuk bangunan gedung | J4: =ROUNDDOWN(I19,-2) -> 146100
C5: No | D5: Uraian | E5: Kode | F5: Sat. | G5: Koefisien | H5: Harga Satuan (Rp) | I5: Jumlah Harga (Rp)
C6: A | D6: TENAGA KERJA | K6: Catatan:
C7: 1 | D7: Pekerja | E7: L.01 | F7: OH | G7: 1.2 | H7: =VLOOKUP(D7,upahbahan,3,FALSE) -> 100000 | I7: =G7*H7 -> 120000 | K7: Biaya Umum dan Keuntungan | N7: 0.1
C8: 2 | D8: Mandor | E8: L.04 | F8: OH | G8: 0.06 | H8: =VLOOKUP(D8,upahbahan,3,FALSE) -> 200000 | I8: =G8*H8 -> 12000
C9: JUMLAH HARGA TENAGA KERJA | I9: =SUM(I7:I8) -> 132000
C10: B | D10: BAHAN
C11: JUMLAH HARGA BAHAN | I11: 0
C12: C | D12: PERALATAN
C13: 1 | D13: Palu/godam (baja keras) | F13: buah | G13: 0.006 | H13: =VLOOKUP(D13,upahbahan,3,FALSE) -> 25000 | I13: =G13*H13 -> 150
C14: 2 | D14: Pahat beton (baja keras) | F14: buah | G14: 0.009 | H14: =VLOOKUP(D14,upahbahan,3,FALSE) -> 15000 | I14: =G14*H14 -> 135
C15: 3 | D15: Linggis (baja keras) | F15: buah | G15: 0.02 | H15: =VLOOKUP(D15,upahbahan,3,FALSE) -> 30000 | I15: =G15*H15 -> 600
C16: JUMLAH HARGA ALAT | I16: =SUM(I13:I15) -> 885
C17: D | D17: Jumlah (A+B+C) | I17: =I9+I11+I16 -> 132885
C18: E | D18: Biaya Umum dan Keuntungan 10% - 15% x D | H18: =$N$7 -> 0.1 | I18: =I17*H18 -> 13288.5
C19: F | D19: Harga Satuan Pekerjaan (D+E) | I19: =SUM(I17:I18) -> 146173.5
D20: NB: Jika tidak menggunakan peralatan khusus (baja keras) maka Koefien C1, C2, C3 = 0)
D21: Hasil pembersihan 1m3 pasangan batu yang dibongkar, umumnya menghasilkan 0,55-0,66 m3 batu
C23: 1.6.2 | D23: Bongkaran 1 m3 pasangan batu dengan jack hammer untuk bangunan gedung | J23: =ROUNDDOWN(I36,-2) -> 150700
C24: No | D24: Uraian | E24: Kode | F24: Sat. | G24: Koefisien | H24: Harga Satuan (Rp) | I24: Jumlah Harga (Rp)
C25: A | D25: TENAGA KERJA
C26: 1 | D26: Pekerja | E26: L.01 | F26: OH | G26: 0.2 | H26: =VLOOKUP(D26,upahbahan,3,FALSE) -> 100000 | I26: =G26*H26 -> 20000
C27: 2 | D27: Mandor | E27: L.02 | F27: OH | G27: 0.01 | H27: =VLOOKUP(D27,upahbahan,3,FALSE) -> 200000 | I27: =G27*H27 -> 2000
C28: JUMLAH HARGA TENAGA KERJA | I28: =SUM(I26:I27) -> 22000
C29: B | D29: BAHAN
C30: JUMLAH HARGA BAHAN | I30: 0
C31: C | D31: PERALATAN
C32: 1 | D32: Jack hammer + genset | F32: hari | G32: 0.05 | H32: =VLOOKUP(D32,upahbahan,3,FALSE) -> 2300000 | I32: =G32*H32 -> 115000
C33: JUMLAH HARGA ALAT | I33: =SUM(I32:I32) -> 115000
C34: D | D34: Jumlah (A+B+C) | I34: =I28+I30+I33 -> 137000
C35: E | D35: Biaya Umum dan Keuntungan 10% - 15% x D | H35: =$N$7 -> 0.1 | I35: =I34*H35 -> 13700
C36: F | D36: Harga Satuan Pekerjaan (D+E) | I36: =SUM(I34:I35) -> 150700
C38: 1.6.3 | D38: Bongkaran 1 m3 beton mutu rendah f’c < 20 MPa secara manual | J38: =ROUNDDOWN(I55,-2) -> 211000
C39: No | D39: Uraian | E39: Kode | F39: Sat. | G39: Koefisien | H39: Harga Satuan (Rp) | I39: Jumlah Harga (Rp)
C40: A | D40: TENAGA KERJA
C41: 1 | D41: Pekerja | E41: L.01 | F41: OH | G41: 1.075 | H41: =VLOOKUP(D41,upahbahan,3,FALSE) -> 100000 | I41: =G41*H41 -> 107500
C42: 2 | D42: Mandor | E42: L.04 | F42: OH | G42: 0.108 | H42: =VLOOKUP(D42,upahbahan,3,FALSE) -> 200000 | I42: =G42*H42 -> 21600
C43: JUMLAH HARGA TENAGA KERJA | I43: =SUM(I41:I42) -> 129100
C44: B | D44: BAHAN
C45: 1 | D45: Cuka bibit | F45: liter | G45: 1.2 | H45: =VLOOKUP(D45,upahbahan,3,FALSE) -> 50000 | I45: =G45*H45 -> 60000
C46: JUMLAH HARGA BAHAN | I46: =SUM(I45) -> 60000
C47: C | D47: PERALATAN
C48: 1 | D48: Palu/godam (baja keras) | F48: buah | G48: 0.02 | H48: =VLOOKUP(D48,upahbahan,3,FALSE) -> 25000 | I48: =G48*H48 -> 500
C49: 2 | D49: Gergaji besi | F49: buah | G49: 0.1 | H49: =VLOOKUP(D49,upahbahan,3,FALSE) -> 3500 | I49: =G49*H49 -> 350
C50: 3 | D50: Pahat beton (baja keras) | F50: buah | G50: 0.03 | H50: =VLOOKUP(D50,upahbahan,3,FALSE) -> 15000 | I50: =G50*H50 -> 450
C51: 4 | D51: Linggis (baja keras) | F51: buah | G51: 0.05 | H51: =VLOOKUP(D51,upahbahan,3,FALSE) -> 30000 | I51: =G51*H51 -> 1500
C52: JUMLAH HARGA ALAT | I52: =SUM(I48:I51) -> 2800
C53: D | D53: Jumlah (A+B+C) | I53: =I43+I46+I52 -> 191900
C54: E | D54: Biaya Umum dan Keuntungan 10% - 15% x D | H54: =$N$7 -> 0.1 | I54: =I53*H54 -> 19190
C55: F | D55: Harga Satuan Pekerjaan (D+E) | I55: =SUM(I53:I54) -> 211090
C57: 1.6.4 | D57: Bongkaran 1 m3 beton mutu rendah f’c ≥ 20 MPa secara manual | J57: =ROUNDDOWN(I74,-2) -> 504600
C58: No | D58: Uraian | E58: Kode | F58: Sat. | G58: Koefisien | H58: Harga Satuan (Rp) | I58: Jumlah Harga (Rp)
C59: A | D59: TENAGA KERJA
C60: 1 | D60: Pekerja | E60: L.01 | F60: OH | G60: 3.6 | H60: =VLOOKUP(D60,upahbahan,3,FALSE) -> 100000 | I60: =G60*H60 -> 360000
C61: 2 | D61: Mandor | E61: L.04 | F61: OH | G61: 0.18 | H61: =VLOOKUP(D61,upahbahan,3,FALSE) -> 200000 | I61: =G61*H61 -> 36000
C62: JUMLAH HARGA TENAGA KERJA | I62: =SUM(I60:I61) -> 396000
C63: B | D63: BAHAN
C64: 1 | D64: Cuka bibit | F64: liter | G64: 1.2 | H64: =VLOOKUP(D64,upahbahan,3,FALSE) -> 50000 | I64: =G64*H64 -> 60000
C65: JUMLAH HARGA BAHAN | I65: =SUM(I64) -> 60000
C66: C | D66: PERALATAN
C67: 1 | D67: Palu/godam (baja keras) | F67: buah | G67: 0.02 | H67: =VLOOKUP(D67,upahbahan,3,FALSE) -> 25000 | I67: =G67*H67 -> 500
C68: 2 | D68: Gergaji besi | F68: buah | G68: 0.1 | H68: =VLOOKUP(D68,upahbahan,3,FALSE) -> 3500 | I68: =G68*H68 -> 350
C69: 3 | D69: Pahat beton (baja keras) | F69: buah | G69: 0.03 | H69: =VLOOKUP(D69,upahbahan,3,FALSE) -> 15000 | I69: =G69*H69 -> 450
C70: 4 | D70: Linggis (baja keras) | F70: buah | G70: 0.05 | H70: =VLOOKUP(D70,upahbahan,3,FALSE) -> 30000 | I70: =G70*H70 -> 1500
C71: JUMLAH HARGA ALAT | I71: =SUM(I67:I70) -> 2800
C72: D | D72: Jumlah (A+B+C) | I72: =I62+I65+I71 -> 458800
C73: E | D73: Biaya Umum dan Keuntungan 10% - 15% x D | H73: =$N$7 -> 0.1 | I73: =I72*H73 -> 45880
C74: F | D74: Harga Satuan Pekerjaan (D+E) | I74: =SUM(I72:I73) -> 504680
C76: 1.6.5 | D76: Bongkaran 1 m3 beton mutu rendah f’c < 20 MPa dengan jack hammer | J76: =ROUNDDOWN(I89,-2) -> 152900
C77: No | D77: Uraian | E77: Kode | F77: Sat. | G77: Koefisien | H77: Harga Satuan (Rp) | I77: Jumlah Harga (Rp)
C78: A | D78: TENAGA KERJA
C79: 1 | D79: Pekerja | E79: L.01 | F79: OH | G79: 0.2 | H79: =VLOOKUP(D79,upahbahan,3,FALSE) -> 100000 | I79: =G79*H79 -> 20000
C80: 2 | D80: Mandor | E80: L.04 | F80: OH | G80: 0.02 | H80: =VLOOKUP(D80,upahbahan,3,FALSE) -> 200000 | I80: =G80*H80 -> 4000
C81: JUMLAH HARGA TENAGA KERJA | I81: =SUM(I79:I80) -> 24000
C82: B | D82: BAHAN
C83: JUMLAH HARGA BAHAN | I83: 0
C84: C | D84: PERALATAN
C85: 1 | D85: Jack hammer + genset | F85: hari | G85: 0.05 | H85: =VLOOKUP(D85,upahbahan,3,FALSE) -> 2300000 | I85: =G85*H85 -> 115000
C86: JUMLAH HARGA ALAT | I86: =SUM(I85:I85) -> 115000
C87: D | D87: Jumlah (A+B+C) | I87: =I81+I83+I86 -> 139000
C88: E | D88: Biaya Umum dan Keuntungan 10% - 15% x D | H88: =$N$7 -> 0.1 | I88: =I87*H88 -> 13900
C89: F | D89: Harga Satuan Pekerjaan (D+E) | I89: =SUM(I87:I88) -> 152900
C91: 1.6.6 | D91: Bongkaran 1 m3 beton mutu sedang 20 MPa ≤ f’c ≤ 40 MPa dengan jack hammer | J91: =ROUNDDOWN(I104,-2) -> 174900
C92: No | D92: Uraian | E92: Kode | F92: Sat. | G92: Koefisien | H92: Harga Satuan (Rp) | I92: Jumlah Harga (Rp)
C93: A | D93: TENAGA KERJA
C94: 1 | D94: Pekerja | E94: L.01 | F94: OH | G94: 0.4 | H94: =VLOOKUP(D94,upahbahan,3,FALSE) -> 100000 | I94: =G94*H94 -> 40000
C95: 2 | D95: Mandor | E95: L.04 | F95: OH | G95: 0.02 | H95: =VLOOKUP(D95,upahbahan,3,FALSE) -> 200000 | I95: =G95*H95 -> 4000
C96: JUMLAH HARGA TENAGA KERJA | I96: =SUM(I94:I95) -> 44000
C97: B | D97: BAHAN
C98: JUMLAH HARGA BAHAN | I98: 0
C99: C | D99: PERALATAN
C100: 1 | D100: Jack hammer + genset | F100: hari | G100: 0.05 | H100: =VLOOKUP(D100,upahbahan,3,FALSE) -> 2300000 | I100: =G100*H100 -> 115000
C101: JUMLAH HARGA ALAT | I101: =SUM(I100:I100) -> 115000
C102: D | D102: Jumlah (A+B+C) | I102: =I96+I98+I101 -> 159000
C103: E | D103: Biaya Umum dan Keuntungan 10% - 15% x D | H103: =$N$7 -> 0.1 | I103: =I102*H103 -> 15900
C104: F | D104: Harga Satuan Pekerjaan (D+E) | I104: =SUM(I102:I103) -> 174900
C106: 1.6.7 | D106: Bongkaran 1 m3 pasangan bata merah secara manual | J106: =ROUNDDOWN(I121,-2) -> 39900
C107: No | D107: Uraian | E107: Kode | F107: Sat. | G107: Koefisien | H107: Harga Satuan (Rp) | I107: Jumlah Harga (Rp)
C108: A | D108: TENAGA KERJA
...

Sheet Rangka Atap
C2: 2 | D2: PEKERJAAN STRUKTUR
C3: 2.1 | D3: PEKERJAAN RANGKA ATAP
C4: 2.1.1 | D4: Rangka Atap Baja Ringan
C5: 2.1.1.1 | D5: Pemasangan 1 m2 rangka atap pelana baja ringan (canai dingin) profil C75 | J5: =ROUNDDOWN(I20,-2) -> 298600
C6: No | D6: Uraian | E6: Kode | F6: Sat. | G6: Koefisien | H6: Harga Satuan (Rp) | I6: Jumlah Harga (Rp)
C7: A | D7: TENAGA KERJA | K7: Catatan:
C8: 1 | D8: Pekerja | E8: L.01 | F8: OH | G8: 0.734 | H8: =VLOOKUP(D8,upahbahan,3,FALSE) -> 100000 | I8: =G8*H8 -> 73400 | K8: Biaya Umum dan Keuntungan | N8: 0.1
C9: 2 | D9: Tukang besi | E9: L.02 | F9: OH | G9: 0.734 | H9: =VLOOKUP(D9,upahbahan,3,FALSE) -> 145000 | I9: =G9*H9 -> 106430
C10: 3 | D10: Kepala tukang | E10: L.03 | F10: OH | G10: 0.073 | H10: =VLOOKUP(D10,upahbahan,3,FALSE) -> 175000 | I10: =G10*H10 -> 12775
C11: 4 | D11: Mandor | E11: L.04 | F11: OH | G11: 0.024 | H11: =VLOOKUP(D11,upahbahan,3,FALSE) -> 200000 | I11: =G11*H11 -> 4800
C12: JUMLAH HARGA TENAGA KERJA | I12: =SUM(I8:I11) -> 197405
C13: B | D13: BAHAN
C14: 1 | D14: Baja ringan C75 x 0,75 mm | F14: batang | G14: 0.9603 | H14: =VLOOKUP(D14,upahbahan,3,FALSE) -> 77200 | I14: =G14*H14 -> 74135.16
C15: JUMLAH HARGA BAHAN | I15: =SUM(I14) -> 74135.16
C16: C | D16: PERALATAN
C17: JUMLAH HARGA ALAT | I17: 0
C18: D | D18: Jumlah (A+B+C) | I18: =I17+I15+I12 -> 271540.16
C19: E | D19: Biaya Umum dan Keuntungan 10% - 15% x D | H19: =$N$8 -> 0.1 | I19: =I18*H19 -> 27154.016
C20: F | D20: Harga Satuan Pekerjaan (D+E) | I20: =SUM(I18:I19) -> 298694.18
C22: 2.1.1.2 | D22: Pemasangan 1 m2 rangka atap jurai/limasan baja ringan (canai dingin) profil C75 | J22: =ROUNDDOWN(I37,-2) -> 306600
C23: No | D23: Uraian | E23: Kode | F23: Sat. | G23: Koefisien | H23: Harga Satuan (Rp) | I23: Jumlah Harga (Rp)
C24: A | D24: TENAGA KERJA
C25: 1 | D25: Pekerja | E25: L.01 | F25: OH | G25: 0.7604 | H25: =VLOOKUP(D25,upahbahan,3,FALSE) -> 100000 | I25: =G25*H25 -> 76040
C26: 2 | D26: =D9 -> Tukang besi | E26: L.02 | F26: OH | G26: 0.7604 | H26: =VLOOKUP(D26,upahbahan,3,FALSE) -> 145000 | I26: =G26*H26 -> 110258
C27: 3 | D27: Kepala tukang | E27: L.03 | F27: OH | G27: 0.076 | H27: =VLOOKUP(D27,upahbahan,3,FALSE) -> 175000 | I27: =G27*H27 -> 13300
C28: 4 | D28: Mandor | E28: L.04 | F28: OH | G28: 0.0253 | H28: =VLOOKUP(D28,upahbahan,3,FALSE) -> 200000 | I28: =G28*H28 -> 5060
C29: JUMLAH HARGA TENAGA KERJA | I29: =SUM(I25:I28) -> 204658
C30: B | D30: BAHAN
C31: 1 | D31: Baja ringan C75 x 0,75 mm | F31: batang | G31: 0.9603 | H31: =VLOOKUP(D31,upahbahan,3,FALSE) -> 77200 | I31: =G31*H31 -> 74135.16
C32: JUMLAH HARGA BAHAN | I32: =SUM(I31) -> 74135.16
C33: C | D33: PERALATAN
C34: JUMLAH HARGA ALAT | I34: 0
C35: D | D35: Jumlah (A+B+C) | I35: =I34+I32+I29 -> 278793.16
C36: E | D36: Biaya Umum dan Keuntungan 10% - 15% x D | H36: =$N$8 -> 0.1 | I36: =I35*H36 -> 27879.316
C37: F | D37: Harga Satuan Pekerjaan (D+E) | I37: =SUM(I35:I36) -> 306672.48
C39: 2.1.1.3 | D39: Pemasangan 1 m Kaso Baja Ringan C75 tebal 0,75 mm | J39: =ROUNDDOWN(I55,-2) -> 24900
C40: No | D40: Uraian | E40: Kode | F40: Sat. | G40: Koefisien | H40: Harga Satuan (Rp) | I40: Jumlah Harga (Rp)
C41: A | D41: TENAGA KERJA
C42: 1 | D42: Pekerja | E42: L.01 | F42: OH | G42: 0.0476 | H42: =VLOOKUP(D42,upahbahan,3,FALSE) -> 100000 | I42: =G42*H42 -> 4760
C43: 2 | D43: =D26 -> Tukang besi | E43: L.02 | F43: OH | G43: 0.0238 | H43: =VLOOKUP(D43,upahbahan,3,FALSE) -> 145000 | I43: =G43*H43 -> 3451
C44: 3 | D44: Kepala tukang | E44: L.03 | F44: OH | G44: 0.0024 | H44: =VLOOKUP(D44,upahbahan,3,FALSE) -> 175000 | I44: =G44*H44 -> 420
C45: 4 | D45: Mandor | E45: L.04 | F45: OH | G45: 0.0008 | H45: =VLOOKUP(D45,upahbahan,3,FALSE) -> 200000 | I45: =G45*H45 -> 160
C46: JUMLAH HARGA TENAGA KERJA | I46: =SUM(I42:I45) -> 8791
C47: B | D47: BAHAN
C48: 1 | D48: Baja ringan C75 x 0,75 mm (permeter) | F48: m | G48: 1.05 | H48: =VLOOKUP(D48,upahbahan,3,FALSE) -> 12866.667 | I48: =G48*H48 -> 13510
C49: 2 | D49: Paku Rivet | F49: buah | G49: 2 | H49: =VLOOKUP(D49,upahbahan,3,FALSE) -> 200 | I49: =G49*H49 -> 400
C50: JUMLAH HARGA BAHAN | I50: =SUM(I48:I49) -> 13910
C51: C | D51: PERALATAN
C52: JUMLAH HARGA ALAT | I52: 0
C53: D | D53: Jumlah (A+B+C) | I53: =I52+I50+I46 -> 22701
C54: E | D54: Biaya Umum dan Keuntungan 10% - 15% x D | H54: =$N$8 -> 0.1 | I54: =I53*H54 -> 2270.1
C55: F | D55: Harga Satuan Pekerjaan (D+E) | I55: =SUM(I53:I54) -> 24971.1
C58: 2.1.1.4 | D58: Pemasangan 1 m Baja Ringan R.32 tebal 0,45 mm | J58: =ROUNDDOWN(I74,-2) -> 43900
C59: No | D59: Uraian | E59: Kode | F59: Sat. | G59: Koefisien | H59: Harga Satuan (Rp) | I59: Jumlah Harga (Rp)
C60: A | D60: TENAGA KERJA
C61: 1 | D61: Pekerja | E61: L.01 | F61: OH | G61: 0.0111 | H61: =VLOOKUP(D61,upahbahan,3,FALSE) -> 100000 | I61: =G61*H61 -> 1110
C62: 2 | D62: =D45 -> Mandor | E62: L.02 | F62: OH | G62: 0.0111 | H62: =VLOOKUP(D62,upahbahan,3,FALSE) -> 200000 | I62: =G62*H62 -> 2220
C63: 3 | D63: Kepala tukang | E63: L.03 | F63: OH | G63: 0.0011 | H63: =VLOOKUP(D63,upahbahan,3,FALSE) -> 175000 | I63: =G63*H63 -> 192.5
C64: 4 | D64: Mandor | E64: L.04 | F64: OH | G64: 0.0004 | H64: =VLOOKUP(D64,upahbahan,3,FALSE) -> 200000 | I64: =G64*H64 -> 80
C65: JUMLAH HARGA TENAGA KERJA | I65: =SUM(I61:I64) -> 3602.5
C66: B | D66: BAHAN
C67: 1 | D67: Reng Baja Ringan | F67: m | G67: 1.05 | H67: =VLOOKUP(D67,upahbahan,3,FALSE) -> 33900 | I67: =G67*H67 -> 35595
C68: 2 | D68: Paku Rivet | F68: buah | G68: 4 | H68: =VLOOKUP(D68,upahbahan,3,FALSE) -> 200 | I68: =G68*H68 -> 800
C69: JUMLAH HARGA BAHAN | I69: =SUM(I67:I68) -> 36395
C70: C | D70: PERALATAN
C71: JUMLAH HARGA ALAT | I71: 0
C72: D | D72: Jumlah (A+B+C) | I72: =I71+I69+I65 -> 39997.5
C73: E | D73: Biaya Umum dan Keuntungan 10% - 15% x D | H73: =$N$8 -> 0.1 | I73: =I72*H73 -> 3999.75
C74: F | D74: Harga Satuan Pekerjaan (D+E) | I74: =SUM(I72:I73) -> 43997.25
C78: 2.1.2 | D78: Rangka Atap Kayu
C79: 2.1.2.1 | D79: Pemasangan 1 m3 konstruksi kuda-kuda konvensional, kayu kelas I, II, dan III bentang s.d. 6 meter | J79: =ROUNDDOWN(I96,-2) -> 17265400
C80: No | D80: Uraian | E80: Kode | F80: Sat. | G80: Koefisien | H80: Harga Satuan (Rp) | I80: Jumlah Harga (Rp)
C81: A | D81: TENAGA KERJA
C82: 1 | D82: Pekerja | E82: L.01 | F82: OH | G82: 4 | H82: =VLOOKUP(D82,upahbahan,3,FALSE) -> 100000 | I82: =G82*H82 -> 400000
C83: 2 | D83: Tukang kayu | E83: L.02 | F83: OH | G83: 12 | H83: =VLOOKUP(D83,upahbahan,3,FALSE) -> 145000 | I83: =G83*H83 -> 1740000
C84: 3 | D84: Kepala tukang | E84: L.03 | F84: OH | G84: 1.2 | H84: =VLOOKUP(D84,upahbahan,3,FALSE) -> 175000 | I84: =G84*H84 -> 210000
C85: 4 | D85: Mandor | E85: L.04 | F85: OH | G85: 0.4 | H85: =VLOOKUP(D85,upahbahan,3,FALSE) -> 200000 | I85: =G85*H85 -> 80000
C86: JUMLAH HARGA TENAGA KERJA | I86: =SUM(I82:I85) -> 2430000
C87: B | D87: BAHAN
C88: 1 | D88: Kayu balok 6/12 kelas II | F88: m3 | G88: 1.1 | H88: =VLOOKUP(D88,upahbahan,3,FALSE) -> 11950000 | I88: =G88*H88 -> 13145000
C89: 2 | D89: Besi strip tebal 5 mm | F89: kg | G89: 15 | H89: =VLOOKUP(D89,upahbahan,3,FALSE) -> 7500 | I89: =G89*H89 -> 112500
C90: 3 | D90: Paku 12 cm | F90: kg | G90: 5.6 | H90: =VLOOKUP(D90,upahbahan,3,FALSE) -> 1500 | I90: =G90*H90 -> 8400
C91: JUMLAH HARGA BAHAN | I91: =SUM(I88:I90) -> 13265900
C92: C | D92: PERALATAN
C93: JUMLAH HARGA ALAT | I93: 0
C94: D | D94: Jumlah (A+B+C) | I94: =I93+I91+I86 -> 15695900
C95: E | D95: Biaya Umum dan Keuntungan 10% - 15% x D | H95: =$N$8 -> 0.1 | I95: =I94*H95 -> 1569590
C96: F | D96: Harga Satuan Pekerjaan (D+E) | I96: =SUM(I94:I95) -> 17265490
C98: 2.1.2.2 | D98: Pemasangan 1 m3 konstruksi kuda-kuda ekspose, kayu kelas I | J98: =ROUNDDOWN(I115,-2) -> 37610200
C99: No | D99: Uraian | E99: Kode | F99: Sat. | G99: Koefisien | H99: Harga Satuan (Rp) | I99: Jumlah Harga (Rp)
C100: A | D100: TENAGA KERJA
C101: 1 | D101: Pekerja | E101: L.01 | F101: OH | G101: 6.7 | H101: =VLOOKUP(D101,upahbahan,3,FALSE) -> 100000 | I101: =G101*H101 -> 670000
C102: 2 | D102: Tukang kayu | E102: L.02 | F102: OH | G102: 20.1 | H102: =VLOOKUP(D102,upahbahan,3,FALSE) -> 145000 | I102: =G102*H102 -> 2914500
C103: 3 | D103: Kepala tukang | E103: L.03 | F103: OH | G103: 2.01 | H103: =VLOOKUP(D103,upahbahan,3,FALSE) -> 175000 | I103: =G103*H103 -> 351750
C104: 4 | D104: Mandor | E104: L.04 | F104: OH | G104: 0.67 | H104: =VLOOKUP(D104,upahbahan,3,FALSE) -> 200000 | I104: =G104*H104 -> 134000
C105: JUMLAH HARGA TENAGA KERJA | I105: =SUM(I101:I104) -> 4070250
C106: B | D106: BAHAN
C107: 1 | D107: Kayu balok 6/12 kelas I | F107: m3 | G107: 1.2 | H107: =VLOOKUP(D107,upahbahan,3,FALSE) -> 25000000 | I107: =G107*H107 -> 30000000
C108: 2 | D108: Besi strip tebal 5 mm | F108: kg | G108: 15 | H108: =VLOOKUP(D108,upahbahan,3,FALSE) -> 7500 | I108: =G108*H108 -> 112500
C109: 3 | D109: Paku 12 cm | F109: kg | G109: 5.6 | H109: =VLOOKUP(D109,upahbahan,3,FALSE) -> 1500 | I109: =G109*H109 -> 8400
...

Sheet Beton
C3: 2.2 | D3: PEKERJAAN STRUKTUR BETON
C4: 2.2.1 | D4: Struktur Atas
C5: 2.2.1.1 | D5: Penulangan Beton
C6: 2.2.1.1.1 | D6: 1 kg penulangan slab untuk BjTP atau BjTS atau BjTS dia. < 12 mm, cara manual (untuk bangunan gedung) | I6: =ROUNDDOWN(H22,-2) -> 18400
C7: No | D7: Uraian | E7: Sat. | F7: Koefisien | G7: Harga Satuan (Rp) | H7: Jumlah Harga (Rp)
C8: A | D8: TENAGA KERJA | J8: Catatan:
C9: 1 | D9: Pekerja | E9: OH | F9: 0.007 | G9: =VLOOKUP(D9,upahbahan,3,FALSE) -> 100000 | H9: =F9*G9 -> 700 | J9: Biaya Umum dan Keuntungan | M9: 0.1
C10: 2 | D10: Tukang besi | E10: OH | F10: 0.007 | G10: =VLOOKUP(D10,upahbahan,3,FALSE) -> 145000 | H10: =F10*G10 -> 1015
C11: 3 | D11: Kepala tukang | E11: OH | F11: 0.0007 | G11: =VLOOKUP(D11,upahbahan,3,FALSE) -> 175000 | H11: =F11*G11 -> 122.5
C12: 4 | D12: Mandor | E12: OH | F12: 0.0007 | G12: =VLOOKUP(D12,upahbahan,3,FALSE) -> 200000 | H12: =F12*G12 -> 140
C13: JUMLAH HARGA TENAGA KERJA | H13: =SUM(H9:H12) -> 1977.5
C14: B | D14: BAHAN
C15: 1 | D15: BjTP | E15: kg | F15: 1.02 | G15: =VLOOKUP(D15,upahbahan,3,FALSE) -> 14250 | H15: =F15*G15 -> 14535
C16: 2 | D16: Kawat beton | E16: kg | F16: 0.015 | G16: =VLOOKUP(D16,upahbahan,3,FALSE) -> 18800 | H16: =F16*G16 -> 282
C17: JUMLAH HARGA BAHAN | H17: =SUM(H15:H16) -> 14817
C18: C | D18: PERALATAN
C19: JUMLAH HARGA ALAT | H19: 0
C20: D | D20: Jumlah (A+B+C) | H20: =H19+H17+H13 -> 16794.5
C21: E | D21: Biaya Umum dan Keuntungan 10% - 15% x D | G21: =$M$9 -> 0.1 | H21: =H20*G21 -> 1679.45
C22: F | D22: Harga Satuan Pekerjaan (D+E) | H22: =SUM(H20:H21) -> 18473.95
C24: 2.2.1.1.2 | D24: 1 kg penulangan slab untuk BjTP atau BjTS atau BjTS dia. ≥ 12 mm, cara semi mekanis (untuk bangunan gedung) | I24: =ROUNDDOWN(H42,-2) -> 16800
C25: No | D25: Uraian | E25: Sat. | F25: Koefisien | G25: Harga Satuan (Rp) | H25: Jumlah Harga (Rp)
C26: A | D26: TENAGA KERJA
C27: 1 | D27: Pekerja | E27: OH | F27: 0.0008 | G27: =VLOOKUP(D27,upahbahan,3,FALSE) -> 100000 | H27: =F27*G27 -> 80
C28: 2 | D28: =D10 -> Tukang besi | E28: OH | F28: 0.0004 | G28: =VLOOKUP(D28,upahbahan,3,FALSE) -> 145000 | H28: =F28*G28 -> 58
C29: 3 | D29: Kepala tukang | E29: OH | F29: 4e-05 | G29: =VLOOKUP(D29,upahbahan,3,FALSE) -> 175000 | H29: =F29*G29 -> 7
C30: 4 | D30: Mandor | E30: OH | F30: 8e-05 | G30: =VLOOKUP(D30,upahbahan,3,FALSE) -> 200000 | H30: =F30*G30 -> 16
C31: JUMLAH HARGA TENAGA KERJA | H31: =SUM(H27:H30) -> 161
C32: B | D32: BAHAN
C33: 1 | D33: BjTP | E33: kg | F33: 1.02 | G33: =VLOOKUP(D33,upahbahan,3,FALSE) -> 14250 | H33: =F33*G33 -> 14535
C34: 2 | D34: Kawat beton | E34: kg | F34: 0.015 | G34: =VLOOKUP(D34,upahbahan,3,FALSE) -> 18800 | H34: =F34*G34 -> 282
C35: JUMLAH HARGA BAHAN | H35: =SUM(H33:H34) -> 14817
C36: C | D36: PERALATAN
C37: 1 | D37: Cutter baja beton | E37: hari | F37: 0.0002 | G37: =VLOOKUP(D37,upahbahan,3,FALSE) -> 800000 | H37: =F37*G37 -> 160
C38: 2 | D38: Bender baja beton | E38: hari | F38: 0.0002 | G38: =VLOOKUP(D38,upahbahan,3,FALSE) -> 850000 | H38: =F38*G38 -> 170
C39: JUMLAH HARGA ALAT | H39: =SUM(H37:H38) -> 330
C40: D | D40: Jumlah (A+B+C) | H40: =H39+H35+H31 -> 15308
C41: E | D41: Biaya Umum dan Keuntungan 10% - 15% x D | G41: =$M$9 -> 0.1 | H41: =H40*G41 -> 1530.8
C42: F | D42: Harga Satuan Pekerjaan (D+E) | H42: =SUM(H40:H41) -> 16838.8
C44: 2.2.1.1.3 | D44: 1 kg penulangan kolom, balok, ring balok, dan sloof untuk BjTP atau BjTS dia. < 12 mm, cara manual (untuk bangunan gedung) | I44: =ROUNDDOWN(H60,-2) -> 17000
C45: No | D45: Uraian | E45: Sat. | F45: Koefisien | G45: Harga Satuan (Rp) | H45: Jumlah Harga (Rp)
C46: A | D46: TENAGA KERJA
C47: 1 | D47: Pekerja | E47: OH | F47: 0.0016 | G47: =VLOOKUP(D47,upahbahan,3,FALSE) -> 100000 | H47: =F47*G47 -> 160
C48: 2 | D48: Tukang besi | E48: OH | F48: 0.0016 | G48: =VLOOKUP(D48,upahbahan,3,FALSE) -> 145000 | H48: =F48*G48 -> 232
C49: 3 | D49: Kepala tukang | E49: OH | F49: 0.00016 | G49: =VLOOKUP(D49,upahbahan,3,FALSE) -> 175000 | H49: =F49*G49 -> 28
C50: 4 | D50: Mandor | E50: OH | F50: 0.00016 | G50: =VLOOKUP(D50,upahbahan,3,FALSE) -> 200000 | H50: =F50*G50 -> 32
C51: JUMLAH HARGA TENAGA KERJA | H51: =SUM(H47:H50) -> 452
C52: B | D52: BAHAN
C53: 1 | D53: BjTP | E53: kg | F53: 1.02 | G53: =VLOOKUP(D53,upahbahan,3,FALSE) -> 14250 | H53: =F53*G53 -> 14535
C54: 2 | D54: Kawat beton | E54: kg | F54: 0.028 | G54: =VLOOKUP(D54,upahbahan,3,FALSE) -> 18800 | H54: =F54*G54 -> 526.4
C55: JUMLAH HARGA BAHAN | H55: =SUM(H53:H54) -> 15061.4
C56: C | D56: PERALATAN
C57: JUMLAH HARGA ALAT | H57: 0
C58: D | D58: Jumlah (A+B+C) | H58: =H57+H55+H51 -> 15513.4
C59: E | D59: Biaya Umum dan Keuntungan 10% - 15% x D | G59: =$M$9 -> 0.1 | H59: =H58*G59 -> 1551.34
C60: F | D60: Harga Satuan Pekerjaan (D+E) | H60: =SUM(H58:H59) -> 17064.74
C62: 2.2.1.1.4 | D62: 1 kg penulangan kolom, balok, ring balok, sloof, dan shearwall untuk BjTP atau BjTS dia. ≥ 12 mm, cara semi mekanis (untuk bangunan gedung) | I62: =ROUNDDOWN(H80,-2) -> 89600
C63: No | D63: Uraian | E63: Sat. | F63: Koefisien | G63: Harga Satuan (Rp) | H63: Jumlah Harga (Rp)
C64: A | D64: TENAGA KERJA
C65: 1 | D65: Pekerja | E65: OH | F65: 0.0016 | G65: =VLOOKUP(D65,upahbahan,3,FALSE) -> 100000 | H65: =F65*G65 -> 160
C66: 2 | D66: =D48 -> Tukang besi | E66: OH | F66: 0.0016 | G66: =VLOOKUP(D66,upahbahan,3,FALSE) -> 145000 | H66: =F66*G66 -> 232
C67: 3 | D67: Kepala tukang | E67: OH | F67: 0.00016 | G67: =VLOOKUP(D67,upahbahan,3,FALSE) -> 175000 | H67: =F67*G67 -> 28
C68: 4 | D68: Mandor | E68: OH | F68: 0.00016 | G68: =VLOOKUP(D68,upahbahan,3,FALSE) -> 200000 | H68: =F68*G68 -> 32
C69: JUMLAH HARGA TENAGA KERJA | H69: =SUM(H65:H68) -> 452
C70: B | D70: BAHAN
C71: 1 | D71: BjTP | E71: kg | F71: 1.02 | G71: =VLOOKUP(D71,upahbahan,3,FALSE) -> 14250 | H71: =F71*G71 -> 14535
C72: 2 | D72: Kawat beton | E72: kg | F72: 0.028 | G72: =VLOOKUP(D72,upahbahan,3,FALSE) -> 18800 | H72: =F72*G72 -> 526.4
C73: JUMLAH HARGA BAHAN | H73: =SUM(H71:H72) -> 15061.4
C74: C | D74: PERALATAN
C75: 1 | D75: Cutter baja beton | E75: hari | F75: 0.04 | G75: =VLOOKUP(D75,upahbahan,3,FALSE) -> 800000 | H75: =F75*G75 -> 32000
C76: 2 | D76: Bender baja beton | E76: hari | F76: 0.04 | G76: =VLOOKUP(D76,upahbahan,3,FALSE) -> 850000 | H76: =F76*G76 -> 34000
C77: JUMLAH HARGA ALAT | H77: =SUM(H75:H76) -> 66000
C78: D | D78: Jumlah (A+B+C) | H78: =H77+H73+H69 -> 81513.4
C79: E | D79: Biaya Umum dan Keuntungan 10% - 15% x D | G79: =$M$9 -> 0.1 | H79: =H78*G79 -> 8151.34
C80: F | D80: Harga Satuan Pekerjaan (D+E) | H80: =SUM(H78:H79) -> 89664.74
C82: 2.2.1.1.5 | D82: 1 kg penulangan wiremesh M6-M10 untuk slab atau dinding atau ferrocement, secara manual (untuk bangunan gedung) | I82: =ROUNDDOWN(H98,-2) -> 13800
C83: No | D83: Uraian | E83: Sat. | F83: Koefisien | G83: Harga Satuan (Rp) | H83: Jumlah Harga (Rp)
C84: A | D84: TENAGA KERJA
C85: 1 | D85: Pekerja | E85: OH | F85: 0.0025 | G85: =VLOOKUP(D85,upahbahan,3,FALSE) -> 100000 | H85: =F85*G85 -> 250
C86: 2 | D86: =D66 -> Tukang besi | E86: OH | F86: 0.0025 | G86: =VLOOKUP(D86,upahbahan,3,FALSE) -> 145000 | H86: =F86*G86 -> 362.5
C87: 3 | D87: Kepala tukang | E87: OH | F87: 0.00025 | G87: =VLOOKUP(D87,upahbahan,3,FALSE) -> 175000 | H87: =F87*G87 -> 43.75
C88: 4 | D88: Mandor | E88: OH | F88: 0.00025 | G88: =VLOOKUP(D88,upahbahan,3,FALSE) -> 200000 | H88: =F88*G88 -> 50
C89: JUMLAH HARGA TENAGA KERJA | H89: =SUM(H85:H88) -> 706.25
C90: B | D90: BAHAN
C91: 1 | D91: Wiremesh M6 | E91: kg | F91: 1.02 | G91: =VLOOKUP(D91,upahbahan,3,FALSE) -> 11522 | H91: =F91*G91 -> 11752.44
C92: 2 | D92: Kawat beton | E92: kg | F92: 0.005 | G92: =VLOOKUP(D92,upahbahan,3,FALSE) -> 18800 | H92: =F92*G92 -> 94
C93: JUMLAH HARGA BAHAN | H93: =SUM(H91:H92) -> 11846.44
C94: C | D94: PERALATAN
C95: JUMLAH HARGA ALAT | H95: 0
C96: D | D96: Jumlah (A+B+C) | H96: =H95+H93+H89 -> 12552.69
C97: E | D97: Biaya Umum dan Keuntungan 10% - 15% x D | G97: =$M$9 -> 0.1 | H97: =H96*G97 -> 1255.269
C98: F | D98: Harga Satuan Pekerjaan (D+E) | H98: =SUM(H96:H97) -> 13807.959
C100: 2.2.1.1.6 | D100: 1 kg penulangan wiremesh M6-M10 untuk slab atau dinding atau ferrocement, secara semi mekanis | I100: =ROUNDDOWN(H117,-2) -> 13200
C101: No | D101: Uraian | E101: Sat. | F101: Koefisien | G101: Harga Satuan (Rp) | H101: Jumlah Harga (Rp)
C102: A | D102: TENAGA KERJA
C103: 1 | D103: Pekerja | E103: OH | F103: 0.0004 | G103: =VLOOKUP(D103,upahbahan,3,FALSE) -> 100000 | H103: =F103*G103 -> 40
C104: 2 | D104: =D86 -> Tukang besi | E104: OH | F104: 0.0004 | G104: =VLOOKUP(D104,upahbahan,3,FALSE) -> 145000 | H104: =F104*G104 -> 58
C105: 3 | D105: Kepala tukang | E105: OH | F105: 2e-05 | G105: =VLOOKUP(D105,upahbahan,3,FALSE) -> 175000 | H105: =F105*G105 -> 3.5
C106: 4 | D106: Mandor | E106: OH | F106: 4e-05 | G106: =VLOOKUP(D106,upahbahan,3,FALSE) -> 200000 | H106: =F106*G106 -> 8
C107: JUMLAH HARGA TENAGA KERJA | H107: =SUM(H103:H106) -> 109.5
...

Sheet Pondasi
C2: 2.2.2 | D2: Struktur Bawah
C3: 2.2.2.1 | D3: Fondasi Menerus Batu Belah
C4: 2.2.2.1.1 | D4: Pemasangan 1 m3 batu kosong (anstamping) untuk pondasi gedung | J4: =ROUNDDOWN(I20,-2) -> 657500
C5: No | D5: Uraian | E5: Kode | F5: Sat. | G5: Koefisien | H5: Harga Satuan (Rp) | I5: Jumlah Harga (Rp)
C6: A | D6: TENAGA KERJA | K6: Catatan:
C7: 1 | D7: Pekerja | E7: L.01 | F7: OH | G7: 0.78 | H7: =VLOOKUP(D7,upahbahan,3,FALSE) -> 100000 | I7: =G7*H7 -> 78000 | K7: Biaya Umum dan Keuntungan | N7: 0.1
C8: 2 | D8: Tukang batu | E8: L.02 | F8: OH | G8: 0.39 | H8: =VLOOKUP(D8,upahbahan,3,FALSE) -> 145000 | I8: =G8*H8 -> 56550
C9: 3 | D9: Kepala tukang | E9: L.03 | F9: OH | G9: 0.039 | H9: =VLOOKUP(D9,upahbahan,3,FALSE) -> 175000 | I9: =G9*H9 -> 6825
C10: 4 | D10: Mandor | E10: L.04 | F10: OH | G10: 0.013 | H10: =VLOOKUP(D10,upahbahan,3,FALSE) -> 200000 | I10: =G10*H10 -> 2600
C11: JUMLAH HARGA TENAGA KERJA | I11: =SUM(I7:I10) -> 143975
C12: B | D12: BAHAN
C13: 1 | D13: Batu belah (quarry - lokasi pekerjaan) | F13: m3 | G13: 1.2 | H13: =VLOOKUP(D13,upahbahan,3,FALSE) -> 286500 | I13: =G13*H13 -> 343800
C14: 2 | D14: Pasir urug (quarry - lokasi pekerjaan) | F14: m3 | G14: 0.432 | H14: =VLOOKUP(D14,upahbahan,3,FALSE) -> 254700 | I14: =G14*H14 -> 110030.4
C15: JUMLAH HARGA BAHAN | I15: =SUM(I13:I14) -> 453830.4
C16: C | D16: PERALATAN
C17: JUMLAH HARGA ALAT | I17: 0
C18: D | D18: Jumlah (A+B+C) | I18: =I17+I15+I11 -> 597805.4
C19: E | D19: Biaya Umum dan Keuntungan 10% - 15% x D | H19: =$N$7 -> 0.1 | I19: =I18*H19 -> 59780.54
C20: F | D20: Harga Satuan Pekerjaan (D+E) | I20: =SUM(I18:I19) -> 657585.94
C22: 2.2.2.1.2 | D22: Pemasangan 1 m3 pondasi batu belah mortar tipe M 17,5 Mpa setara 1SP : 2PP, cara manual | J22: =ROUNDDOWN(I38,-2) -> 1149300
C23: No | D23: Uraian | E23: Kode | F23: Sat. | G23: Koefisien | H23: Harga Satuan (Rp) | I23: Jumlah Harga (Rp)
C24: A | D24: TENAGA KERJA
C25: 1 | D25: Pekerja | E25: L.01 | F25: OH | G25: 1.5 | H25: =VLOOKUP(D25,upahbahan,3,FALSE) -> 100000 | I25: =G25*H25 -> 150000
C26: 2 | D26: Tukang batu | E26: L.02 | F26: OH | G26: 0.5 | H26: =VLOOKUP(D26,upahbahan,3,FALSE) -> 145000 | I26: =G26*H26 -> 72500
C27: 3 | D27: Mandor | E27: L.04 | F27: OH | G27: 0.15 | H27: =VLOOKUP(D27,upahbahan,3,FALSE) -> 200000 | I27: =G27*H27 -> 30000
C28: JUMLAH HARGA TENAGA KERJA | I28: =SUM(I24:I27) -> 252500
C29: B | D29: BAHAN
C30: 1 | D30: Batu belah (quarry - lokasi pekerjaan) | F30: m3 | G30: 1.2 | H30: =VLOOKUP(D30,upahbahan,3,FALSE) -> 286500 | I30: =G30*H30 -> 343800
C31: 2 | D31: Semen portland (pc) | F31: kg | G31: 252 | H31: =VLOOKUP(D31,upahbahan,3,FALSE) -> 1300 | I31: =G31*H31 -> 327600
C32: 3 | D32: Pasir pasang (quarry - lokasi pekerjaan) | F32: m3 | G32: 0.44 | H32: =VLOOKUP(D32,upahbahan,3,FALSE) -> 275000 | I32: =G32*H32 -> 121000
C33: JUMLAH HARGA BAHAN | I33: =SUM(I30:I32) -> 792400
C34: C | D34: PERALATAN
C35: JUMLAH HARGA ALAT | I35: 0
C36: D | D36: Jumlah (A+B+C) | I36: =I35+I33+I28 -> 1044900
C37: E | D37: Biaya Umum dan Keuntungan 10% - 15% x D | H37: =$N$7 -> 0.1 | I37: =I36*H37 -> 104490
C38: F | D38: Harga Satuan Pekerjaan (D+E) | I38: =SUM(I36:I37) -> 1149390
C40: 2.2.2.1.3 | D40: Pemasangan 1 m3 pondasi batu belah mortar tipe M 17,5 Mpa (setara 1SP : 2PP), cara semi mekanis | J40: =ROUNDDOWN(I57,-2) -> 1098000
C41: No | D41: Uraian | E41: Kode | F41: Sat. | G41: Koefisien | H41: Harga Satuan (Rp) | I41: Jumlah Harga (Rp)
C42: A | D42: TENAGA KERJA
C43: 1 | D43: Pekerja | E43: L.01 | F43: OH | G43: 1 | H43: =VLOOKUP(D43,upahbahan,3,FALSE) -> 100000 | I43: =G43*H43 -> 100000
C44: 2 | D44: Tukang batu | E44: L.02 | F44: OH | G44: 0.5 | H44: =VLOOKUP(D44,upahbahan,3,FALSE) -> 145000 | I44: =G44*H44 -> 72500
C45: 3 | D45: Mandor | E45: L.04 | F45: OH | G45: 0.1 | H45: =VLOOKUP(D45,upahbahan,3,FALSE) -> 200000 | I45: =G45*H45 -> 20000
C46: JUMLAH HARGA TENAGA KERJA | I46: =SUM(I43:I45) -> 192500
C47: B | D47: BAHAN
C48: 1 | D48: Batu belah (quarry - lokasi pekerjaan) | F48: m3 | G48: 1.2 | H48: =VLOOKUP(D48,upahbahan,3,FALSE) -> 286500 | I48: =G48*H48 -> 343800
C49: 2 | D49: Semen portland (PC) | F49: kg | G49: 252 | H49: =VLOOKUP(D49,upahbahan,3,FALSE) -> 1300 | I49: =G49*H49 -> 327600
C50: 3 | D50: Pasir pasang (quarry - lokasi pekerjaan) | F50: m3 | G50: 0.44 | H50: =VLOOKUP(D50,upahbahan,3,FALSE) -> 275000 | I50: =G50*H50 -> 121000
C51: JUMLAH HARGA BAHAN | I51: =SUM(I48:I50) -> 792400
C52: C | D52: PERALATAN
C53: 1 | D53: Molen beton mixer 350 liter | F53: hari | G53: 0.0443 | H53: =VLOOKUP(D53,upahbahan,3,FALSE) -> 300000 | I53: =G53*H53 -> 13290
C54: JUMLAH HARGA ALAT | I54: =SUM(I53) -> 13290
C55: D | D55: Jumlah (A+B+C) | I55: =I54+I51+I46 -> 998190
C56: E | D56: Biaya Umum dan Keuntungan 10% - 15% x D | H56: =$N$7 -> 0.1 | I56: =I55*H56 -> 99819
C57: F | D57: Harga Satuan Pekerjaan (D+E) | I57: =SUM(I55:I56) -> 1098009
C59: 2.2.2.1.4 | D59: Pemasangan 1 m3 pondasi batu belah mortar tipe S 12,5 Mpa (setara 1SP : 3PP), cara manual | J59: =ROUNDDOWN(I75,-2) -> 1091500
C60: No | D60: Uraian | E60: Kode | F60: Sat. | G60: Koefisien | H60: Harga Satuan (Rp) | I60: Jumlah Harga (Rp)
C61: A | D61: TENAGA KERJA
C62: 1 | D62: Pekerja | E62: L.01 | F62: OH | G62: 1.5 | H62: =VLOOKUP(D62,upahbahan,3,FALSE) -> 100000 | I62: =G62*H62 -> 150000
C63: 2 | D63: Tukang batu | E63: L.02 | F63: OH | G63: 0.5 | H63: =VLOOKUP(D63,upahbahan,3,FALSE) -> 145000 | I63: =G63*H63 -> 72500
C64: 3 | D64: Mandor | E64: L.04 | F64: OH | G64: 0.15 | H64: =VLOOKUP(D64,upahbahan,3,FALSE) -> 200000 | I64: =G64*H64 -> 30000
C65: JUMLAH HARGA TENAGA KERJA | I65: =SUM(I62:I64) -> 252500
C66: B | D66: BAHAN
C67: 1 | D67: Batu belah (quarry - lokasi pekerjaan) | F67: m3 | G67: 1.2 | H67: =VLOOKUP(D67,upahbahan,3,FALSE) -> 286500 | I67: =G67*H67 -> 343800
C68: 2 | D68: Semen portland (PC) | F68: kg | G68: 202 | H68: =VLOOKUP(D68,upahbahan,3,FALSE) -> 1300 | I68: =G68*H68 -> 262600
C69: 3 | D69: Pasir pasang (quarry - lokasi pekerjaan) | F69: m3 | G69: 0.485 | H69: =VLOOKUP(D69,upahbahan,3,FALSE) -> 275000 | I69: =G69*H69 -> 133375
C70: JUMLAH HARGA BAHAN | I70: =SUM(I67:I69) -> 739775
C71: C | D71: PERALATAN
C72: JUMLAH HARGA ALAT | I72: 0
C73: D | D73: Jumlah (A+B+C) | I73: =I72+I70+I65 -> 992275
C74: E | D74: Biaya Umum dan Keuntungan 10% - 15% x D | H74: =$N$7 -> 0.1 | I74: =I73*H74 -> 99227.5
C75: F | D75: Harga Satuan Pekerjaan (D+E) | I75: =SUM(I73:I74) -> 1091502.5
C77: 2.2.2.1.5 | D77: Pemasangan 1 m3 pondasi batu belah mortar tipe S 12,5 Mpa (setara 1SP : 3PP), cara semi mekanis | J77: =ROUNDDOWN(I94,-2) -> 1040100
C78: No | D78: Uraian | E78: Kode | F78: Sat. | G78: Koefisien | H78: Harga Satuan (Rp) | I78: Jumlah Harga (Rp)
C79: A | D79: TENAGA KERJA
C80: 1 | D80: Pekerja | E80: L.01 | F80: OH | G80: 1 | H80: =VLOOKUP(D80,upahbahan,3,FALSE) -> 100000 | I80: =G80*H80 -> 100000
C81: 2 | D81: Tukang batu | E81: L.02 | F81: OH | G81: 0.5 | H81: =VLOOKUP(D81,upahbahan,3,FALSE) -> 145000 | I81: =G81*H81 -> 72500
C82: 3 | D82: Mandor | E82: L.04 | F82: OH | G82: 0.1 | H82: =VLOOKUP(D82,upahbahan,3,FALSE) -> 200000 | I82: =G82*H82 -> 20000
C83: JUMLAH HARGA TENAGA KERJA | I83: =SUM(I80:I82) -> 192500
C84: B | D84: BAHAN
C85: 1 | D85: Batu belah (quarry - lokasi pekerjaan) | F85: m3 | G85: 1.2 | H85: =VLOOKUP(D85,upahbahan,3,FALSE) -> 286500 | I85: =G85*H85 -> 343800
C86: 2 | D86: Semen portland (pc) | F86: kg | G86: 202 | H86: =VLOOKUP(D86,upahbahan,3,FALSE) -> 1300 | I86: =G86*H86 -> 262600
C87: 3 | D87: Pasir pasang (quarry - lokasi pekerjaan) | F87: m3 | G87: 0.485 | H87: =VLOOKUP(D87,upahbahan,3,FALSE) -> 275000 | I87: =G87*H87 -> 133375
C88: JUMLAH HARGA BAHAN | I88: =SUM(I85:I87) -> 739775
C89: C | D89: PERALATAN
C90: 1 | D90: Molen beton mixer 350 liter | F90: hari | G90: 0.0443 | H90: =VLOOKUP(D90,upahbahan,3,FALSE) -> 300000 | I90: =G90*H90 -> 13290
C91: JUMLAH HARGA ALAT | I91: =SUM(I90) -> 13290
C92: D | D92: Jumlah (A+B+C) | I92: =I91+I88+I83 -> 945565
C93: E | D93: Biaya Umum dan Keuntungan 10% - 15% x D | H93: =$N$7 -> 0.1 | I93: =I92*H93 -> 94556.5
C94: F | D94: Harga Satuan Pekerjaan (D+E) | I94: =SUM(I92:I93) -> 1040121.5
C96: 2.2.2.1.6 | D96: Pemasangan 1 m3 pondasi batu belah mortar tipe N 5,2 Mpa (setara 1SP : 4PP), cara manual | J96: =ROUNDDOWN(I112,-2) -> 1046300
C97: No | D97: Uraian | E97: Kode | F97: Sat. | G97: Koefisien | H97: Harga Satuan (Rp) | I97: Jumlah Harga (Rp)
C98: A | D98: TENAGA KERJA
C99: 1 | D99: Pekerja | E99: L.01 | F99: OH | G99: 1.5 | H99: =VLOOKUP(D99,upahbahan,3,FALSE) -> 100000 | I99: =G99*H99 -> 150000
C100: 2 | D100: Tukang batu | E100: L.02 | F100: OH | G100: 0.5 | H100: =VLOOKUP(D100,upahbahan,3,FALSE) -> 145000 | I100: =G100*H100 -> 72500
C101: 3 | D101: Mandor | E101: L.04 | F101: OH | G101: 0.15 | H101: =VLOOKUP(D101,upahbahan,3,FALSE) -> 200000 | I101: =G101*H101 -> 30000
C102: JUMLAH HARGA TENAGA KERJA | I102: =SUM(I99:I101) -> 252500
C103: B | D103: BAHAN
C104: 1 | D104: Batu belah (quarry - lokasi pekerjaan) | F104: m3 | G104: 1.2 | H104: =VLOOKUP(D104,upahbahan,3,FALSE) -> 286500 | I104: =G104*H104 -> 343800
C105: 2 | D105: Semen portland (PC) | F105: kg | G105: 163 | H105: =VLOOKUP(D105,upahbahan,3,FALSE) -> 1300 | I105: =G105*H105 -> 211900
C106: 3 | D106: Pasir pasang (quarry - lokasi pekerjaan) | F106: m3 | G106: 0.52 | H106: =VLOOKUP(D106,upahbahan,3,FALSE) -> 275000 | I106: =G106*H106 -> 143000
...

Sheet BAJA
C2: 2.3 | D2: PEKERJAAN STRUKTUR BAJA
C3: 2.23.1 | D3: Struktur Atas
C4: 2.3.1.1 | D4: 1 kg Pabrikasi dan Ereksi Baja Profil | J4: =ROUNDDOWN(I23,-2) -> 55900
C5: No | D5: Uraian | E5: Kode | F5: Sat. | G5: Koefisien | H5: Harga Satuan (Rp) | I5: Jumlah Harga (Rp)
C6: A | D6: TENAGA KERJA | K6: Catatan:
C7: 1 | D7: Pekerja | E7: L.01 | F7: OH | G7: 0.0375 | H7: =VLOOKUP(D7,upahbahan,3,FALSE) -> 100000 | I7: =G7*H7 -> 3750 | K7: Biaya Umum dan Keuntungan | N7: 0.1
C8: 2 | D8: Tukang besi | E8: L.02 | F8: OH | G8: 0.0125 | H8: =VLOOKUP(D8,upahbahan,3,FALSE) -> 145000 | I8: =G8*H8 -> 1812.5
C9: 3 | D9: Tukang las | E9: L.02 | F9: OH | G9: 0.0125 | H9: =VLOOKUP(D9,upahbahan,3,FALSE) -> 145000 | I9: =G9*H9 -> 1812.5
C10: 4 | D10: Kepala tukang | E10: L.03 | F10: OH | G10: 0.0025 | H10: =VLOOKUP(D10,upahbahan,3,FALSE) -> 175000 | I10: =G10*H10 -> 437.5
C11: 5 | D11: Mandor | E11: L.04 | F11: OH | G11: 0.008 | H11: =VLOOKUP(D11,upahbahan,3,FALSE) -> 200000 | I11: =G11*H11 -> 1600
C12: JUMLAH HARGA TENAGA KERJA | I12: =SUM(I7:I11) -> 9412.5
C13: B | D13: BAHAN
C14: 1 | D14: Baja Profil | F14: kg | G14: 1.2 | H14: =VLOOKUP(D14,upahbahan,3,FALSE) -> 16480 | I14: =G14*H14 -> 19776
C15: 2 | D15: Kawat las | F15: kg | G15: 0.432 | H15: =VLOOKUP(D15,upahbahan,3,FALSE) -> 45550 | I15: =G15*H15 -> 19677.6
C16: JUMLAH HARGA BAHAN | I16: =SUM(I14:I15) -> 39453.6
C17: C | D17: PERALATAN
C18: 1 | D18: Alat Las Listrik | F18: jam | G18: 0.033 | H18: =VLOOKUP(D18,upahbahan,3,FALSE) -> 3125 | I18: =G18*H18 -> 103.125
C19: 2 | D19: Sewa mobil crane | F19: jam | G19: 0.0013 | H19: =VLOOKUP(D19,upahbahan,3,FALSE) -> 1450000 | I19: =G19*H19 -> 1885
C20: JUMLAH HARGA ALAT | I20: =SUM(I18:I19) -> 1988.125
C21: D | D21: Jumlah (A+B+C) | I21: =I20+I16+I12 -> 50854.225
C22: E | D22: Biaya Umum dan Keuntungan 10% - 15% x D | H22: =$N$7 -> 0.1 | I22: =I21*H22 -> 5085.4225
C23: F | D23: Harga Satuan Pekerjaan (D+E) | I23: =SUM(I21:I22) -> 55939.647
C25: 2.3.1.2 | D25: 1 kg Pemasangan angkur | J25: =ROUNDDOWN(I40,-2) -> 30300
C26: No | D26: Uraian | E26: Kode | F26: Sat. | G26: Koefisien | H26: Harga Satuan (Rp) | I26: Jumlah Harga (Rp)
C27: A | D27: TENAGA KERJA | K27: Catatan:
C28: 1 | D28: Pekerja | E28: L.01 | F28: OH | G28: 0.0406 | H28: =VLOOKUP(D28,upahbahan,3,FALSE) -> 100000 | I28: =G28*H28 -> 4060 | K28: Biaya Umum dan Keuntungan | N28: 0.1
C29: 2 | D29: Tukang las | E29: L.02 | F29: OH | G29: 0.0406 | H29: =VLOOKUP(D29,upahbahan,3,FALSE) -> 145000 | I29: =G29*H29 -> 5887
C30: 3 | D30: Kepala tukang | E30: L.03 | F30: OH | G30: 0.0041 | H30: =VLOOKUP(D30,upahbahan,3,FALSE) -> 175000 | I30: =G30*H30 -> 717.5
C31: 4 | D31: Mandor | E31: L.04 | F31: OH | G31: 0.0014 | H31: =VLOOKUP(D31,upahbahan,3,FALSE) -> 200000 | I31: =G31*H31 -> 280
C32: JUMLAH HARGA TENAGA KERJA | I32: =SUM(I28:I31) -> 10944.5
C33: B | D33: BAHAN
C34: 1 | D34: Besi angkur/mur/baut | F34: kg | G34: 1 | H34: =VLOOKUP(D34,upahbahan,3,FALSE) -> 16660 | I34: =G34*H34 -> 16660
C35: JUMLAH HARGA BAHAN | I35: =SUM(I34:I34) -> 16660
C36: C | D36: PERALATAN
C37: JUMLAH HARGA ALAT | I37: 0
C38: D | D38: Jumlah (A+B+C) | I38: =I37+I35+I32 -> 27604.5
C39: E | D39: Biaya Umum dan Keuntungan 10% - 15% x D | H39: =$N$7 -> 0.1 | I39: =I38*H39 -> 2760.45
C40: F | D40: Harga Satuan Pekerjaan (D+E) | I40: =SUM(I38:I39) -> 30364.95
C43: 2.3.1.3 | D43: 1 kg Pemasangan baut | J43: =ROUNDDOWN(I59,-2) -> 29200
C44: No | D44: Uraian | E44: Kode | F44: Sat. | G44: Koefisien | H44: Harga Satuan (Rp) | I44: Jumlah Harga (Rp)
C45: A | D45: TENAGA KERJA | K45: Catatan:
C46: 1 | D46: Pekerja | E46: L.01 | F46: OH | G46: 0.0357 | H46: =VLOOKUP(D46,upahbahan,3,FALSE) -> 100000 | I46: =G46*H46 -> 3570 | K46: Biaya Umum dan Keuntungan | N46: 0.1
C47: 2 | D47: Tukang besi | E47: L.02 | F47: OH | G47: 0.0357 | H47: =VLOOKUP(D47,upahbahan,3,FALSE) -> 145000 | I47: =G47*H47 -> 5176.5
C48: 3 | D48: Kepala tukang | E48: L.03 | F48: OH | G48: 0.0036 | H48: =VLOOKUP(D48,upahbahan,3,FALSE) -> 175000 | I48: =G48*H48 -> 630
C49: 4 | D49: Mandor | E49: L.04 | F49: OH | G49: 0.0012 | H49: =VLOOKUP(D49,upahbahan,3,FALSE) -> 200000 | I49: =G49*H49 -> 240
C50: JUMLAH HARGA TENAGA KERJA | I50: =SUM(I46:I49) -> 9616.5
C51: B | D51: BAHAN
C52: 1 | D52: Baut | F52: Kg | G52: 1 | H52: =VLOOKUP(D52,upahbahan,3,FALSE) -> 17000 | I52: =G52*H52 -> 17000
C53: JUMLAH HARGA BAHAN | I53: =SUM(I52:I52) -> 17000
C54: C | D54: PERALATAN
C55: 1 | D55: Kunci momen | F55: hari | G55: 0.0357 | H55: =VLOOKUP(D55,upahbahan,3,FALSE) -> 20000 | I55: =G55*H55 -> 714
C56: JUMLAH HARGA ALAT | I56: 0
C57: D | D57: Jumlah (A+B+C) | I57: =I56+I53+I50 -> 26616.5
C58: E | D58: Biaya Umum dan Keuntungan 10% - 15% x D | H58: =$N$7 -> 0.1 | I58: =I57*H58 -> 2661.65
C59: F | D59: Harga Satuan Pekerjaan (D+E) | I59: =SUM(I57:I58) -> 29278.15
C62: 2.3.1.4 | D62: 1 kg pekerjaan baja pelat secara semi mekanis | J62: =ROUNDDOWN(I79,-2) -> 44500
C63: No | D63: Uraian | E63: Kode | F63: Sat. | G63: Koefisien | H63: Harga Satuan (Rp) | I63: Jumlah Harga (Rp)
C64: A | D64: TENAGA KERJA | K64: Catatan:
C65: 1 | D65: Pekerja | E65: L.01 | F65: OH | G65: 0.0345 | H65: =VLOOKUP(D65,upahbahan,3,FALSE) -> 100000 | I65: =G65*H65 -> 3450 | K65: Biaya Umum dan Keuntungan | N65: 0.1
C66: 2 | D66: Tukang besi | E66: L.02 | F66: OH | G66: 0.0345 | H66: =VLOOKUP(D66,upahbahan,3,FALSE) -> 145000 | I66: =G66*H66 -> 5002.5
C67: 3 | D67: Kepala tukang | E67: L.03 | F67: OH | G67: 0.0034 | H67: =VLOOKUP(D67,upahbahan,3,FALSE) -> 175000 | I67: =G67*H67 -> 595
C68: 4 | D68: Mandor | E68: L.04 | F68: OH | G68: 0.0011 | H68: =VLOOKUP(D68,upahbahan,3,FALSE) -> 200000 | I68: =G68*H68 -> 220
C69: JUMLAH HARGA TENAGA KERJA | I69: =SUM(I65:I68) -> 9267.5
C70: B | D70: BAHAN
C71: 1 | D71: Besi plat baja tebal 2 mm | F71: kg | G71: 1.15 | H71: =VLOOKUP(D71,upahbahan,3,FALSE) -> 25000 | I71: =G71*H71 -> 28750
C72: 2 | D72: kawat las | F72: Kg | G72: 0.053 | H72: =VLOOKUP(D72,upahbahan,3,FALSE) -> 45550 | I72: =G72*H72 -> 2414.15
C73: JUMLAH HARGA BAHAN | I73: =SUM(I71:I72) -> 31164.15
C74: C | D74: PERALATAN
C75: 1 | D75: Alat Las Listrik | F75: hari | G75: 0.0333 | H75: =VLOOKUP(D75,upahbahan,3,FALSE) -> 3125 | I75: =G75*H75 -> 104.0625
C76: JUMLAH HARGA ALAT | I76: =SUM(I75) -> 104.0625
C77: D | D77: Jumlah (A+B+C) | I77: =I76+I73+I69 -> 40535.712
C78: E | D78: Biaya Umum dan Keuntungan 10% - 15% x D | H78: =$N$7 -> 0.1 | I78: =I77*H78 -> 4053.5712
C79: F | D79: Harga Satuan Pekerjaan (D+E) | I79: =SUM(I77:I78) -> 44589.284
C82: 2.3.1.5 | D82: 1 kg pekerjaan baja profil siku dengan pengelasan secara semi mekanis | J82: =ROUNDDOWN(I99,-2) -> 32500
C83: No | D83: Uraian | E83: Kode | F83: Sat. | G83: Koefisien | H83: Harga Satuan (Rp) | I83: Jumlah Harga (Rp)
C84: A | D84: TENAGA KERJA | K84: Catatan:
C85: 1 | D85: Pekerja | E85: L.01 | F85: OH | G85: 0.0345 | H85: =VLOOKUP(D85,upahbahan,3,FALSE) -> 100000 | I85: =G85*H85 -> 3450 | K85: Biaya Umum dan Keuntungan | N85: 0.1
C86: 2 | D86: Tukang besi | E86: L.02 | F86: OH | G86: 0.0345 | H86: =VLOOKUP(D86,upahbahan,3,FALSE) -> 145000 | I86: =G86*H86 -> 5002.5
C87: 3 | D87: Kepala tukang | E87: L.03 | F87: OH | G87: 0.0034 | H87: =VLOOKUP(D87,upahbahan,3,FALSE) -> 175000 | I87: =G87*H87 -> 595
C88: 4 | D88: Mandor | E88: L.04 | F88: OH | G88: 0.0011 | H88: =VLOOKUP(D88,upahbahan,3,FALSE) -> 200000 | I88: =G88*H88 -> 220
C89: JUMLAH HARGA TENAGA KERJA | I89: =SUM(I85:I88) -> 9267.5
C90: B | D90: BAHAN
C91: 1 | D91: Baja Profil Siku | F91: kg | G91: 1.15 | H91: =VLOOKUP(D91,upahbahan,3,FALSE) -> 15500 | I91: =G91*H91 -> 17825
C92: 2 | D92: kawat las | F92: Kg | G92: 0.053 | H92: =VLOOKUP(D92,upahbahan,3,FALSE) -> 45550 | I92: =G92*H92 -> 2414.15
C93: JUMLAH HARGA BAHAN | I93: =SUM(I91:I92) -> 20239.15
C94: C | D94: PERALATAN
C95: 1 | D95: Alat Las Listrik | F95: Jam | G95: 0.0333 | H95: =VLOOKUP(D95,upahbahan,3,FALSE) -> 3125 | I95: =G95*H95 -> 104.0625
C96: JUMLAH HARGA ALAT | I96: =SUM(I95) -> 104.0625
C97: D | D97: Jumlah (A+B+C) | I97: =I96+I93+I89 -> 29610.713
C98: E | D98: Biaya Umum dan Keuntungan 10% - 15% x D | H98: =$N$7 -> 0.1 | I98: =I97*H98 -> 2961.0713
C99: F | D99: Harga Satuan Pekerjaan (D+E) | I99: =SUM(I97:I98) -> 32571.784
C102: 2.3.1.6 | D102: 1 kg pekerjaan baja profil siku tanpa pengelasan secara manual | J102: =ROUNDDOWN(I117,-2) -> 28000
C103: No | D103: Uraian | E103: Kode | F103: Sat. | G103: Koefisien | H103: Harga Satuan (Rp) | I103: Jumlah Harga (Rp)
C104: A | D104: TENAGA KERJA | K104: Catatan:
C105: 1 | D105: Pekerja | E105: L.01 | F105: OH | G105: 0.0286 | H105: =VLOOKUP(D105,upahbahan,3,FALSE) -> 100000 | I105: =G105*H105 -> 2860 | K105: Biaya Umum dan Keuntungan | N105: 0.1
C106: 2 | D106: Tukang besi | E106: L.02 | F106: OH | G106: 0.0286 | H106: =VLOOKUP(D106,upahbahan,3,FALSE) -> 145000 | I106: =G106*H106 -> 4147
C107: 3 | D107: Kepala tukang | E107: L.03 | F107: OH | G107: 0.0029 | H107: =VLOOKUP(D107,upahbahan,3,FALSE) -> 175000 | I107: =G107*H107 -> 507.5
C108: 4 | D108: Mandor | E108: L.04 | F108: OH | G108: 0.001 | H108: =VLOOKUP(D108,upahbahan,3,FALSE) -> 200000 | I108: =G108*H108 -> 200
C109: JUMLAH HARGA TENAGA KERJA | I109: =SUM(I105:I108) -> 7714.5
C110: B | D110: BAHAN
...

Sheet Beton Pracetak
C2: 2.4 | D2: Pekerjaan Struktur Beton Pracetak
C3: 2.4.1 | D3: Pembuatan Bekisting
C4: 2.4.1.1 | D4: Pembuatan 1 m2 Bekisting untuk pelat Beton Pracetak Komponen Modular Bangunan gedung ( 5kali pakai ) | J4: =ROUNDDOWN(I24,-2) -> 264300
C5: No | D5: Uraian | E5: Kode | F5: Sat. | G5: Koefisien | H5: Harga Satuan (Rp) | I5: Jumlah Harga (Rp)
C6: A | D6: TENAGA KERJA | K6: Catatan:
C7: 1 | D7: Pekerja | E7: L.01 | F7: OH | G7: 0.007 | H7: =VLOOKUP(D7,upahbahan,3,FALSE) -> 100000 | I7: =G7*H7 -> 700 | K7: Biaya Umum dan Keuntungan | N7: 0.1
C8: 2 | D8: Tukang kayu | E8: L.02 | F8: OH | G8: 0.076 | H8: =VLOOKUP(D8,upahbahan,3,FALSE) -> 145000 | I8: =G8*H8 -> 11020
C9: 3 | D9: Kepala tukang | E9: L.03 | F9: OH | G9: 0.008 | H9: =VLOOKUP(D9,upahbahan,3,FALSE) -> 175000 | I9: =G9*H9 -> 1400
C10: 4 | D10: Mandor | E10: L.04 | F10: OH | G10: 0.003 | H10: =VLOOKUP(D10,upahbahan,3,FALSE) -> 200000 | I10: =G10*H10 -> 600
C11: JUMLAH HARGA TENAGA KERJA | I11: =SUM(I7:I10) -> 13720
C12: B | D12: BAHAN
C13: 1 | D13: Lantai kerja | F13: m3 | G13: 0.008 | H13: =VLOOKUP(D13,upahbahan,3,FALSE) -> 805000 | I13: =G13*H13 -> 6440
C14: 2 | D14: Besi hollow 50.50.3 | F14: kg | G14: 9.394 | H14: =VLOOKUP(D14,upahbahan,3,FALSE) -> 13800 | I14: =G14*H14 -> 129637.2
C15: 3 | D15: kaso 5/7 | F15: m3 | G15: 0.005 | H15: =VLOOKUP(D15,upahbahan,3,FALSE) -> 10214200 | I15: =G15*H15 -> 51071
D16: Phenol film 12mm | F16: lembar | G16: 0.08 | H16: =VLOOKUP(D16,upahbahan,3,FALSE) -> 230000 | I16: =G16*H16 -> 18400
C17: 4 | D17: Minyak bekisting | F17: liter | G17: 0.2 | H17: =VLOOKUP(D17,upahbahan,3,FALSE) -> 16800 | I17: =G17*H17 -> 3360
C18: 5 | D18: Dinabolt dia. 12mm (10-15 cm) | F18: buah | G18: 3.882 | H18: =VLOOKUP(D18,upahbahan,3,FALSE) -> 4550 | I18: =G18*H18 -> 17663.1
C19: JUMLAH HARGA BAHAN | I19: =SUM(I13:I18) -> 226571.3
C20: C | D20: PERALATAN
C21: JUMLAH HARGA ALAT | I21: 0
C22: D | D22: Jumlah (A+B+C) | I22: =I21+I19+I11 -> 240291.3
C23: E | D23: Biaya Umum dan Keuntungan 10% - 15% x D | H23: 0.1 | I23: =I22*H23 -> 24029.13
C24: F | D24: Harga Satuan Pekerjaan (D+E) | I24: =SUM(I22:I23) -> 264320.43
C27: 2.4.1.2 | D27: Pembuatan 1 m2 Bekisting untuk balok Beton Pracetak ( 10 - 12 kali pakai ) | J27: =ROUNDDOWN(I46,-2) -> 82600
C28: No | D28: Uraian | E28: Kode | F28: Sat. | G28: Koefisien | H28: Harga Satuan (Rp) | I28: Jumlah Harga (Rp)
C29: A | D29: TENAGA KERJA | K29: Catatan:
C30: 1 | D30: Pekerja | E30: L.01 | F30: OH | G30: 0.004 | H30: =VLOOKUP(D30,upahbahan,3,FALSE) -> 100000 | I30: =G30*H30 -> 400 | K30: Biaya Umum dan Keuntungan | N30: 0.1
C31: 2 | D31: Tukang kayu | E31: L.02 | F31: OH | G31: 0.038 | H31: =VLOOKUP(D31,upahbahan,3,FALSE) -> 145000 | I31: =G31*H31 -> 5510
C32: 3 | D32: Kepala tukang | E32: L.03 | F32: OH | G32: 0.004 | H32: =VLOOKUP(D32,upahbahan,3,FALSE) -> 175000 | I32: =G32*H32 -> 700
C33: 4 | D33: Mandor | E33: L.04 | F33: OH | G33: 0.001 | H33: =VLOOKUP(D33,upahbahan,3,FALSE) -> 200000 | I33: =G33*H33 -> 200
C34: JUMLAH HARGA TENAGA KERJA | I34: =SUM(I30:I33) -> 6810
C35: B | D35: BAHAN
C36: 1 | D36: kaso 5/7 | F36: m3 | G36: 0.005 | H36: =VLOOKUP(D36,upahbahan,3,FALSE) -> 10214200 | I36: =G36*H36 -> 51071
C37: 2 | D37: Phenol film 12mm | F37: lembar | G37: 0.043 | H37: =VLOOKUP(D37,upahbahan,3,FALSE) -> 230000 | I37: =G37*H37 -> 9890
C38: 3 | D38: Minyak bekisting | F38: liter | G38: 0.2 | H38: =VLOOKUP(D38,upahbahan,3,FALSE) -> 16800 | I38: =G38*H38 -> 3360
C39: 4 | D39: Paku 2 inch | F39: kg | G39: 0.046 | H39: =VLOOKUP(D39,upahbahan,3,FALSE) -> 18000 | I39: =G39*H39 -> 828
C40: 5 | D40: Dinabolt dia. 12mm (10-15 cm) | F40: buah | G40: 0.693 | H40: =VLOOKUP(D40,upahbahan,3,FALSE) -> 4550 | I40: =G40*H40 -> 3153.15
C41: JUMLAH HARGA BAHAN | I41: =SUM(I36:I40) -> 68302.15
C42: C | D42: PERALATAN
C43: JUMLAH HARGA ALAT | I43: 0
C44: D | D44: Jumlah (A+B+C) | I44: =I43+I41+I34 -> 75112.15
C45: E | D45: Biaya Umum dan Keuntungan 10% - 15% x D | H45: 0.1 | I45: =I44*H45 -> 7511.215
C46: F | D46: Harga Satuan Pekerjaan (D+E) | I46: =SUM(I44:I45) -> 82623.365
C49: 2.4.1.3 | D49: Pembuatan 1 m2 Bekisting untuk kolom Beton Pracetak ( 10 - 12 kali pakai ) | J49: =ROUNDDOWN(I68,-2) -> 80200
C50: No | D50: Uraian | E50: Kode | F50: Sat. | G50: Koefisien | H50: Harga Satuan (Rp) | I50: Jumlah Harga (Rp)
C51: A | D51: TENAGA KERJA | K51: Catatan:
C52: 1 | D52: Pekerja | E52: L.01 | F52: OH | G52: 0.004 | H52: =VLOOKUP(D52,upahbahan,3,FALSE) -> 100000 | I52: =G52*H52 -> 400 | K52: Biaya Umum dan Keuntungan | N52: 0.1
C53: 2 | D53: Tukang kayu | E53: L.02 | F53: OH | G53: 0.038 | H53: =VLOOKUP(D53,upahbahan,3,FALSE) -> 145000 | I53: =G53*H53 -> 5510
C54: 3 | D54: Kepala tukang | E54: L.03 | F54: OH | G54: 0.004 | H54: =VLOOKUP(D54,upahbahan,3,FALSE) -> 175000 | I54: =G54*H54 -> 700
C55: 4 | D55: Mandor | E55: L.04 | F55: OH | G55: 0.001 | H55: =VLOOKUP(D55,upahbahan,3,FALSE) -> 200000 | I55: =G55*H55 -> 200
C56: JUMLAH HARGA TENAGA KERJA | I56: =SUM(I52:I55) -> 6810
C57: B | D57: BAHAN
C58: 1 | D58: kayu | F58: m3 | G58: 0.004 | H58: =VLOOKUP(D58,upahbahan,3,FALSE) -> 11950000 | I58: =G58*H58 -> 47800
C59: 2 | D59: Phenol film 12mm | F59: lembar | G59: 0.048 | H59: =VLOOKUP(D59,upahbahan,3,FALSE) -> 230000 | I59: =G59*H59 -> 11040
C60: 3 | D60: Minyak bekisting | F60: liter | G60: 0.2 | H60: =VLOOKUP(D60,upahbahan,3,FALSE) -> 16800 | I60: =G60*H60 -> 3360
C61: 4 | D61: Paku 2 inch | F61: kg | G61: 0.046 | H61: =VLOOKUP(D61,upahbahan,3,FALSE) -> 18000 | I61: =G61*H61 -> 828
C62: 5 | D62: Dinabolt dia. 12mm (10-15 cm) | F62: buah | G62: 0.693 | H62: =VLOOKUP(D62,upahbahan,3,FALSE) -> 4550 | I62: =G62*H62 -> 3153.15
C63: JUMLAH HARGA BAHAN | I63: =SUM(I58:I62) -> 66181.15
C64: C | D64: PERALATAN
C65: JUMLAH HARGA ALAT | I65: 0
C66: D | D66: Jumlah (A+B+C) | I66: =I65+I63+I56 -> 72991.15
C67: E | D67: Biaya Umum dan Keuntungan 10% - 15% x D | H67: 0.1 | I67: =I66*H67 -> 7299.115
C68: F | D68: Harga Satuan Pekerjaan (D+E) | I68: =SUM(I66:I67) -> 80290.265
C71: 2.4.1.4 | D71: Pemasangan 1 titik bekisting joint pracetak | J71: =ROUNDDOWN(I88,-2) -> 232100
C72: No | D72: Uraian | E72: Kode | F72: Sat. | G72: Koefisien | H72: Harga Satuan (Rp) | I72: Jumlah Harga (Rp)
C73: A | D73: TENAGA KERJA | K73: Catatan:
C74: 1 | D74: Pekerja | E74: L.01 | F74: OH | G74: 0.147 | H74: =VLOOKUP(D74,upahbahan,3,FALSE) -> 100000 | I74: =G74*H74 -> 14700 | K74: Biaya Umum dan Keuntungan | N74: 0.1
C75: 2 | D75: Tukang kayu | E75: L.02 | F75: OH | G75: 0.147 | H75: =VLOOKUP(D75,upahbahan,3,FALSE) -> 145000 | I75: =G75*H75 -> 21315
C76: 3 | D76: Kepala tukang | E76: L.03 | F76: OH | G76: 0.015 | H76: =VLOOKUP(D76,upahbahan,3,FALSE) -> 175000 | I76: =G76*H76 -> 2625
C77: 4 | D77: Mandor | E77: L.04 | F77: OH | G77: 0.005 | H77: =VLOOKUP(D77,upahbahan,3,FALSE) -> 200000 | I77: =G77*H77 -> 1000
C78: JUMLAH HARGA TENAGA KERJA | I78: =SUM(I74:I77) -> 39640
C79: B | D79: BAHAN
C80: 1 | D80: kayu | F80: m3 | G80: 0.004 | H80: =VLOOKUP(D80,upahbahan,3,FALSE) -> 11950000 | I80: =G80*H80 -> 47800
C81: 2 | D81: Papan Cor | F81: m3 | G81: 0.048 | H81: =VLOOKUP(D81,upahbahan,3,FALSE) -> 2500000 | I81: =G81*H81 -> 120000
C82: 3 | D82: Paku 2 inch | F82: liter | G82: 0.2 | H82: =VLOOKUP(D82,upahbahan,3,FALSE) -> 18000 | I82: =G82*H82 -> 3600
C83: JUMLAH HARGA BAHAN | I83: =SUM(I80:I82) -> 171400
C84: C | D84: PERALATAN
C85: JUMLAH HARGA ALAT | I85: 0
C86: D | D86: Jumlah (A+B+C) | I86: =I85+I83+I78 -> 211040
C87: E | D87: Biaya Umum dan Keuntungan 10% - 15% x D | H87: 0.1 | I87: =I86*H87 -> 21104
C88: F | D88: Harga Satuan Pekerjaan (D+E) | I88: =SUM(I86:I87) -> 232144
C90: 2.4.2 | D90: Pemasangan dan Membuka Cetakan
C91: 2.4.2.1 | D91: Pemasangan dan membuka cetakan 1 buah komponen pelat beton pracetak | J91: =ROUNDDOWN(I105,-2) -> 9300
C92: No | D92: Uraian | E92: Kode | F92: Sat. | G92: Koefisien | H92: Harga Satuan (Rp) | I92: Jumlah Harga (Rp)
C93: A | D93: TENAGA KERJA | K93: Catatan:
C94: 1 | D94: Pekerja | E94: L.01 | F94: OH | G94: 0.053 | H94: =VLOOKUP(D94,upahbahan,3,FALSE) -> 100000 | I94: =G94*H94 -> 5300 | K94: Biaya Umum dan Keuntungan | N94: 0.1
C95: 2 | D95: Tukang kayu | E95: L.02 | F95: OH | G95: 0.018 | H95: =VLOOKUP(D95,upahbahan,3,FALSE) -> 145000 | I95: =G95*H95 -> 2610
C96: 3 | D96: Kepala tukang | E96: L.03 | F96: OH | G96: 0.002 | H96: =VLOOKUP(D96,upahbahan,3,FALSE) -> 175000 | I96: =G96*H96 -> 350
C97: 4 | D97: Mandor | E97: L.04 | F97: OH | G97: 0.001 | H97: =VLOOKUP(D97,upahbahan,3,FALSE) -> 200000 | I97: =G97*H97 -> 200
C98: JUMLAH HARGA TENAGA KERJA | I98: =SUM(I94:I97) -> 8460
C99: B | D99: BAHAN
C100: JUMLAH HARGA BAHAN | I100: =SUM(I99) -> 0
C101: C | D101: PERALATAN
C102: JUMLAH HARGA ALAT | I102: =SUM(I101) -> 0
C103: D | D103: Jumlah (A+B+C) | I103: =I102+I100+I98 -> 8460
C104: E | D104: Biaya Umum dan Keuntungan 10% - 15% x D | H104: 0.1 | I104: =I103*H104 -> 846
C105: F | D105: Harga Satuan Pekerjaan (D+E) | I105: =SUM(I103:I104) -> 9306
C108: 2.4.2.2 | D108: Pemasangan dan membuka cetakan 1 buah komponen balok beton pracetak | J108: =ROUNDDOWN(I122,-2) -> 15300
C109: No | D109: Uraian | E109: Kode | F109: Sat. | G109: Koefisien | H109: Harga Satuan (Rp) | I109: Jumlah Harga (Rp)
C110: A | D110: TENAGA KERJA | K110: Catatan:
...

Sheet Beton Prategang 
C2: 2.5 | D2: PEKERJAAN STRUKTUR BETON PRATEGANG
C3: 2.5.1 | D3: Pemasangan 1 kg kabel prategang (prestressed) polos/strand | J3: =ROUNDDOWN(I20,-2) -> 90300
C4: No | D4: Uraian | E4: Kode | F4: Sat. | G4: Koefisien | H4: Harga Satuan (Rp) | I4: Jumlah Harga (Rp)
C5: A | D5: TENAGA KERJA | K5: Catatan:
C6: 1 | D6: Pekerja | E6: L.01 | F6: OH | G6: 0.005 | H6: =VLOOKUP(D6,upahbahan,3,FALSE) -> 100000 | I6: =G6*H6 -> 500 | K6: Biaya Umum dan Keuntungan | N6: 0.1
C7: 2 | D7: Tukang besi | E7: L.02 | F7: OH | G7: 0.005 | H7: =VLOOKUP(D7,upahbahan,3,FALSE) -> 145000 | I7: =G7*H7 -> 725
C8: 3 | D8: Kepala tukang | E8: L.03 | F8: OH | G8: 0.0005 | H8: =VLOOKUP(D8,upahbahan,3,FALSE) -> 175000 | I8: =G8*H8 -> 87.5
C9: 4 | D9: Mandor | E9: L.04 | F9: OH | G9: 0.0002 | H9: =VLOOKUP(D9,upahbahan,3,FALSE) -> 200000 | I9: =G9*H9 -> 40
C10: JUMLAH HARGA TENAGA KERJA | I10: =SUM(I6:I9) -> 1352.5
C11: B | D11: BAHAN
C12: 1 | D12: BjTS | F12: kg | G12: 1.05 | H12: =VLOOKUP(D12,upahbahan,3,FALSE) -> 14500 | I12: =G12*H12 -> 15225
C13: 2 | D13: Kawat beton | F13: kg | G13: 0.01 | H13: =VLOOKUP(D13,upahbahan,3,FALSE) -> 18800 | I13: =G13*H13 -> 188
C14: JUMLAH HARGA BAHAN | I14: =SUM(I12:I13) -> 15413
C15: C | D15: PERALATAN
C16: 1 | D16: Crane | F16: unit hari | G16: 0.019 | H16: =VLOOKUP(D16,upahbahan,3,FALSE) -> 3442900 | I16: =G16*H16 -> 65415.1
C17: JUMLAH HARGA ALAT | I17: =SUM(I16) -> 65415.1
C18: D | D18: Jumlah (A+B+C) | I18: =I17+I14+I10 -> 82180.6
C19: E | D19: Biaya Umum dan Keuntungan 10% - 15% x D | H19: 0.1 | I19: =I18*H19 -> 8218.06
C20: F | D20: Harga Satuan Pekerjaan (D+E) | I20: =SUM(I18:I19) -> 90398.66

Sheet Struktur Kayu
C1: 2.6 | D1: Pekerjaan Struktur Kayu
C2: 2.6.1 | D2: Struktur Atas
C3: 2.6.2 | D3: Pemancangan Tiang Kayu / Cerucuk Bambu/ Dolken
C4: 2.6.2.1 | D4: Pemancangan per m' tiang pancang kayu atau dolken dia. 6-8 cm | J4: =ROUNDDOWN(I20,-2) -> 167600
C5: No | D5: Uraian | E5: Kode | F5: Sat. | G5: Koefisien | H5: Harga Satuan (Rp) | I5: Jumlah Harga (Rp)
C6: A | D6: TENAGA KERJA | K6: Catatan:
C7: 1 | D7: Pekerja | E7: L.01 | F7: OH | G7: 0.0605 | H7: =VLOOKUP(D7,upahbahan,3,FALSE) -> 100000 | I7: =G7*H7 -> 6050 | K7: Biaya Umum dan Keuntungan | N7: 0.1
C8: 2 | D8: Tukang kayu | E8: L.02 | F8: OH | G8: 0.0605 | H8: =VLOOKUP(D8,upahbahan,3,FALSE) -> 145000 | I8: =G8*H8 -> 8772.5
C9: 3 | D9: Mandor | E9: L.03 | F9: OH | G9: 0.006 | H9: =VLOOKUP(D9,upahbahan,3,FALSE) -> 200000 | I9: =G9*H9 -> 1200
C10: JUMLAH HARGA TENAGA KERJA | I10: =SUM(I7:I9) -> 16022.5
C11: B | D11: BAHAN
C12: 1 | D12: Alat penyambung tiang pancang dolken | F12: buah | G12: 0.25 | H12: =VLOOKUP(D12,upahbahan,3,FALSE) -> 350000 | I12: =G12*H12 -> 87500
C13: 2 | D13: Sepatu Pancang | F13: buah | G13: 0.25 | H13: =VLOOKUP(D13,upahbahan,3,FALSE) -> 135000 | I13: =G13*H13 -> 33750
C14: JUMLAH HARGA BAHAN | I14: =SUM(I12:I13) -> 121250
C15: C | D15: PERALATAN
C16: 1 | D16: Alat Pancang Mini Pile | F16: hari | G16: 0.0605 | H16: =VLOOKUP(D16,upahbahan,3,FALSE) -> 250000 | I16: =G16*H16 -> 15125
C17: JUMLAH HARGA ALAT | I17: =SUM(I15:I16) -> 15125
C18: D | D18: Jumlah (A+B+C) | I18: =I17+I14+I10 -> 152397.5
C19: E | D19: Biaya Umum dan Keuntungan 10% - 15% x D | H19: =$N$7 -> 0.1 | I19: =I18*H19 -> 15239.75
C20: F | D20: Harga Satuan Pekerjaan (D+E) | I20: =SUM(I18:I19) -> 167637.25
C22: 2.6.2.2 | D22: Pemancangan per m' Tiang kayu Gelondongan dia. 18-20 cm | J22: =ROUNDDOWN(I39,-2) -> 273200
C23: No | D23: Uraian | E23: Kode | F23: Sat. | G23: Koefisien | H23: Harga Satuan (Rp) | I23: Jumlah Harga (Rp)
C24: A | D24: TENAGA KERJA
C25: 1 | D25: Pekerja | E25: L.01 | F25: OH | G25: 0.0759 | H25: =VLOOKUP(D25,upahbahan,3,FALSE) -> 100000 | I25: =G25*H25 -> 7590
C26: 2 | D26: Tukang kayu | E26: L.02 | F26: OH | G26: 0.0759 | H26: =VLOOKUP(D26,upahbahan,3,FALSE) -> 145000 | I26: =G26*H26 -> 11005.5
C27: 3 | D27: Mandor | E27: L.04 | F27: OH | G27: 0.0228 | H27: =VLOOKUP(D27,upahbahan,3,FALSE) -> 200000 | I27: =G27*H27 -> 4560
C28: JUMLAH HARGA TENAGA KERJA | I28: =SUM(I25:I27) -> 23155.5
C29: B | D29: BAHAN
C30: 1 | D30: Alat sambung kayu terbuat dari baja | F30: buah | G30: 0.25 | H30: =VLOOKUP(D30,upahbahan,3,FALSE) -> 250000 | I30: =G30*H30 -> 62500
C31: 2 | D31: Sepatu pancang | F31: buah | G31: 0.25 | H31: =VLOOKUP(D31,upahbahan,3,FALSE) -> 135000 | I31: =G31*H31 -> 33750
C32: JUMLAH HARGA BAHAN | I32: =SUM(I30:I31) -> 96250
C33: C | D33: PERALATAN
C34: 1 | D34: Sewa Mobil Crane | F34: hari | G34: 0.0759 | H34: =VLOOKUP(D34,upahbahan,3,FALSE) -> 1450000 | I34: =G34*H34 -> 110055
C35: 2 | D35: Alat Pancang Mini Pile | F35: hari | G35: 0.0759 | H35: =VLOOKUP(D35,upahbahan,3,FALSE) -> 250000 | I35: =G35*H35 -> 18975
C36: JUMLAH HARGA ALAT | I36: =SUM(I33:I35) -> 129030
C37: D | D37: Jumlah (A+B+C) | I37: =I36+I32+I28 -> 248435.5
C38: E | D38: Biaya Umum dan Keuntungan 10% - 15% x D | H38: =$N$7 -> 0.1 | I38: =I37*H38 -> 24843.55
C39: F | D39: Harga Satuan Pekerjaan (D+E) | I39: =SUM(I37:I38) -> 273279.05
C41: 2.6.2.3 | D41: 1 m2 Turap bambu dari geribig bambu secara manual, JAT < 0,5 m | J41: =ROUNDDOWN(I58,-2) -> 55500
C42: No | D42: Uraian | E42: Kode | F42: Sat. | G42: Koefisien | H42: Harga Satuan (Rp) | I42: Jumlah Harga (Rp)
C43: A | D43: TENAGA KERJA
C44: 1 | D44: Pekerja | E44: L.01 | F44: OH | G44: 0.111 | H44: =VLOOKUP(D44,upahbahan,3,FALSE) -> 100000 | I44: =G44*H44 -> 11100
C45: 2 | D45: Tukang kayu | E45: L.02 | F45: OH | G45: 0.056 | H45: =VLOOKUP(D45,upahbahan,3,FALSE) -> 145000 | I45: =G45*H45 -> 8120
C46: 3 | D46: Kepala tukang | E46: L.03 | F46: OH | G46: 0.006 | H46: =VLOOKUP(D46,upahbahan,3,FALSE) -> 175000 | I46: =G46*H46 -> 1050
C47: 4 | D47: Mandor | E47: L.04 | F47: OH | G47: 0.002 | H47: =VLOOKUP(D47,upahbahan,3,FALSE) -> 200000 | I47: =G47*H47 -> 400
C48: JUMLAH HARGA TENAGA KERJA | I48: =SUM(I44:I47) -> 20670
C49: B | D49: BAHAN
C50: 1 | D50: Bambu panjang 4,5 m | F50: batang | G50: 0.8333 | H50: =VLOOKUP(D50,upahbahan,3,FALSE) -> 14500 | I50: =G50*H50 -> 12082.85
C51: 2 | D51: Anyaman Bambu | F51: lembar | G51: 0.3 | H51: =VLOOKUP(D51,upahbahan,3,FALSE) -> 50000 | I51: =G51*H51 -> 15000
C52: 3 | D52: Kawat bendrat | F52: kg | G52: 0.1477 | H52: =VLOOKUP(D52,upahbahan,3,FALSE) -> 18800 | I52: =G52*H52 -> 2776.76
C53: JUMLAH HARGA BAHAN | I53: =SUM(I50:I52) -> 29859.61
C54: C | D54: PERALATAN
C55: JUMLAH HARGA ALAT | I55: =SUM(I54:I54) -> 0
C56: D | D56: Jumlah (A+B+C) | I56: =I55+I53+I48 -> 50529.61
C57: E | D57: Biaya Umum dan Keuntungan 10% - 15% x D | H57: =$N$7 -> 0.1 | I57: =I56*H57 -> 5052.961
C58: F | D58: Harga Satuan Pekerjaan (D+E) | I58: =SUM(I56:I57) -> 55582.571
D59: Catatan : JAT adalah jarak antar tiang

Sheet Dinding Penahan Tanah 
C2: 2.7 | D2: Pekerjaan Dinding Penahan Tanah
C3: 2.7.1 | D3: Pemasangan 1 M' pipa suling -suling menggunakan pipa PVC dia. 1" (untuk bangunan gedung) | J3: =ROUNDDOWN(I19,-2) -> 29200
C4: No | D4: Uraian | E4: Kode | F4: Sat. | G4: Koefisien | H4: Harga Satuan (Rp) | I4: Jumlah Harga (Rp)
C5: A | D5: TENAGA KERJA | K5: Catatan:
C6: 1 | D6: Pekerja | E6: L.01 | F6: OH | G6: 0.01 | H6: =VLOOKUP(D6,upahbahan,3,FALSE) -> 100000 | I6: =G6*H6 -> 1000 | K6: Biaya Umum dan Keuntungan | N6: 0.1
C7: 2 | D7: Mandor | E7: L.04 | F7: OH | G7: 0.001 | H7: =VLOOKUP(D7,upahbahan,3,FALSE) -> 200000 | I7: =G7*H7 -> 200
C8: JUMLAH HARGA TENAGA KERJA | I8: =SUM(I6:I7) -> 1200
C9: B | D9: BAHAN
C10: 1 | D10: Pipa PVC dia. 1" | F10: m' | G10: 1.05 | H10: =VLOOKUP(D10,upahbahan,3,FALSE) -> 11250 | I10: =G10*H10 -> 11812.5
C11: 2 | D11: Ijuk | F11: kg | G11: 0.4561 | H11: =VLOOKUP(D11,upahbahan,3,FALSE) -> 7000 | I11: =G11*H11 -> 3192.7
C12: 3 | D12: Kerikil | F12: m3 | G12: 0.0196 | H12: =VLOOKUP(D12,upahbahan,3,FALSE) -> 352300 | I12: =G12*H12 -> 6905.08
C13: 4 | D13: Geotextile >100 gr/m2 | F13: m2 | G13: 0.2 | H13: =VLOOKUP(D13,upahbahan,3,FALSE) -> 17500 | I13: =G13*H13 -> 3500
C14: JUMLAH HARGA BAHAN | I14: =SUM(I10:I13) -> 25410.28
C15: C | D15: PERALATAN
C16: JUMLAH HARGA ALAT | I16: =SUM(I15:I15) -> 0
C17: D | D17: Jumlah (A+B+C) | I17: =I16+I14+I8 -> 26610.28
C18: E | D18: Biaya Umum dan Keuntungan 10% - 15% x D | H18: 0.1 | I18: =I17*H18 -> 2661.028
C19: F | D19: Harga Satuan Pekerjaan (D+E) | I19: =SUM(I17:I18) -> 29271.308
C22: 2.7.2 | D22: Pemasangan 1 M' pipa suling -suling menggunakan pipa PVC dia. 2" (untuk bangunan gedung) | J22: =ROUNDDOWN(I38,-2) -> 52400
C23: No | D23: Uraian | E23: Kode | F23: Sat. | G23: Koefisien | H23: Harga Satuan (Rp) | I23: Jumlah Harga (Rp)
C24: A | D24: TENAGA KERJA | K24: Catatan:
C25: 1 | D25: Pekerja | E25: L.01 | F25: OH | G25: 0.01 | H25: =VLOOKUP(D25,upahbahan,3,FALSE) -> 100000 | I25: =G25*H25 -> 1000 | K25: Biaya Umum dan Keuntungan | N25: 0.1
C26: 2 | D26: Mandor | E26: L.04 | F26: OH | G26: 0.001 | H26: =VLOOKUP(D26,upahbahan,3,FALSE) -> 200000 | I26: =G26*H26 -> 200
C27: JUMLAH HARGA TENAGA KERJA | I27: =SUM(I25:I26) -> 1200
C28: B | D28: BAHAN
C29: 1 | D29: Pipa PVC dia. 2" | F29: m' | G29: 1.05 | H29: =VLOOKUP(D29,upahbahan,3,FALSE) -> 26000 | I29: =G29*H29 -> 27300
C30: 2 | D30: Ijuk | F30: kg | G30: 0.6774 | H30: =VLOOKUP(D30,upahbahan,3,FALSE) -> 7000 | I30: =G30*H30 -> 4741.8
C31: 3 | D31: Kerikil | F31: m3 | G31: 0.0235 | H31: =VLOOKUP(D31,upahbahan,3,FALSE) -> 352300 | I31: =G31*H31 -> 8279.05
C32: 4 | D32: Geotextile >100 gr/m2 | F32: m2 | G32: 0.35 | H32: =VLOOKUP(D32,upahbahan,3,FALSE) -> 17500 | I32: =G32*H32 -> 6125
C33: JUMLAH HARGA BAHAN | I33: =SUM(I29:I32) -> 46445.85
C34: C | D34: PERALATAN
C35: JUMLAH HARGA ALAT | I35: =SUM(I34:I34) -> 0
C36: D | D36: Jumlah (A+B+C) | I36: =I35+I33+I27 -> 47645.85
C37: E | D37: Biaya Umum dan Keuntungan 10% - 15% x D | H37: 0.1 | I37: =I36*H37 -> 4764.585
C38: F | D38: Harga Satuan Pekerjaan (D+E) | I38: =SUM(I36:I37) -> 52410.435
C41: 2.7.3 | D41: Pemasangan 1 m2 Lapisan Ijuk tebal 10 cm | J41: =ROUNDDOWN(I54,-2) -> 66000
C42: No | D42: Uraian | E42: Kode | F42: Sat. | G42: Koefisien | H42: Harga Satuan (Rp) | I42: Jumlah Harga (Rp)
C43: A | D43: TENAGA KERJA | K43: Catatan:
C44: 1 | D44: Pekerja | E44: L.01 | F44: OH | G44: 0.15 | H44: =VLOOKUP(D44,upahbahan,3,FALSE) -> 100000 | I44: =G44*H44 -> 15000 | K44: Biaya Umum dan Keuntungan | N44: 0.1
C45: 2 | D45: Mandor | E45: L.04 | F45: OH | G45: 0.015 | H45: =VLOOKUP(D45,upahbahan,3,FALSE) -> 200000 | I45: =G45*H45 -> 3000
C46: JUMLAH HARGA TENAGA KERJA | I46: =SUM(I44:I45) -> 18000
C47: B | D47: BAHAN
C48: 1 | D48: Ijuk | F48: kg | G48: 6 | H48: =VLOOKUP(D48,upahbahan,3,FALSE) -> 7000 | I48: =G48*H48 -> 42000
C49: JUMLAH HARGA BAHAN | I49: =SUM(I48:I48) -> 42000
C50: C | D50: PERALATAN
C51: JUMLAH HARGA ALAT | I51: =SUM(I50:I50) -> 0
C52: D | D52: Jumlah (A+B+C) | I52: =I51+I49+I46 -> 60000
C53: E | D53: Biaya Umum dan Keuntungan 10% - 15% x D | H53: 0.1 | I53: =I52*H53 -> 6000
C54: F | D54: Harga Satuan Pekerjaan (D+E) | I54: =SUM(I52:I53) -> 66000
C57: 2.7.4 | D57: Pemasangan 1 m2 finishing siar pasangan batu kali, campuran 1SP : 2PP | J57: =ROUNDDOWN(I73,-2) -> 74800
C58: No | D58: Uraian | E58: Kode | F58: Sat. | G58: Koefisien | H58: Harga Satuan (Rp) | I58: Jumlah Harga (Rp)
C59: A | D59: TENAGA KERJA | K59: Catatan:
C60: 1 | D60: Pekerja | E60: L.01 | F60: OH | G60: 0.3 | H60: =VLOOKUP(D60,upahbahan,3,FALSE) -> 100000 | I60: =G60*H60 -> 30000 | K60: Biaya Umum dan Keuntungan | N60: 0.1
C61: 2 | D61: Tukang Batu | E61: L.02 | F61: OH | G61: 0.15 | H61: =VLOOKUP(D61,upahbahan,3,FALSE) -> 145000 | I61: =G61*H61 -> 21750
C62: 3 | D62: Kepala Tukang | E62: L.03 | F62: OH | G62: 0.015 | H62: =VLOOKUP(D62,upahbahan,3,FALSE) -> 175000 | I62: =G62*H62 -> 2625
C63: 4 | D63: Mandor | E63: L.04 | F63: OH | G63: 0.015 | H63: =VLOOKUP(D63,upahbahan,3,FALSE) -> 200000 | I63: =G63*H63 -> 3000
C64: JUMLAH HARGA TENAGA KERJA | I64: =SUM(I60:I63) -> 57375
C65: B | D65: BAHAN
C66: 1 | D66: Semen Portland (PC) | F66: kg | G66: 6.34 | H66: =VLOOKUP(D66,upahbahan,3,FALSE) -> 1300 | I66: =G66*H66 -> 8242
C67: 2 | D67: Pasir pasang | F67: m3 | G67: 0.012 | H67: =VLOOKUP(D67,upahbahan,3,FALSE) -> 200000 | I67: =G67*H67 -> 2400
C68: JUMLAH HARGA BAHAN | I68: =SUM(I66:I67) -> 10642
C69: C | D69: PERALATAN
C70: JUMLAH HARGA ALAT | I70: =SUM(I69:I69) -> 0
C71: D | D71: Jumlah (A+B+C) | I71: =I70+I68+I64 -> 68017
C72: E | D72: Biaya Umum dan Keuntungan 10% - 15% x D | H72: 0.1 | I72: =I71*H72 -> 6801.7
C73: F | D73: Harga Satuan Pekerjaan (D+E) | I73: =SUM(I71:I72) -> 74818.7
C76: 2.7.5 | D76: 1 m3 bronjong kawat digalvanis, lubang heksagonal 80 x 100 mm, beda tinggi >0 s.d 1 m' berkontak langsung dengan tanah ( kawat dibuat sendiri) | J76: =ROUNDDOWN(I92,-2) -> 617700
C77: No | D77: Uraian | E77: Kode | F77: Sat. | G77: Koefisien | H77: Harga Satuan (Rp) | I77: Jumlah Harga (Rp)
C78: A | D78: TENAGA KERJA | K78: Catatan:
C79: 1 | D79: Pekerja | E79: L.01 | F79: OH | G79: 0.6157 | H79: =VLOOKUP(D79,upahbahan,3,FALSE) -> 100000 | I79: =G79*H79 -> 61570 | K79: Biaya Umum dan Keuntungan | N79: 0.1
C80: 2 | D80: Tukang penganyam bronjong | E80: L.02 | F80: OH | G80: 0.3957 | H80: =VLOOKUP(D80,upahbahan,3,FALSE) -> 145000 | I80: =G80*H80 -> 57376.5
C81: 3 | D81: Mandor | E81: L.04 | F81: OH | G81: 0.0616 | H81: =VLOOKUP(D81,upahbahan,3,FALSE) -> 200000 | I81: =G81*H81 -> 12320
C82: JUMLAH HARGA TENAGA KERJA | I82: =SUM(I79:I81) -> 131266.5
C83: B | D83: BAHAN
C84: 1 | D84: Batu | F84: m3 | G84: 1.3 | H84: =VLOOKUP(D84,upahbahan,3,FALSE) -> 97500 | I84: =G84*H84 -> 126750
C85: 2 | D85: Kawat bronjong | F85: kg | G85: 13.85 | H85: =VLOOKUP(D85,upahbahan,3,FALSE) -> 15680 | I85: =G85*H85 -> 217168
C86: 3 | D86: Pasir pasang | F86: m3 | G86: 0.432 | H86: =VLOOKUP(D86,upahbahan,3,FALSE) -> 200000 | I86: =G86*H86 -> 86400
C87: JUMLAH HARGA BAHAN | I87: =SUM(I84:I86) -> 430318
C88: C | D88: PERALATAN
C89: JUMLAH HARGA ALAT | I89: =SUM(I88:I88) -> 0
C90: D | D90: Jumlah (A+B+C) | I90: =I89+I87+I82 -> 561584.5
C91: E | D91: Biaya Umum dan Keuntungan 10% - 15% x D | H91: 0.1 | I91: =I90*H91 -> 56158.45
C92: F | D92: Harga Satuan Pekerjaan (D+E) | I92: =SUM(I90:I91) -> 617742.95
C93: *) | D93: untuk bronjong yang kontak langsng dengan tanah, kolom ( jumlah harga) pasir pasang agar di hitung biayanya
C95: 2.7.6 | D95: 1 m3 bronjong kawat digalvanis, lubang heksagonal 80 x 100 mm; beda tinggi > 0 s.d 1 m' tidak berkontak langsung dengan tanah (kawat dibuat sendiri) | J95: =ROUNDDOWN(I110,-2) -> 522700
C96: No | D96: Uraian | E96: Kode | F96: Sat. | G96: Koefisien | H96: Harga Satuan (Rp) | I96: Jumlah Harga (Rp)
C97: A | D97: TENAGA KERJA | K97: Catatan:
C98: 1 | D98: Pekerja | E98: L.01 | F98: OH | G98: 0.6157 | H98: =VLOOKUP(D98,upahbahan,3,FALSE) -> 100000 | I98: =G98*H98 -> 61570 | K98: Biaya Umum dan Keuntungan | N98: 0.1
C99: 2 | D99: Tukang penganyam bronjong | E99: L.02 | F99: OH | G99: 0.3957 | H99: =VLOOKUP(D99,upahbahan,3,FALSE) -> 145000 | I99: =G99*H99 -> 57376.5
C100: 3 | D100: Mandor | E100: L.04 | F100: OH | G100: 0.0616 | H100: =VLOOKUP(D100,upahbahan,3,FALSE) -> 200000 | I100: =G100*H100 -> 12320
C101: JUMLAH HARGA TENAGA KERJA | I101: =SUM(I98:I100) -> 131266.5
C102: B | D102: BAHAN
C103: 1 | D103: Batu | F103: m3 | G103: 1.3 | H103: =VLOOKUP(D103,upahbahan,3,FALSE) -> 97500 | I103: =G103*H103 -> 126750
C104: 2 | D104: Kawat bronjong | F104: kg | G104: 13.85 | H104: =VLOOKUP(D104,upahbahan,3,FALSE) -> 15680 | I104: =G104*H104 -> 217168
C105: JUMLAH HARGA BAHAN | I105: =SUM(I103:I104) -> 343918
C106: C | D106: PERALATAN
C107: JUMLAH HARGA ALAT | I107: =SUM(I106:I106) -> 0
C108: D | D108: Jumlah (A+B+C) | I108: =I107+I105+I101 -> 475184.5
C109: E | D109: Biaya Umum dan Keuntungan 10% - 15% x D | H109: 0.1 | I109: =I108*H109 -> 47518.45
C110: F | D110: Harga Satuan Pekerjaan (D+E) | I110: =SUM(I108:I109) -> 522702.95
...

Sheet Penutup Atap
C2: 3 | D2: PEKERJAAN ARSITEKTUR
C3: 3.1 | D3: ='[1]Daftar HSP'!B186 -> PEKERJAAN PENUTUP ATAP
C4: 3.1.1 | D4: Atap Genteng
C5: 3.1.1.1 | D5: Pemasangan 1 m2 atap Genteng Palentong Kecil | I5: =ROUNDDOWN(H20,-2) -> 107400
C6: No | D6: Uraian | E6: Sat. | F6: Koefisien | G6: Harga Satuan (Rp) | H6: Jumlah Harga (Rp)
C7: A | D7: TENAGA KERJA | J7: Catatan:
C8: 1 | D8: Pekerja | E8: OH | F8: 0.15 | G8: =VLOOKUP(D8,upahbahan,3,FALSE) -> 100000 | H8: =F8*G8 -> 15000 | J8: Biaya Umum dan Keuntungan | M8: 0.1
C9: 2 | D9: Tukang kayu | E9: OH | F9: 0.075 | G9: =VLOOKUP(D9,upahbahan,3,FALSE) -> 145000 | H9: =F9*G9 -> 10875
C10: 3 | D10: Kepala tukang | E10: OH | F10: 0.0075 | G10: =VLOOKUP(D10,upahbahan,3,FALSE) -> 175000 | H10: =F10*G10 -> 1312.5
C11: 4 | D11: Mandor | E11: OH | F11: 0.0025 | G11: =VLOOKUP(D11,upahbahan,3,FALSE) -> 200000 | H11: =F11*G11 -> 500
C12: JUMLAH HARGA TENAGA KERJA | H12: =SUM(H8:H11) -> 27687.5
C13: B | D13: BAHAN
C14: 1 | D14: Genteng palentong | E14: buah | F14: 25 | G14: =VLOOKUP(D14,upahbahan,3,FALSE) -> 2800 | H14: =F14*G14 -> 70000
C15: JUMLAH HARGA BAHAN | H15: =SUM(H14) -> 70000
C16: C | D16: PERALATAN
C17: JUMLAH HARGA ALAT | H17: 0
C18: D | D18: Jumlah (A+B+C) | H18: =H17+H15+H12 -> 97687.5
C19: E | D19: Biaya Umum dan Keuntungan 10% - 15% x D | G19: =$M$8 -> 0.1 | H19: =H18*G19 -> 9768.75
C20: F | D20: Harga Satuan Pekerjaan (D+E) | H20: =SUM(H18:H19) -> 107456.25
C22: 3.1.1.2 | D22: Pemasangan 1 m2 atap genteng kodok glazuur | I22: =ROUNDDOWN(H37,-2) -> 189900
C23: No | D23: Uraian | E23: Sat. | F23: Koefisien | G23: Harga Satuan (Rp) | H23: Jumlah Harga (Rp)
C24: A | D24: TENAGA KERJA
C25: 1 | D25: Pekerja | E25: OH | F25: 0.15 | G25: =VLOOKUP(D25,upahbahan,3,FALSE) -> 100000 | H25: =F25*G25 -> 15000
C26: 2 | D26: Tukang kayu | E26: OH | F26: 0.075 | G26: =VLOOKUP(D26,upahbahan,3,FALSE) -> 145000 | H26: =F26*G26 -> 10875
C27: 3 | D27: Kepala tukang | E27: OH | F27: 0.0075 | G27: =VLOOKUP(D27,upahbahan,3,FALSE) -> 175000 | H27: =F27*G27 -> 1312.5
C28: 4 | D28: Mandor | E28: OH | F28: 0.0025 | G28: =VLOOKUP(D28,upahbahan,3,FALSE) -> 200000 | H28: =F28*G28 -> 500
C29: JUMLAH HARGA TENAGA KERJA | H29: =SUM(H25:H28) -> 27687.5
C30: B | D30: BAHAN
C31: 1 | D31: Genteng kodok glazuur | E31: buah | F31: 25 | G31: =VLOOKUP(D31,upahbahan,3,FALSE) -> 5800 | H31: =F31*G31 -> 145000
C32: JUMLAH HARGA BAHAN | H32: =SUM(H31) -> 145000
C33: C | D33: PERALATAN
C34: JUMLAH HARGA ALAT | H34: 0
C35: D | D35: Jumlah (A+B+C) | H35: =H34+H32+H29 -> 172687.5
C36: E | D36: Biaya Umum dan Keuntungan 10% - 15% x D | G36: =$M$8 -> 0.1 | H36: =H35*G36 -> 17268.75
C37: F | D37: Harga Satuan Pekerjaan (D+E) | H37: =SUM(H35:H36) -> 189956.25
C39: 3.1.1.3 | D39: Pemasangan 1 m2 atap genteng palentong besar | I39: =ROUNDDOWN(H54,-2) -> 100400
C40: No | D40: Uraian | E40: Sat. | F40: Koefisien | G40: Harga Satuan (Rp) | H40: Jumlah Harga (Rp)
C41: A | D41: TENAGA KERJA
C42: 1 | D42: Pekerja | E42: OH | F42: 0.15 | G42: =VLOOKUP(D42,upahbahan,3,FALSE) -> 100000 | H42: =F42*G42 -> 15000
C43: 2 | D43: Tukang kayu | E43: OH | F43: 0.075 | G43: =VLOOKUP(D43,upahbahan,3,FALSE) -> 145000 | H43: =F43*G43 -> 10875
C44: 3 | D44: Kepala tukang | E44: OH | F44: 0.0075 | G44: =VLOOKUP(D44,upahbahan,3,FALSE) -> 175000 | H44: =F44*G44 -> 1312.5
C45: 4 | D45: Mandor | E45: OH | F45: 0.0025 | G45: =VLOOKUP(D45,upahbahan,3,FALSE) -> 200000 | H45: =F45*G45 -> 500
C46: JUMLAH HARGA TENAGA KERJA | H46: =SUM(H42:H45) -> 27687.5
C47: B | D47: BAHAN
C48: 1 | D48: Genteng palentong super | E48: buah | F48: 12 | G48: =VLOOKUP(D48,upahbahan,3,FALSE) -> 5300 | H48: =F48*G48 -> 63600
C49: JUMLAH HARGA BAHAN | H49: =SUM(H48) -> 63600
C50: C | D50: PERALATAN
C51: JUMLAH HARGA ALAT | H51: 0
C52: D | D52: Jumlah (A+B+C) | H52: =H51+H49+H46 -> 91287.5
C53: E | D53: Biaya Umum dan Keuntungan 10% - 15% x D | G53: =$M$8 -> 0.1 | H53: =H52*G53 -> 9128.75
C54: F | D54: Harga Satuan Pekerjaan (D+E) | H54: =SUM(H52:H53) -> 100416.25
C56: 3.1.1.4 | D56: Pemasangan 1 m2 atap genteng beton | I56: =ROUNDDOWN(H72,-2) -> 123500
C57: No | D57: Uraian | E57: Sat. | F57: Koefisien | G57: Harga Satuan (Rp) | H57: Jumlah Harga (Rp)
C58: A | D58: TENAGA KERJA
C59: 1 | D59: Pekerja | E59: OH | F59: 0.2 | G59: =VLOOKUP(D59,upahbahan,3,FALSE) -> 100000 | H59: =F59*G59 -> 20000
C60: 2 | D60: Tukang kayu | E60: OH | F60: 0.1 | G60: =VLOOKUP(D60,upahbahan,3,FALSE) -> 145000 | H60: =F60*G60 -> 14500
C61: 3 | D61: Kepala tukang | E61: OH | F61: 0.01 | G61: =VLOOKUP(D61,upahbahan,3,FALSE) -> 175000 | H61: =F61*G61 -> 1750
C62: 4 | D62: Mandor | E62: OH | F62: 0.0033 | G62: =VLOOKUP(D62,upahbahan,3,FALSE) -> 200000 | H62: =F62*G62 -> 660
C63: JUMLAH HARGA TENAGA KERJA | H63: =SUM(H59:H62) -> 36910
C64: B | D64: BAHAN
C65: 1 | D65: Genteng beton | E65: buah | F65: 11 | G65: =VLOOKUP(D65,upahbahan,3,FALSE) -> 6800 | H65: =F65*G65 -> 74800
C66: 2 | D66: Paku biasa 5 inchi | E66: kg | F66: 0.03 | G66: =VLOOKUP(D66,upahbahan,3,FALSE) -> 20000 | H66: =F66*G66 -> 600
C67: JUMLAH HARGA BAHAN | H67: =SUM(H65:H66) -> 75400
C68: C | D68: PERALATAN
C69: JUMLAH HARGA ALAT | H69: 0
C70: D | D70: Jumlah (A+B+C) | H70: =H69+H67+H63 -> 112310
C71: E | D71: Biaya Umum dan Keuntungan 10% - 15% x D | G71: =$M$8 -> 0.1 | H71: =H70*G71 -> 11231
C72: F | D72: Harga Satuan Pekerjaan (D+E) | H72: =SUM(H70:H71) -> 123541
C74: 3.1.1.5 | D74: Pemasangan 1 m' Nok/bubung genteng palentong kecil | I74: =ROUNDDOWN(H91,-2) -> 161100
C75: No | D75: Uraian | E75: Sat. | F75: Koefisien | G75: Harga Satuan (Rp) | H75: Jumlah Harga (Rp)
C76: A | D76: TENAGA KERJA
C77: 1 | D77: Pekerja | E77: OH | F77: 0.4 | G77: =VLOOKUP(D77,upahbahan,3,FALSE) -> 100000 | H77: =F77*G77 -> 40000
C78: 2 | D78: Tukang kayu | E78: OH | F78: 0.2 | G78: =VLOOKUP(D78,upahbahan,3,FALSE) -> 145000 | H78: =F78*G78 -> 29000
C79: 3 | D79: Kepala tukang | E79: OH | F79: 0.02 | G79: =VLOOKUP(D79,upahbahan,3,FALSE) -> 175000 | H79: =F79*G79 -> 3500
C80: 4 | D80: Mandor | E80: OH | F80: 0.0067 | G80: =VLOOKUP(D80,upahbahan,3,FALSE) -> 200000 | H80: =F80*G80 -> 1340
C81: JUMLAH HARGA TENAGA KERJA | H81: =SUM(H77:H80) -> 73840
C82: B | D82: BAHAN
C83: 1 | D83: Bubung genteng palentong | E83: buah | F83: 5 | G83: =VLOOKUP(D83,upahbahan,3,FALSE) -> 10700 | H83: =F83*G83 -> 53500
C84: 2 | D84: Semen portland (PC) | E84: kg | F84: 8 | G84: =VLOOKUP(D84,upahbahan,3,FALSE) -> 1300 | H84: =F84*G84 -> 10400
C85: 3 | D85: Pasir pasang (quarry - lokasi pekerjaan) | E85: m3 | F85: 0.032 | G85: =VLOOKUP(D85,upahbahan,3,FALSE) -> 275000 | H85: =F85*G85 -> 8800
C86: JUMLAH HARGA BAHAN | H86: =SUM(H83:H85) -> 72700
C87: C | D87: PERALATAN
C88: JUMLAH HARGA ALAT | H88: 0
C89: D | D89: Jumlah (A+B+C) | H89: =H88+H86+H81 -> 146540
C90: E | D90: Biaya Umum dan Keuntungan 10% - 15% x D | G90: =$M$8 -> 0.1 | H90: =H89*G90 -> 14654
C91: F | D91: Harga Satuan Pekerjaan (D+E) | H91: =SUM(H89:H90) -> 161194
C93: 3.1.1.6 | D93: Pemasangan 1 m' Nok/bubung genteng kodok glazuur | I93: =ROUNDDOWN(H110,-2) -> 149600
C94: No | D94: Uraian | E94: Sat. | F94: Koefisien | G94: Harga Satuan (Rp) | H94: Jumlah Harga (Rp)
C95: A | D95: TENAGA KERJA
C96: 1 | D96: Pekerja | E96: OH | F96: 0.4 | G96: =VLOOKUP(D96,upahbahan,3,FALSE) -> 100000 | H96: =F96*G96 -> 40000
C97: 2 | D97: Tukang kayu | E97: OH | F97: 0.2 | G97: =VLOOKUP(D97,upahbahan,3,FALSE) -> 145000 | H97: =F97*G97 -> 29000
C98: 3 | D98: Kepala tukang | E98: OH | F98: 0.02 | G98: =VLOOKUP(D98,upahbahan,3,FALSE) -> 175000 | H98: =F98*G98 -> 3500
C99: 4 | D99: Mandor | E99: OH | F99: 0.0067 | G99: =VLOOKUP(D99,upahbahan,3,FALSE) -> 200000 | H99: =F99*G99 -> 1340
C100: JUMLAH HARGA TENAGA KERJA | H100: =SUM(H96:H99) -> 73840
C101: B | D101: BAHAN
C102: 1 | D102: Bubung genteng kodok | E102: buah | F102: 5 | G102: =VLOOKUP(D102,upahbahan,3,FALSE) -> 8600 | H102: =F102*G102 -> 43000
C103: 2 | D103: Semen portland (PC) | E103: kg | F103: 8 | G103: =VLOOKUP(D103,upahbahan,3,FALSE) -> 1300 | H103: =F103*G103 -> 10400
C104: 3 | D104: Pasir pasang (quarry - lokasi pekerjaan) | E104: m3 | F104: 0.032 | G104: =VLOOKUP(D104,upahbahan,3,FALSE) -> 275000 | H104: =F104*G104 -> 8800
C105: JUMLAH HARGA BAHAN | H105: =SUM(H102:H104) -> 62200
C106: C | D106: PERALATAN
...

Sheet Plafon
C3: 3,5 | D3: PEKERJAAN LANGIT-LANGIT (PLAFON)
C4: 3,5,1 | D4: Langit-Langit (Plafon) Akusik
C5: 3.2.1.1 | D5: Pemasangan 1 m2 plafon akustik uk. 30x30 cm | I5: =ROUNDDOWN(H20,-2) -> 117300
C6: No | D6: Uraian | E6: Sat. | F6: Koefisien | G6: Harga Satuan (Rp) | H6: Jumlah Harga (Rp)
C7: A | D7: TENAGA KERJA | J7: Catatan:
C8: 1 | D8: Pekerja | E8: OH | F8: 0.12 | G8: =VLOOKUP(D8,upahbahan,3,FALSE) -> 100000 | H8: =F8*G8 -> 12000 | J8: Biaya Umum dan Keuntungan | M8: 0.1
C9: 2 | D9: Tukang kayu | E9: OH | F9: 0.12 | G9: =VLOOKUP(D9,upahbahan,3,FALSE) -> 145000 | H9: =F9*G9 -> 17400
C10: 3 | D10: Kepala tukang | E10: OH | F10: 0.012 | G10: =VLOOKUP(D10,upahbahan,3,FALSE) -> 175000 | H10: =F10*G10 -> 2100
C11: 4 | D11: Mandor | E11: OH | F11: 0.004 | G11: =VLOOKUP(D11,upahbahan,3,FALSE) -> 200000 | H11: =F11*G11 -> 800
C12: JUMLAH HARGA TENAGA KERJA | H12: =SUM(H8:H11) -> 32300
C13: B | D13: BAHAN
C14: 1 | D14: Plafon akustik 30x30 cm | E14: lembar | F14: 12 | G14: =VLOOKUP(D14,upahbahan,3,FALSE) -> 6200 | H14: =F14*G14 -> 74400
C15: JUMLAH HARGA BAHAN | H15: =SUM(H14:H14) -> 74400
C16: C | D16: PERALATAN
C17: JUMLAH HARGA ALAT | H17: 0
C18: D | D18: Jumlah (A+B+C) | H18: =H17+H15+H12 -> 106700
C19: E | D19: Biaya Umum dan Keuntungan 10% - 15% x D | G19: =$M$8 -> 0.1 | H19: =H18*G19 -> 10670
C20: F | D20: Harga Satuan Pekerjaan (D+E) | H20: =SUM(H18:H19) -> 117370
C22: 3.5.1.2 | D22: Pemasangan 1 m2 plafon akustik uk. 30x60 cm | I22: =ROUNDDOWN(H37,-2) -> 124200
C23: No | D23: Uraian | E23: Sat. | F23: Koefisien | G23: Harga Satuan (Rp) | H23: Jumlah Harga (Rp)
C24: A | D24: TENAGA KERJA
C25: 1 | D25: Pekerja | E25: OH | F25: 0.12 | G25: =VLOOKUP(D25,upahbahan,3,FALSE) -> 100000 | H25: =F25*G25 -> 12000
C26: 2 | D26: Tukang kayu | E26: OH | F26: 0.12 | G26: =VLOOKUP(D26,upahbahan,3,FALSE) -> 145000 | H26: =F26*G26 -> 17400
C27: 3 | D27: Kepala tukang | E27: OH | F27: 0.012 | G27: =VLOOKUP(D27,upahbahan,3,FALSE) -> 175000 | H27: =F27*G27 -> 2100
C28: 4 | D28: Mandor | E28: OH | F28: 0.004 | G28: =VLOOKUP(D28,upahbahan,3,FALSE) -> 200000 | H28: =F28*G28 -> 800
C29: JUMLAH HARGA TENAGA KERJA | H29: =SUM(H25:H28) -> 32300
C30: B | D30: BAHAN
C31: 1 | D31: Plafon akustik 30x60 cm | E31: lembar | F31: 5.8 | G31: =VLOOKUP(D31,upahbahan,3,FALSE) -> 13900 | H31: =F31*G31 -> 80620
C32: JUMLAH HARGA BAHAN | H32: =SUM(H31:H31) -> 80620
C33: C | D33: PERALATAN
C34: JUMLAH HARGA ALAT | H34: 0
C35: D | D35: Jumlah (A+B+C) | H35: =H34+H32+H29 -> 112920
C36: E | D36: Biaya Umum dan Keuntungan 10% - 15% x D | G36: =$M$8 -> 0.1 | H36: =H35*G36 -> 11292
C37: F | D37: Harga Satuan Pekerjaan (D+E) | H37: =SUM(H35:H36) -> 124212
C39: 3.5.1.3 | D39: Pemasangan 1 m2 plafon akustik uk. 60x120 cm | I39: =ROUNDDOWN(H54,-2) -> 69200
C40: No | D40: Uraian | E40: Sat. | F40: Koefisien | G40: Harga Satuan (Rp) | H40: Jumlah Harga (Rp)
C41: A | D41: TENAGA KERJA
C42: 1 | D42: Pekerja | E42: OH | F42: 0.1 | G42: =VLOOKUP(D42,upahbahan,3,FALSE) -> 100000 | H42: =F42*G42 -> 10000
C43: 2 | D43: Tukang kayu | E43: OH | F43: 0.1 | G43: =VLOOKUP(D43,upahbahan,3,FALSE) -> 145000 | H43: =F43*G43 -> 14500
C44: 3 | D44: Kepala tukang | E44: OH | F44: 0.01 | G44: =VLOOKUP(D44,upahbahan,3,FALSE) -> 175000 | H44: =F44*G44 -> 1750
C45: 4 | D45: Mandor | E45: OH | F45: 0.0033 | G45: =VLOOKUP(D45,upahbahan,3,FALSE) -> 200000 | H45: =F45*G45 -> 660
C46: JUMLAH HARGA TENAGA KERJA | H46: =SUM(H42:H45) -> 26910
C47: B | D47: BAHAN
C48: 1 | D48: Plafon akustik 60x120 cm | E48: lembar | F48: 1.5 | G48: =VLOOKUP(D48,upahbahan,3,FALSE) -> 24000 | H48: =F48*G48 -> 36000
C49: JUMLAH HARGA BAHAN | H49: =SUM(H48:H48) -> 36000
C50: C | D50: PERALATAN
C51: JUMLAH HARGA ALAT | H51: 0
C52: D | D52: Jumlah (A+B+C) | H52: =H51+H49+H46 -> 62910
C53: E | D53: Biaya Umum dan Keuntungan 10% - 15% x D | G53: =$M$8 -> 0.1 | H53: =H52*G53 -> 6291
C54: F | D54: Harga Satuan Pekerjaan (D+E) | H54: =SUM(H52:H53) -> 69201
C56: 3.5.1.4 | D56: Pemasangan 1 m2 plafon akustik uk. 60x120 cm dengan profil aluminium | I56: =ROUNDDOWN(H74,-2) -> 256500
C57: No | D57: Uraian | E57: Sat. | F57: Koefisien | G57: Harga Satuan (Rp) | H57: Jumlah Harga (Rp)
C58: A | D58: TENAGA KERJA
C59: 1 | D59: Pekerja | E59: OH | F59: 0.5 | G59: =VLOOKUP(D59,upahbahan,3,FALSE) -> 100000 | H59: =F59*G59 -> 50000
C60: 2 | D60: Tukang besi | E60: OH | F60: 0.5 | G60: =VLOOKUP(D60,upahbahan,3,FALSE) -> 145000 | H60: =F60*G60 -> 72500
C61: 3 | D61: Kepala tukang | E61: OH | F61: 0.05 | G61: =VLOOKUP(D61,upahbahan,3,FALSE) -> 175000 | H61: =F61*G61 -> 8750
C62: 4 | D62: Mandor | E62: OH | F62: 0.0167 | G62: =VLOOKUP(D62,upahbahan,3,FALSE) -> 200000 | H62: =F62*G62 -> 3340
C63: JUMLAH HARGA TENAGA KERJA | H63: =SUM(H59:H62) -> 134590
C64: B | D64: BAHAN
C65: 1 | D65: Profil Aluminium ”T” | E65: m' | F65: 3.6 | G65: =VLOOKUP(D65,upahbahan,3,FALSE) -> 15000 | H65: =F65*G65 -> 54000
C66: 2 | D66: Kawat Ø 4 mm | E66: kg | F66: 0.15 | G66: =VLOOKUP(D66,upahbahan,3,FALSE) -> 35000 | H66: =F66*G66 -> 5250
C67: 3 | D67: Ramset | E67: buah | F67: 1.05 | G67: =VLOOKUP(D67,upahbahan,3,FALSE) -> 3200 | H67: =F67*G67 -> 3360
C68: 4 | D68: Plafon akustik 60x120 cm | E68: lembar | F68: 1.5 | G68: =VLOOKUP(D68,upahbahan,3,FALSE) -> 24000 | H68: =F68*G68 -> 36000
C69: JUMLAH HARGA BAHAN | H69: =SUM(H65:H68) -> 98610
C70: C | D70: PERALATAN
C71: JUMLAH HARGA ALAT | H71: 0
C72: D | D72: Jumlah (A+B+C) | H72: =H71+H69+H63 -> 233200
C73: E | D73: Biaya Umum dan Keuntungan 10% - 15% x D | G73: =$M$8 -> 0.1 | H73: =H72*G73 -> 23320
C74: F | D74: Harga Satuan Pekerjaan (D+E) | H74: =SUM(H72:H73) -> 256520
C76: 3.5.2 | D76: Langit -Langit (Plafon) Lainnya
C77: 3.5.2.1 | D77: Pemasangan 1 m2 plafon papan gypsum tebal 9 mm | I77: =ROUNDDOWN(H93,-2) -> 51900
C78: No | D78: Uraian | E78: Sat. | F78: Koefisien | G78: Harga Satuan (Rp) | H78: Jumlah Harga (Rp)
C79: A | D79: TENAGA KERJA
C80: 1 | D80: Pekerja | E80: OH | F80: 0.1 | G80: =VLOOKUP(D80,upahbahan,3,FALSE) -> 100000 | H80: =F80*G80 -> 10000
C81: 2 | D81: Tukang kayu | E81: OH | F81: 0.05 | G81: =VLOOKUP(D81,upahbahan,3,FALSE) -> 145000 | H81: =F81*G81 -> 7250
C82: 3 | D82: Kepala tukang | E82: OH | F82: 0.005 | G82: =VLOOKUP(D82,upahbahan,3,FALSE) -> 175000 | H82: =F82*G82 -> 875
C83: 4 | D83: Mandor | E83: OH | F83: 0.0017 | G83: =VLOOKUP(D83,upahbahan,3,FALSE) -> 200000 | H83: =F83*G83 -> 340
C84: JUMLAH HARGA TENAGA KERJA | H84: =SUM(H80:H83) -> 18465
C85: B | D85: BAHAN
C86: 1 | D86: Gypsum board (120 cm x 240 cm x 9 mm) | E86: lembar | F86: 0.364 | G86: =VLOOKUP(D86,upahbahan,3,FALSE) -> 70000 | H86: =F86*G86 -> 25480
C87: 2 | D87: Paku sekrup | E87: kg | F87: 0.11 | G87: =VLOOKUP(D87,upahbahan,3,FALSE) -> 30090 | H87: =F87*G87 -> 3309.9
C88: JUMLAH HARGA BAHAN | H88: =SUM(H86:H87) -> 28789.9
C89: C | D89: PERALATAN
C90: JUMLAH HARGA ALAT | H90: 0
C91: D | D91: Jumlah (A+B+C) | H91: =H90+H88+H84 -> 47254.9
C92: E | D92: Biaya Umum dan Keuntungan 10% - 15% x D | G92: =$M$8 -> 0.1 | H92: =H91*G92 -> 4725.49
C93: F | D93: Harga Satuan Pekerjaan (D+E) | H93: =SUM(H91:H92) -> 51980.39
C96: 3.5.2.2 | D96: Pemasangan 1 m2 plafon serat semen/GRC tebal 4 mm, 5 mm, dan 6 mm | I96: =ROUNDDOWN(H112,-2) -> 76400
C97: No | D97: Uraian | E97: Sat. | F97: Koefisien | G97: Harga Satuan (Rp) | H97: Jumlah Harga (Rp)
C98: A | D98: TENAGA KERJA
C99: 1 | D99: Pekerja | E99: OH | F99: 0.03 | G99: =VLOOKUP(D99,upahbahan,3,FALSE) -> 100000 | H99: =F99*G99 -> 3000
C100: 2 | D100: Tukang kayu | E100: OH | F100: 0.07 | G100: =VLOOKUP(D100,upahbahan,3,FALSE) -> 145000 | H100: =F100*G100 -> 10150
C101: 3 | D101: Kepala tukang | E101: OH | F101: 0.007 | G101: =VLOOKUP(D101,upahbahan,3,FALSE) -> 175000 | H101: =F101*G101 -> 1225
C102: 4 | D102: Mandor | E102: OH | F102: 0.0023 | G102: =VLOOKUP(D102,upahbahan,3,FALSE) -> 200000 | H102: =F102*G102 -> 460
C103: JUMLAH HARGA TENAGA KERJA | H103: =SUM(H99:H102) -> 14835
C104: B | D104: BAHAN
C105: 1 | D105: Papan semen | E105: m2 | F105: 1.21 | G105: =VLOOKUP(D105,upahbahan,3,FALSE) -> 45000 | H105: =F105*G105 -> 54450
C106: 2 | D106: Paku 2 inch | E106: kg | F106: 0.01 | G106: =VLOOKUP(D106,upahbahan,3,FALSE) -> 18000 | H106: =F106*G106 -> 180
C107: JUMLAH HARGA BAHAN | H107: =SUM(H105:H106) -> 54630
C108: C | D108: PERALATAN
...

Sheet Pasangan Dinding
C3: 3,6 | D3: ='[1]Daftar HSP'!B160 -> PEKERJAAN PASANGAN DINDING
C4: 3.6.1 | D4: Dinding Bata Merah
C5: 3.6.1.1 | D5: Pemasangan 1 m2 dinding bata merah tebal 1 batu dengan mortar tipe M,fc’ 17,2 MPa (Setara Campuran 1SP : 2PP) | I5: =ROUNDDOWN(H22,-2) -> 278300
C6: No | D6: Uraian | E6: Sat. | F6: Koefisien | G6: Harga Satuan (Rp) | H6: Jumlah Harga (Rp)
C7: A | D7: TENAGA KERJA | J7: Catatan:
C8: 1 | D8: Pekerja | E8: OH | F8: 0.4 | G8: =VLOOKUP(D8,upahbahan,3,FALSE) -> 100000 | H8: =F8*G8 -> 40000 | J8: Biaya Umum dan Keuntungan | M8: 0.1
C9: 2 | D9: Tukang batu | E9: OH | F9: 0.2 | G9: =VLOOKUP(D9,upahbahan,3,FALSE) -> 145000 | H9: =F9*G9 -> 29000
C10: 3 | D10: Kepala tukang | E10: OH | F10: 0.02 | G10: =VLOOKUP(D10,upahbahan,3,FALSE) -> 175000 | H10: =F10*G10 -> 3500
C11: 4 | D11: Mandor | E11: OH | F11: 0.0067 | G11: =VLOOKUP(D11,upahbahan,3,FALSE) -> 200000 | H11: =F11*G11 -> 1340
C12: JUMLAH TENAGA KERJA | H12: =SUM(H8:H11) -> 73840
C13: B | D13: BAHAN
C14: 1 | D14: Bata merah | E14: buah | F14: 143.81 | G14: =VLOOKUP(D14,upahbahan,3,FALSE) -> 700 | H14: =F14*G14 -> 100667
C15: 2 | D15: Semen portland (PC) | E15: kg | F15: 43.5 | G15: =VLOOKUP(D15,upahbahan,3,FALSE) -> 1300 | H15: =F15*G15 -> 56550
C16: 3 | D16: Pasir pasang (quarry - lokasi pekerjaan) | E16: m3 | F16: 0.08 | G16: =VLOOKUP(D16,upahbahan,3,FALSE) -> 275000 | H16: =F16*G16 -> 22000
C17: JUMLAH HARGA BAHAN | H17: =SUM(H14:H16) -> 179217
C18: C | D18: PERALATAN
C19: JUMLAH HARGA ALAT | H19: 0
C20: D | D20: Jumlah (A+B+C) | H20: =H19+H17+H12 -> 253057
C21: E | D21: Biaya Umum dan Keuntungan 10% - 15% x D | G21: =$M$8 -> 0.1 | H21: =H20*G21 -> 25305.7
C22: F | D22: Harga Satuan Pekerjaan (D+E) | H22: =SUM(H20:H21) -> 278362.7
C24: 3.6.1.2 | D24: Pemasangan 1 m2 dinding bata merah tebal 1 batu dengan mortar tipe S,fc’ 12,5 MPa (Setara Campuran 1SP : 3PP) | I24: =ROUNDDOWN(H41,-2) -> 266600
C25: No | D25: Uraian | E25: Sat. | F25: Koefisien | G25: Harga Satuan (Rp) | H25: Jumlah Harga (Rp)
C26: A | D26: TENAGA KERJA
C27: 1 | D27: Pekerja | E27: OH | F27: 0.4 | G27: =VLOOKUP(D27,upahbahan,3,FALSE) -> 100000 | H27: =F27*G27 -> 40000
C28: 2 | D28: Tukang batu | E28: OH | F28: 0.2 | G28: =VLOOKUP(D28,upahbahan,3,FALSE) -> 145000 | H28: =F28*G28 -> 29000
C29: 3 | D29: Kepala tukang | E29: OH | F29: 0.02 | G29: =VLOOKUP(D29,upahbahan,3,FALSE) -> 175000 | H29: =F29*G29 -> 3500
C30: 4 | D30: Mandor | E30: OH | F30: 0.0067 | G30: =VLOOKUP(D30,upahbahan,3,FALSE) -> 200000 | H30: =F30*G30 -> 1340
C31: JUMLAH TENAGA KERJA | H31: =SUM(H27:H30) -> 73840
C32: B | D32: BAHAN
C33: 1 | D33: Bata merah | E33: buah | F33: 143.81 | G33: =VLOOKUP(D33,upahbahan,3,FALSE) -> 700 | H33: =F33*G33 -> 100667
C34: 2 | D34: Semen portland (PC) | E34: kg | F34: 32.95 | G34: =VLOOKUP(D34,upahbahan,3,FALSE) -> 1300 | H34: =F34*G34 -> 42835
C35: 3 | D35: Pasir pasang (quarry - lokasi pekerjaan) | E35: m3 | F35: 0.091 | G35: =VLOOKUP(D35,upahbahan,3,FALSE) -> 275000 | H35: =F35*G35 -> 25025
C36: JUMLAH HARGA BAHAN | H36: =SUM(H33:H35) -> 168527
C37: C | D37: PERALATAN
C38: JUMLAH HARGA ALAT | H38: 0
C39: D | D39: Jumlah (A+B+C) | H39: =H38+H36+H31 -> 242367
C40: E | D40: Biaya Umum dan Keuntungan 10% - 15% x D | G40: =$M$8 -> 0.1 | H40: =H39*G40 -> 24236.7
C41: F | D41: Harga Satuan Pekerjaan (D+E) | H41: =SUM(H39:H40) -> 266603.7
C43: 3.6.1.3 | D43: Pemasangan 1 m2 dinding bata merah tebal 1 batu dengan mortar tipe N,fc’ 5,2 MPa (Setara Campuran 1SP : 4PP) | I43: =ROUNDDOWN(H60,-2) -> 258000
C44: No | D44: Uraian | E44: Sat. | F44: Koefisien | G44: Harga Satuan (Rp) | H44: Jumlah Harga (Rp)
C45: A | D45: TENAGA KERJA
C46: 1 | D46: Pekerja | E46: OH | F46: 0.4 | G46: =VLOOKUP(D46,upahbahan,3,FALSE) -> 100000 | H46: =F46*G46 -> 40000
C47: 2 | D47: Tukang batu | E47: OH | F47: 0.2 | G47: =VLOOKUP(D47,upahbahan,3,FALSE) -> 145000 | H47: =F47*G47 -> 29000
C48: 3 | D48: Kepala tukang | E48: OH | F48: 0.02 | G48: =VLOOKUP(D48,upahbahan,3,FALSE) -> 175000 | H48: =F48*G48 -> 3500
C49: 4 | D49: Mandor | E49: OH | F49: 0.0067 | G49: =VLOOKUP(D49,upahbahan,3,FALSE) -> 200000 | H49: =F49*G49 -> 1340
C50: JUMLAH TENAGA KERJA | H50: =SUM(H46:H49) -> 73840
C51: B | D51: BAHAN
C52: 1 | D52: Bata merah | E52: buah | F52: 143.81 | G52: =VLOOKUP(D52,upahbahan,3,FALSE) -> 700 | H52: =F52*G52 -> 100667
C53: 2 | D53: Semen portland (PC) | E53: kg | F53: 26.55 | G53: =VLOOKUP(D53,upahbahan,3,FALSE) -> 1300 | H53: =F53*G53 -> 34515
C54: 3 | D54: Pasir pasang (quarry - lokasi pekerjaan) | E54: m3 | F54: 0.093 | G54: =VLOOKUP(D54,upahbahan,3,FALSE) -> 275000 | H54: =F54*G54 -> 25575
C55: JUMLAH HARGA BAHAN | H55: =SUM(H52:H54) -> 160757
C56: C | D56: PERALATAN
C57: JUMLAH HARGA ALAT | H57: 0
C58: D | D58: Jumlah (A+B+C) | H58: =H57+H55+H50 -> 234597
C59: E | D59: Biaya Umum dan Keuntungan 10% - 15% x D | G59: =$M$8 -> 0.1 | H59: =H58*G59 -> 23459.7
C60: F | D60: Harga Satuan Pekerjaan (D+E) | H60: =SUM(H58:H59) -> 258056.7
C62: 3.6.1.4 | D62: Pemasangan 1 m2 dinding bata merah tebal 1 batu dengan mortar tipe O,fc’ 2,4 MPa (Setara Campuran 1SP : 5PP) | I62: =ROUNDDOWN(H79,-2) -> 254500
C63: No | D63: Uraian | E63: Sat. | F63: Koefisien | G63: Harga Satuan (Rp) | H63: Jumlah Harga (Rp)
C64: A | D64: TENAGA KERJA
C65: 1 | D65: Pekerja | E65: OH | F65: 0.4 | G65: =VLOOKUP(D65,upahbahan,3,FALSE) -> 100000 | H65: =F65*G65 -> 40000
C66: 2 | D66: Tukang batu | E66: OH | F66: 0.2 | G66: =VLOOKUP(D66,upahbahan,3,FALSE) -> 145000 | H66: =F66*G66 -> 29000
C67: 3 | D67: Kepala tukang | E67: OH | F67: 0.02 | G67: =VLOOKUP(D67,upahbahan,3,FALSE) -> 175000 | H67: =F67*G67 -> 3500
C68: 4 | D68: Mandor | E68: OH | F68: 0.0067 | G68: =VLOOKUP(D68,upahbahan,3,FALSE) -> 200000 | H68: =F68*G68 -> 1340
C69: JUMLAH TENAGA KERJA | H69: =SUM(H65:H68) -> 73840
C70: B | D70: BAHAN
C71: 1 | D71: Bata merah | E71: buah | F71: 143.81 | G71: =VLOOKUP(D71,upahbahan,3,FALSE) -> 700 | H71: =F71*G71 -> 100667
C72: 2 | D72: Semen portland (PC) | E72: kg | F72: 22.2 | G72: =VLOOKUP(D72,upahbahan,3,FALSE) -> 1300 | H72: =F72*G72 -> 28860
C73: 3 | D73: Pasir pasang (quarry - lokasi pekerjaan) | E73: m3 | F73: 0.102 | G73: =VLOOKUP(D73,upahbahan,3,FALSE) -> 275000 | H73: =F73*G73 -> 28050
C74: JUMLAH HARGA BAHAN | H74: =SUM(H71:H73) -> 157577
C75: C | D75: PERALATAN
C76: JUMLAH HARGA ALAT | H76: 0
C77: D | D77: Jumlah (A+B+C) | H77: =H76+H74+H69 -> 231417
C78: E | D78: Biaya Umum dan Keuntungan 10% - 15% x D | G78: =$M$8 -> 0.1 | H78: =H77*G78 -> 23141.7
C79: F | D79: Harga Satuan Pekerjaan (D+E) | H79: =SUM(H77:H78) -> 254558.7
C81: 3.6.1.5 | D81: Pemasangan 1 m2 dinding bata merah tebal 1 batu campuran 1SP : 6PP | I81: =ROUNDDOWN(H98,-2) -> 255300
C82: No | D82: Uraian | E82: Sat. | F82: Koefisien | G82: Harga Satuan (Rp) | H82: Jumlah Harga (Rp)
C83: A | D83: TENAGA KERJA
C84: 1 | D84: Pekerja | E84: OH | F84: 0.4 | G84: =VLOOKUP(D84,upahbahan,3,FALSE) -> 100000 | H84: =F84*G84 -> 40000
C85: 2 | D85: Tukang batu | E85: OH | F85: 0.2 | G85: =VLOOKUP(D85,upahbahan,3,FALSE) -> 145000 | H85: =F85*G85 -> 29000
C86: 3 | D86: Kepala tukang | E86: OH | F86: 0.02 | G86: =VLOOKUP(D86,upahbahan,3,FALSE) -> 175000 | H86: =F86*G86 -> 3500
C87: 4 | D87: Mandor | E87: OH | F87: 0.0067 | G87: =VLOOKUP(D87,upahbahan,3,FALSE) -> 200000 | H87: =F87*G87 -> 1340
C88: JUMLAH TENAGA KERJA | H88: =SUM(H84:H87) -> 73840
C89: B | D89: BAHAN
C90: 1 | D90: Bata merah | E90: buah | F90: 143.81 | G90: =VLOOKUP(D90,upahbahan,3,FALSE) -> 700 | H90: =F90*G90 -> 100667
C91: 2 | D91: Semen portland (PC) | E91: kg | F91: 18.5 | G91: =VLOOKUP(D91,upahbahan,3,FALSE) -> 1300 | H91: =F91*G91 -> 24050
C92: 3 | D92: Pasir pasang (quarry - lokasi pekerjaan) | E92: m3 | F92: 0.122 | G92: =VLOOKUP(D92,upahbahan,3,FALSE) -> 275000 | H92: =F92*G92 -> 33550
C93: JUMLAH HARGA BAHAN | H93: =SUM(H90:H92) -> 158267
C94: C | D94: PERALATAN
C95: JUMLAH HARGA ALAT | H95: 0
C96: D | D96: Jumlah (A+B+C) | H96: =H95+H93+H88 -> 232107
C97: E | D97: Biaya Umum dan Keuntungan 10% - 15% x D | G97: =$M$8 -> 0.1 | H97: =H96*G97 -> 23210.7
C98: F | D98: Harga Satuan Pekerjaan (D+E) | H98: =SUM(H96:H97) -> 255317.7
C100: 3.6.1.6 | D100: Pemasangan 1 m2 dinding bata merah tebal 1/2 batu dengan mortar tipe M,fc’ 17,2 MPa (Setara Campuran 1SP : 2PP) | I100: =ROUNDDOWN(H117,-2) -> 134500
C101: No | D101: Uraian | E101: Sat. | F101: Koefisien | G101: Harga Satuan (Rp) | H101: Jumlah Harga (Rp)
C102: A | D102: TENAGA KERJA
C103: 1 | D103: Pekerja | E103: OH | F103: 0.2 | G103: =VLOOKUP(D103,upahbahan,3,FALSE) -> 100000 | H103: =F103*G103 -> 20000
C104: 2 | D104: Tukang batu | E104: OH | F104: 0.1 | G104: =VLOOKUP(D104,upahbahan,3,FALSE) -> 145000 | H104: =F104*G104 -> 14500
C105: 3 | D105: Kepala tukang | E105: OH | F105: 0.01 | G105: =VLOOKUP(D105,upahbahan,3,FALSE) -> 175000 | H105: =F105*G105 -> 1750
C106: 4 | D106: Mandor | E106: OH | F106: 0.0033 | G106: =VLOOKUP(D106,upahbahan,3,FALSE) -> 200000 | H106: =F106*G106 -> 660
C107: JUMLAH TENAGA KERJA | H107: =SUM(H103:H106) -> 36910
...

Sheet Plesteran Dan Acian
C3: 3.7 | D3: ='[1]Daftar HSP'!B242 -> PEKERJAAN PLESTERAN DAN ACIAN
C4: 3.7.1 | D4: Pemasangan 1 m2 plesteran 1SP : 1PP tebal 15 mm | I4: =ROUNDDOWN(H20,-2) -> 67600
C5: No | D5: Uraian | E5: Sat. | F5: Koefisien | G5: Harga Satuan (Rp) | H5: Jumlah Harga (Rp)
C6: A | D6: TENAGA KERJA | J6: Catatan:
C7: 1 | D7: Pekerja | E7: OH | F7: 0.2 | G7: =VLOOKUP(D7,upahbahan,3,FALSE) -> 100000 | H7: =F7*G7 -> 20000 | J7: Biaya Umum dan Keuntungan | M7: 0.1
C8: 2 | D8: Tukang batu | E8: OH | F8: 0.1 | G8: =VLOOKUP(D8,upahbahan,3,FALSE) -> 145000 | H8: =F8*G8 -> 14500
C9: 3 | D9: Kepala tukang | E9: OH | F9: 0.01 | G9: =VLOOKUP(D9,upahbahan,3,FALSE) -> 175000 | H9: =F9*G9 -> 1750
C10: 4 | D10: Mandor | E10: OH | F10: 0.0033 | G10: =VLOOKUP(D10,upahbahan,3,FALSE) -> 200000 | H10: =F10*G10 -> 660
C11: JUMLAH HARGA TENAGA KERJA | H11: =SUM(H7:H10) -> 36910
C12: B | D12: BAHAN
C13: 1 | D13: Semen portland (PC) | E13: kg | F13: 15.504 | G13: =VLOOKUP(D13,upahbahan,3,FALSE) -> 1300 | H13: =F13*G13 -> 20155.2
C14: 2 | D14: Pasir pasang (quarry - lokasi pekerjaan) | E14: m3 | F14: 0.016 | G14: =VLOOKUP(D14,upahbahan,3,FALSE) -> 275000 | H14: =F14*G14 -> 4400
C15: JUMLAH HARGA BAHAN | H15: =SUM(H13:H14) -> 24555.2
C16: C | D16: PERALATAN
C17: JUMLAH HARGA ALAT | H17: 0
C18: D | D18: Jumlah (A+B+C) | H18: =H17+H15+H11 -> 61465.2
C19: E | D19: Biaya Umum dan Keuntungan 10% - 15% x D | G19: =$M$7 -> 0.1 | H19: =H18*G19 -> 6146.52
C20: F | D20: Harga Satuan Pekerjaan (D+E) | H20: =SUM(H18:H19) -> 67611.72
C22: 3.7.2 | D22: Pemasangan 1 m2 plesteran 1SP : 2PP tebal 15 mm | I22: =ROUNDDOWN(H38,-2) -> 61200
C23: No | D23: Uraian | E23: Sat. | F23: Koefisien | G23: Harga Satuan (Rp) | H23: Jumlah Harga (Rp)
C24: A | D24: TENAGA KERJA
C25: 1 | D25: Pekerja | E25: OH | F25: 0.2 | G25: =VLOOKUP(D25,upahbahan,3,FALSE) -> 100000 | H25: =F25*G25 -> 20000
C26: 2 | D26: Tukang batu | E26: OH | F26: 0.1 | G26: =VLOOKUP(D26,upahbahan,3,FALSE) -> 145000 | H26: =F26*G26 -> 14500
C27: 3 | D27: Kepala tukang | E27: OH | F27: 0.01 | G27: =VLOOKUP(D27,upahbahan,3,FALSE) -> 175000 | H27: =F27*G27 -> 1750
C28: 4 | D28: Mandor | E28: OH | F28: 0.0033 | G28: =VLOOKUP(D28,upahbahan,3,FALSE) -> 200000 | H28: =F28*G28 -> 660
C29: JUMLAH TENAGA KERJA | H29: =SUM(H25:H28) -> 36910
C30: B | D30: BAHAN
C31: 1 | D31: Semen portland (PC) | E31: kg | F31: 10.224 | G31: =VLOOKUP(D31,upahbahan,3,FALSE) -> 1300 | H31: =F31*G31 -> 13291.2
C32: 2 | D32: Pasir pasang (quarry - lokasi pekerjaan) | E32: m3 | F32: 0.02 | G32: =VLOOKUP(D32,upahbahan,3,FALSE) -> 275000 | H32: =F32*G32 -> 5500
C33: JUMLAH HARGA BAHAN | H33: =SUM(H31:H32) -> 18791.2 | K33: 0
C34: C | D34: PERALATAN
C35: JUMLAH HARGA ALAT | H35: 0
C36: D | D36: Jumlah (A+B+C) | H36: =H35+H33+H29 -> 55701.2
C37: E | D37: Biaya Umum dan Keuntungan 10% - 15% x D | G37: =$M$7 -> 0.1 | H37: =H36*G37 -> 5570.12
C38: F | D38: Harga Satuan Pekerjaan (D+E) | H38: =SUM(H36:H37) -> 61271.32
C40: 3.7.3 | D40: Pemasangan 1 m2 plesteran 1SP : 3PP tebal 15 mm | I40: =ROUNDDOWN(H56,-2) -> 58600
C41: No | D41: Uraian | E41: Sat. | F41: Koefisien | G41: Harga Satuan (Rp) | H41: Jumlah Harga (Rp)
C42: A | D42: TENAGA KERJA
C43: 1 | D43: Pekerja | E43: OH | F43: 0.2 | G43: =VLOOKUP(D43,upahbahan,3,FALSE) -> 100000 | H43: =F43*G43 -> 20000
C44: 2 | D44: Tukang batu | E44: OH | F44: 0.1 | G44: =VLOOKUP(D44,upahbahan,3,FALSE) -> 145000 | H44: =F44*G44 -> 14500
C45: 3 | D45: Kepala tukang | E45: OH | F45: 0.01 | G45: =VLOOKUP(D45,upahbahan,3,FALSE) -> 175000 | H45: =F45*G45 -> 1750
C46: 4 | D46: Mandor | E46: OH | F46: 0.0033 | G46: =VLOOKUP(D46,upahbahan,3,FALSE) -> 200000 | H46: =F46*G46 -> 660
C47: JUMLAH TENAGA KERJA | H47: =SUM(H43:H46) -> 36910
C48: B | D48: BAHAN
C49: 1 | D49: Semen portland (PC) | E49: kg | F49: 7.776 | G49: =VLOOKUP(D49,upahbahan,3,FALSE) -> 1300 | H49: =F49*G49 -> 10108.8
C50: 2 | D50: Pasir pasang (quarry - lokasi pekerjaan) | E50: m3 | F50: 0.023 | G50: =VLOOKUP(D50,upahbahan,3,FALSE) -> 275000 | H50: =F50*G50 -> 6325
C51: JUMLAH HARGA BAHAN | H51: =SUM(H49:H50) -> 16433.8
C52: C | D52: PERALATAN
C53: JUMLAH HARGA ALAT | H53: 0
C54: D | D54: Jumlah (A+B+C) | H54: =H53+H51+H47 -> 53343.8
C55: E | D55: Biaya Umum dan Keuntungan 10% - 15% x D | G55: =$M$7 -> 0.1 | H55: =H54*G55 -> 5334.38
C56: F | D56: Harga Satuan Pekerjaan (D+E) | H56: =SUM(H54:H55) -> 58678.18
C58: 3.7.4 | D58: Pemasangan 1 m2 plesteran 1SP : 4PP tebal 15 mm | I58: =ROUNDDOWN(H74,-2) -> 56700
C59: No | D59: Uraian | E59: Sat. | F59: Koefisien | G59: Harga Satuan (Rp) | H59: Jumlah Harga (Rp)
C60: A | D60: TENAGA KERJA
C61: 1 | D61: Pekerja | E61: OH | F61: 0.2 | G61: =VLOOKUP(D61,upahbahan,3,FALSE) -> 100000 | H61: =F61*G61 -> 20000
C62: 2 | D62: Tukang batu | E62: OH | F62: 0.1 | G62: =VLOOKUP(D62,upahbahan,3,FALSE) -> 145000 | H62: =F62*G62 -> 14500
C63: 3 | D63: Kepala tukang | E63: OH | F63: 0.01 | G63: =VLOOKUP(D63,upahbahan,3,FALSE) -> 175000 | H63: =F63*G63 -> 1750
C64: 4 | D64: Mandor | E64: OH | F64: 0.0033 | G64: =VLOOKUP(D64,upahbahan,3,FALSE) -> 200000 | H64: =F64*G64 -> 660
C65: JUMLAH TENAGA KERJA | H65: =SUM(H61:H64) -> 36910
C66: B | D66: BAHAN
C67: 1 | D67: Semen portland (PC) | E67: kg | F67: 6.24 | G67: =VLOOKUP(D67,upahbahan,3,FALSE) -> 1300 | H67: =F67*G67 -> 8112
C68: 2 | D68: Pasir pasang (quarry - lokasi pekerjaan) | E68: m3 | F68: 0.024 | G68: =VLOOKUP(D68,upahbahan,3,FALSE) -> 275000 | H68: =F68*G68 -> 6600
C69: JUMLAH HARGA BAHAN | H69: =SUM(H67:H68) -> 14712
C70: C | D70: PERALATAN
C71: JUMLAH HARGA ALAT | H71: 0
C72: D | D72: Jumlah (A+B+C) | H72: =H71+H69+H65 -> 51622
C73: E | D73: Biaya Umum dan Keuntungan 10% - 15% x D | G73: =$M$7 -> 0.1 | H73: =H72*G73 -> 5162.2
C74: F | D74: Harga Satuan Pekerjaan (D+E) | H74: =SUM(H72:H73) -> 56784.2
C76: 3.7.5 | D76: Pemasangan 1 m2 plesteran 1SP : 5PP tebal 15 mm | I76: =ROUNDDOWN(H92,-2) -> 55800
C77: No | D77: Uraian | E77: Sat. | F77: Koefisien | G77: Harga Satuan (Rp) | H77: Jumlah Harga (Rp)
C78: A | D78: TENAGA KERJA
C79: 1 | D79: Pekerja | E79: OH | F79: 0.2 | G79: =VLOOKUP(D79,upahbahan,3,FALSE) -> 100000 | H79: =F79*G79 -> 20000
C80: 2 | D80: Tukang batu | E80: OH | F80: 0.1 | G80: =VLOOKUP(D80,upahbahan,3,FALSE) -> 145000 | H80: =F80*G80 -> 14500
C81: 3 | D81: Kepala tukang | E81: OH | F81: 0.01 | G81: =VLOOKUP(D81,upahbahan,3,FALSE) -> 175000 | H81: =F81*G81 -> 1750
C82: 4 | D82: Mandor | E82: OH | F82: 0.0033 | G82: =VLOOKUP(D82,upahbahan,3,FALSE) -> 200000 | H82: =F82*G82 -> 660
C83: JUMLAH TENAGA KERJA | H83: =SUM(H79:H82) -> 36910
C84: B | D84: BAHAN
C85: 1 | D85: Semen portland (PC) | E85: kg | F85: 5.184 | G85: =VLOOKUP(D85,upahbahan,3,FALSE) -> 1300 | H85: =F85*G85 -> 6739.2
C86: 2 | D86: Pasir pasang (quarry - lokasi pekerjaan) | E86: m3 | F86: 0.026 | G86: =VLOOKUP(D86,upahbahan,3,FALSE) -> 275000 | H86: =F86*G86 -> 7150
C87: JUMLAH HARGA BAHAN | H87: =SUM(H85:H86) -> 13889.2
C88: C | D88: PERALATAN
C89: JUMLAH HARGA ALAT | H89: 0
C90: D | D90: Jumlah (A+B+C) | H90: =H89+H87+H83 -> 50799.2
C91: E | D91: Biaya Umum dan Keuntungan 10% - 15% x D | G91: =$M$7 -> 0.1 | H91: =H90*G91 -> 5079.92
C92: F | D92: Harga Satuan Pekerjaan (D+E) | H92: =SUM(H90:H91) -> 55879.12
C94: 3.7.6 | D94: Pemasangan 1 m2 plesteran 1SP : 6PP tebal 15 mm | I94: =ROUNDDOWN(H110,-2) -> 55000
C95: No | D95: Uraian | E95: Sat. | F95: Koefisien | G95: Harga Satuan (Rp) | H95: Jumlah Harga (Rp)
C96: A | D96: TENAGA KERJA
C97: 1 | D97: Pekerja | E97: OH | F97: 0.2 | G97: =VLOOKUP(D97,upahbahan,3,FALSE) -> 100000 | H97: =F97*G97 -> 20000
C98: 2 | D98: Tukang batu | E98: OH | F98: 0.1 | G98: =VLOOKUP(D98,upahbahan,3,FALSE) -> 145000 | H98: =F98*G98 -> 14500
C99: 3 | D99: Kepala tukang | E99: OH | F99: 0.01 | G99: =VLOOKUP(D99,upahbahan,3,FALSE) -> 175000 | H99: =F99*G99 -> 1750
C100: 4 | D100: Mandor | E100: OH | F100: 0.0033 | G100: =VLOOKUP(D100,upahbahan,3,FALSE) -> 200000 | H100: =F100*G100 -> 660
C101: JUMLAH TENAGA KERJA | H101: =SUM(H97:H100) -> 36910
C102: B | D102: BAHAN
C103: 1 | D103: Semen portland (PC) | E103: kg | F103: 4.416 | G103: =VLOOKUP(D103,upahbahan,3,FALSE) -> 1300 | H103: =F103*G103 -> 5740.8
C104: 2 | D104: Pasir pasang (quarry - lokasi pekerjaan) | E104: m3 | F104: 0.027 | G104: =VLOOKUP(D104,upahbahan,3,FALSE) -> 275000 | H104: =F104*G104 -> 7425
C105: JUMLAH HARGA BAHAN | H105: =SUM(H103:H104) -> 13165.8
C106: C | D106: PERALATAN
C107: JUMLAH HARGA ALAT | H107: 0
...

Sheet Pengecatan dan Pelituran
C3: 3.8 | D3: ='[1]Daftar HSP'!B435 -> PEKERJAAN PENGECATAN DAN PELITURAN
C4: 3.8.1 | D4: Pengikisan/pengerokan 1 m2 permukaan cat lama (cat minyak) | I4: =ROUNDDOWN(H17,-2) -> 19100
C5: No | D5: Uraian | E5: Sat. | F5: Koefisien | G5: Harga Satuan (Rp) | H5: Jumlah Harga (Rp)
C6: A | D6: TENAGA KERJA | J6: Catatan:
C7: 1 | D7: Pekerja | E7: OH | F7: 0.15 | G7: =VLOOKUP(D7,upahbahan,3,FALSE) -> 100000 | H7: =F7*G7 -> 15000 | J7: Biaya Umum dan Keuntungan | M7: 0.1
C8: 2 | D8: Mandor | E8: OH | F8: 0.0075 | G8: =VLOOKUP(D8,upahbahan,3,FALSE) -> 200000 | H8: =F8*G8 -> 1500
C9: JUMLAH HARGA TENAGA KERJA | H9: =SUM(H7:H8) -> 16500
C10: B | D10: BAHAN
C11: 1 | D11: Soda api | E11: kg | F11: 0.05 | G11: =VLOOKUP(D11,upahbahan,3,FALSE) -> 17900 | H11: =F11*G11 -> 895
C12: JUMLAH HARGA BAHAN | H12: =SUM(H11) -> 895
C13: C | D13: PERALATAN
C14: JUMLAH HARGA ALAT | H14: 0
C15: D | D15: Jumlah (A+B+C) | H15: =H14+H12+H9 -> 17395
C16: E | D16: Biaya Umum dan Keuntungan 10% - 15% x D | G16: =$M$7 -> 0.1 | H16: =H15*G16 -> 1739.5
C17: F | D17: Harga Satuan Pekerjaan (D+E) | H17: =SUM(H15:H16) -> 19134.5
C19: 3.8.2 | D19: Pencucian 1 m2 permukaan tembok yang pernah dicat | I19: =ROUNDDOWN(H32,-2) -> 19200
C20: No | D20: Uraian | E20: Sat. | F20: Koefisien | G20: Harga Satuan (Rp) | H20: Jumlah Harga (Rp)
C21: A | D21: TENAGA KERJA
C22: 1 | D22: Pekerja | E22: OH | F22: 0.15 | G22: =VLOOKUP(D22,upahbahan,3,FALSE) -> 100000 | H22: =F22*G22 -> 15000
C23: 2 | D23: Mandor | E23: OH | F23: 0.0075 | G23: =VLOOKUP(D23,upahbahan,3,FALSE) -> 200000 | H23: =F23*G23 -> 1500
C24: JUMLAH TENAGA KERJA | H24: =SUM(H22:H23) -> 16500
C25: B | D25: BAHAN
C26: 1 | D26: Sabun | E26: kg | F26: 0.05 | G26: =VLOOKUP(D26,upahbahan,3,FALSE) -> 19400 | H26: =F26*G26 -> 970
C27: JUMLAH HARGA BAHAN | H27: =SUM(H26) -> 970
C28: C | D28: PERALATAN
C29: JUMLAH HARGA ALAT | H29: 0
C30: D | D30: Jumlah (A+B+C) | H30: =H29+H27+H24 -> 17470
C31: E | D31: Biaya Umum dan Keuntungan 10% - 15% x D | G31: =$M$7 -> 0.1 | H31: =H30*G31 -> 1747
C32: F | D32: Harga Satuan Pekerjaan (D+E) | H32: =SUM(H30:H31) -> 19217
C34: 3.8.3 | D34: Pengerokan 1 m2 karat pada permukaan baja cara manual | I34: =ROUNDDOWN(H47,-2) -> 19200
C35: No | D35: Uraian | E35: Sat. | F35: Koefisien | G35: Harga Satuan (Rp) | H35: Jumlah Harga (Rp)
C36: A | D36: TENAGA KERJA
C37: 1 | D37: Pekerja | E37: OH | F37: 0.15 | G37: =VLOOKUP(D37,upahbahan,3,FALSE) -> 100000 | H37: =F37*G37 -> 15000
C38: 2 | D38: Mandor | E38: OH | F38: 0.0075 | G38: =VLOOKUP(D38,upahbahan,3,FALSE) -> 200000 | H38: =F38*G38 -> 1500
C39: JUMLAH TENAGA KERJA | H39: =SUM(H37:H38) -> 16500
C40: B | D40: BAHAN
C41: 1 | D41: Cairan perontok karat | E41: kg | F41: 0.05 | G41: =VLOOKUP(D41,upahbahan,3,FALSE) -> 20000 | H41: =F41*G41 -> 1000
C42: JUMLAH HARGA BAHAN | H42: =SUM(H41) -> 1000
C43: C | D43: PERALATAN
C44: JUMLAH HARGA ALAT | H44: 0
C45: D | D45: Jumlah (A+B+C) | H45: =H44+H42+H39 -> 17500
C46: E | D46: Biaya Umum dan Keuntungan 10% - 15% x D | G46: =$M$7 -> 0.1 | H46: =H45*G46 -> 1750
C47: F | D47: Harga Satuan Pekerjaan (D+E) | H47: =SUM(H45:H46) -> 19250
C49: 3.8.4 | D49: Pengecatan 1 m2 bidang kayu baru (1 lapis plamir, 1 lapis cat dasar, 2 lapis cat penutup) | I49: =ROUNDDOWN(H70,-2) -> 47400
C50: No | D50: Uraian | E50: Sat. | F50: Koefisien | G50: Harga Satuan (Rp) | H50: Jumlah Harga (Rp)
C51: A | D51: TENAGA KERJA
C52: 1 | D52: Pekerja | E52: OH | F52: 0.07 | G52: =VLOOKUP(D52,upahbahan,3,FALSE) -> 100000 | H52: =F52*G52 -> 7000
C53: 2 | D53: Tukang cat | E53: OH | F53: 0.009 | G53: =VLOOKUP(D53,upahbahan,3,FALSE) -> 145000 | H53: =F53*G53 -> 1305
C54: 3 | D54: Kepala tukang | E54: OH | F54: 0.0009 | G54: =VLOOKUP(D54,upahbahan,3,FALSE) -> 175000 | H54: =F54*G54 -> 157.5
C55: 4 | D55: Mandor | E55: OH | F55: 0.0003 | G55: =VLOOKUP(D55,upahbahan,3,FALSE) -> 200000 | H55: =F55*G55 -> 60
C56: JUMLAH HARGA TENAGA KERJA | H56: =SUM(H52:H55) -> 8522.5
C57: B | D57: BAHAN
C58: 1 | D58: Meni kayu | E58: kg | F58: 0.2 | G58: =VLOOKUP(D58,upahbahan,3,FALSE) -> 34500 | H58: =F58*G58 -> 6900
C59: 2 | D59: Plamir kayu | E59: kg | F59: 0.15 | G59: =VLOOKUP(D59,upahbahan,3,FALSE) -> 30100 | H59: =F59*G59 -> 4515
C60: 3 | D60: Cat dasar (cat kayu) | E60: kg | F60: 0.17 | G60: =VLOOKUP(D60,upahbahan,3,FALSE) -> 38200 | H60: =F60*G60 -> 6494
C61: 4 | D61: Cat penutup (cat kayu) | E61: kg | F61: 0.26 | G61: =VLOOKUP(D61,upahbahan,3,FALSE) -> 58500 | H61: =F61*G61 -> 15210
C62: 5 | D62: Kuas 3 inch | E62: buah | F62: 0.01 | G62: =VLOOKUP(D62,upahbahan,3,FALSE) -> 10400 | H62: =F62*G62 -> 104
C63: 6 | D63: Pengencer cat kayu/besi | E63: kg | F63: 0.03 | G63: =VLOOKUP(D63,upahbahan,3,FALSE) -> 20000 | H63: =F63*G63 -> 600
C64: 7 | D64: Amplas | E64: lembar | F64: 0.2 | G64: =VLOOKUP(D64,upahbahan,3,FALSE) -> 3900 | H64: =F64*G64 -> 780
C65: JUMLAH HARGA BAHAN | H65: =SUM(H58:H64) -> 34603
C66: C | D66: PERALATAN
C67: JUMLAH HARGA ALAT | H67: 0
C68: D | D68: Jumlah (A+B+C) | H68: =H67+H65+H56 -> 43125.5
C69: E | D69: Biaya Umum dan Keuntungan 10% - 15% x D | G69: =$M$7 -> 0.1 | H69: =H68*G69 -> 4312.55
C70: F | D70: Harga Satuan Pekerjaan (D+E) | H70: =SUM(H68:H69) -> 47438.05
C72: 3.8.5 | D72: Pengecatan 1 m2 bidang kayu baru (1 lapis plamir, 1 lapis cat dasar, 3 lapis cat penutup) | I72: =ROUNDDOWN(H93,-2) -> 71000
C73: No | D73: Uraian | E73: Sat. | F73: Koefisien | G73: Harga Satuan (Rp) | H73: Jumlah Harga (Rp)
C74: A | D74: TENAGA KERJA
C75: 1 | D75: Pekerja | E75: OH | F75: 0.07 | G75: =VLOOKUP(D75,upahbahan,3,FALSE) -> 100000 | H75: =F75*G75 -> 7000
C76: 2 | D76: Tukang cat | E76: OH | F76: 0.105 | G76: =VLOOKUP(D76,upahbahan,3,FALSE) -> 145000 | H76: =F76*G76 -> 15225
C77: 3 | D77: Kepala tukang | E77: OH | F77: 0.0105 | G77: =VLOOKUP(D77,upahbahan,3,FALSE) -> 175000 | H77: =F77*G77 -> 1837.5
C78: 4 | D78: Mandor | E78: OH | F78: 0.0035 | G78: =VLOOKUP(D78,upahbahan,3,FALSE) -> 200000 | H78: =F78*G78 -> 700
C79: JUMLAH HARGA TENAGA KERJA | H79: =SUM(H75:H78) -> 24762.5
C80: B | D80: BAHAN
C81: 1 | D81: Meni kayu | E81: kg | F81: 0.2 | G81: =VLOOKUP(D81,upahbahan,3,FALSE) -> 34500 | H81: =F81*G81 -> 6900
C82: 2 | D82: Plamir kayu | E82: kg | F82: 0.15 | G82: =VLOOKUP(D82,upahbahan,3,FALSE) -> 30100 | H82: =F82*G82 -> 4515
C83: 3 | D83: Cat dasar (cat kayu) | E83: kg | F83: 0.17 | G83: =VLOOKUP(D83,upahbahan,3,FALSE) -> 38200 | H83: =F83*G83 -> 6494
C84: 4 | D84: Cat penutup (cat kayu) | E84: kg | F84: 0.35 | G84: =VLOOKUP(D84,upahbahan,3,FALSE) -> 58500 | H84: =F84*G84 -> 20475
C85: 5 | D85: Kuas 3 inch | E85: buah | F85: 0.01 | G85: =VLOOKUP(D85,upahbahan,3,FALSE) -> 10400 | H85: =F85*G85 -> 104
C86: 6 | D86: Pengencer cat kayu/besi | E86: kg | F86: 0.03 | G86: =VLOOKUP(D86,upahbahan,3,FALSE) -> 20000 | H86: =F86*G86 -> 600
C87: 7 | D87: Amplas | E87: lembar | F87: 0.2 | G87: =VLOOKUP(D87,upahbahan,3,FALSE) -> 3900 | H87: =F87*G87 -> 780
C88: JUMLAH HARGA BAHAN | H88: =SUM(H81:H87) -> 39868
C89: C | D89: PERALATAN
C90: JUMLAH HARGA ALAT | H90: 0
C91: D | D91: Jumlah (A+B+C) | H91: =H90+H88+H79 -> 64630.5
C92: E | D92: Biaya Umum dan Keuntungan 10% - 15% x D | G92: =$M$7 -> 0.1 | H92: =H91*G92 -> 6463.05
C93: F | D93: Harga Satuan Pekerjaan (D+E) | H93: =SUM(H91:H92) -> 71093.55
C95: 3.8.6 | D95: Pelaburan 1 m2 bidang kayu dengan teak oil | I95: =ROUNDDOWN(H110,-2) -> 27600
C96: No | D96: Uraian | E96: Sat. | F96: Koefisien | G96: Harga Satuan (Rp) | H96: Jumlah Harga (Rp)
C97: A | D97: TENAGA KERJA
C98: 1 | D98: Pekerja | E98: OH | F98: 0.04 | G98: =VLOOKUP(D98,upahbahan,3,FALSE) -> 100000 | H98: =F98*G98 -> 4000
C99: 2 | D99: Tukang cat | E99: OH | F99: 0.063 | G99: =VLOOKUP(D99,upahbahan,3,FALSE) -> 145000 | H99: =F99*G99 -> 9135
C100: 3 | D100: Kepala tukang | E100: OH | F100: 0.0063 | G100: =VLOOKUP(D100,upahbahan,3,FALSE) -> 175000 | H100: =F100*G100 -> 1102.5
C101: 4 | D101: Mandor | E101: OH | F101: 0.0021 | G101: =VLOOKUP(D101,upahbahan,3,FALSE) -> 200000 | H101: =F101*G101 -> 420
C102: JUMLAH HARGA TENAGA KERJA | H102: =SUM(H98:H101) -> 14657.5
C103: B | D103: BAHAN
C104: 1 | D104: Teak oil | E104: liter | F104: 0.36 | G104: =VLOOKUP(D104,upahbahan,3,FALSE) -> 29200 | H104: =F104*G104 -> 10512
C105: JUMLAH HARGA BAHAN | H105: =SUM(H104) -> 10512
C106: C | D106: PERALATAN
C107: JUMLAH HARGA ALAT | H107: 0
...

Sheet Penutup Lantai dan Dinding
C3: 3.9 | D3: PEKERJAAN PENUTUP LANTAI
C4: 3.9.1 | D4: UBIN PC
C5: 3.9.1 | D5: Pemasangan 1 m2 lantai ubin PC abu-abu uk. 20x20 cm (1SP : 2PP) | I5: =ROUNDDOWN(H22,-2) -> 112400
C6: No | D6: Uraian | E6: Sat. | F6: Koefisien | G6: Harga Satuan (Rp) | H6: Jumlah Harga (Rp)
C7: A | D7: TENAGA KERJA | J7: Catatan:
C8: 1 | D8: Pekerja | E8: OH | F8: 0.1333 | G8: =VLOOKUP(D8,upahbahan,3,FALSE) -> 100000 | H8: =F8*G8 -> 13330 | J8: Biaya Umum dan Keuntungan | M8: 0.1
C9: 2 | D9: Tukang batu | E9: OH | F9: 0.0667 | G9: =VLOOKUP(D9,upahbahan,3,FALSE) -> 145000 | H9: =F9*G9 -> 9671.5
C10: 3 | D10: Kepala tukang | E10: OH | F10: 0.0067 | G10: =VLOOKUP(D10,upahbahan,3,FALSE) -> 175000 | H10: =F10*G10 -> 1172.5
C11: 4 | D11: Mandor | E11: OH | F11: 0.0022 | G11: =VLOOKUP(D11,upahbahan,3,FALSE) -> 200000 | H11: =F11*G11 -> 440
C12: JUMLAH HARGA TENAGA KERJA | H12: =SUM(H8:H11) -> 24614
C13: B | D13: BAHAN
C14: 1 | D14: Ubin PC abu-abu 20x20 cm | E14: buah | F14: 26.25 | G14: =VLOOKUP(D14,upahbahan,3,FALSE) -> 2000 | H14: =F14*G14 -> 52500
C15: 2 | D15: Semen portland (PC) | E15: kg | F15: 13.632 | G15: =VLOOKUP(D15,upahbahan,3,FALSE) -> 1300 | H15: =F15*G15 -> 17721.6
C16: 4 | D16: Pasir pasang (quarry - lokasi pekerjaan) | E16: m3 | F16: 0.027 | G16: =VLOOKUP(D16,upahbahan,3,FALSE) -> 275000 | H16: =F16*G16 -> 7425
C17: JUMLAH HARGA BAHAN | H17: =SUM(H14:H16) -> 77646.6
C18: C | D18: PERALATAN
C19: JUMLAH HARGA ALAT | H19: 0
C20: D | D20: Jumlah (A+B+C) | H20: =H19+H17+H12 -> 102260.6
C21: E | D21: Biaya Umum dan Keuntungan 10% - 15% x D | G21: =$M$8 -> 0.1 | H21: =H20*G21 -> 10226.06
C22: F | D22: Harga Satuan Pekerjaan (D+E) | H22: =SUM(H20:H21) -> 112486.66
C24: 3.9.1.2 | D24: Pemasangan 1 m2 lantai ubin PC abu-abu uk. 30x30 cm (1SP : 2PP) | I24: =ROUNDDOWN(H41,-2) -> 100200
C25: No | D25: Uraian | E25: Sat. | F25: Koefisien | G25: Harga Satuan (Rp) | H25: Jumlah Harga (Rp)
C26: A | D26: TENAGA KERJA
C27: 1 | D27: Pekerja | E27: OH | F27: 0.1429 | G27: =VLOOKUP(D27,upahbahan,3,FALSE) -> 100000 | H27: =F27*G27 -> 14290
C28: 2 | D28: Tukang batu | E28: OH | F28: 0.0714 | G28: =VLOOKUP(D28,upahbahan,3,FALSE) -> 145000 | H28: =F28*G28 -> 10353
C29: 3 | D29: Kepala tukang | E29: OH | F29: 0.0071 | G29: =VLOOKUP(D29,upahbahan,3,FALSE) -> 175000 | H29: =F29*G29 -> 1242.5
C30: 4 | D30: Mandor | E30: OH | F30: 0.0024 | G30: =VLOOKUP(D30,upahbahan,3,FALSE) -> 200000 | H30: =F30*G30 -> 480
C31: JUMLAH HARGA TENAGA KERJA | H31: =SUM(H27:H30) -> 26365.5
C32: B | D32: BAHAN
C33: 1 | D33: Ubin PC abu-abu 30x30 cm | E33: buah | F33: 11.667 | G33: =VLOOKUP(D33,upahbahan,3,FALSE) -> 3400 | H33: =F33*G33 -> 39667.8
C34: 2 | D34: Semen portland (PC) | E34: kg | F34: 13.632 | G34: =VLOOKUP(D34,upahbahan,3,FALSE) -> 1300 | H34: =F34*G34 -> 17721.6
C35: 4 | D35: Pasir pasang (quarry - lokasi pekerjaan) | E35: m3 | F35: 0.027 | G35: =VLOOKUP(D35,upahbahan,3,FALSE) -> 275000 | H35: =F35*G35 -> 7425
C36: JUMLAH HARGA BAHAN | H36: =SUM(H33:H35) -> 64814.4
C37: C | D37: PERALATAN
C38: JUMLAH HARGA ALAT | H38: 0
C39: D | D39: Jumlah (A+B+C) | H39: =H38+H36+H31 -> 91179.9
C40: E | D40: Biaya Umum dan Keuntungan 10% x D | G40: 10% x D | H40: =H39*10% -> 9117.99
C41: F | D41: Harga Satuan Pekerjaan (D+E) | H41: =SUM(H39:H40) -> 100297.89
C43: 3.9.1.3 | D43: Pemasangan 1 m2 lantai ubin PC abu-abu uk. 40x40 cm (1SP : 2PP) | I43: =ROUNDDOWN(H60,-2) -> 92100
C44: No | D44: Uraian | E44: Sat. | F44: Koefisien | G44: Harga Satuan (Rp) | H44: Jumlah Harga (Rp)
C45: A | D45: TENAGA KERJA
C46: 1 | D46: Pekerja | E46: OH | F46: 0.1538 | G46: =VLOOKUP(D46,upahbahan,3,FALSE) -> 100000 | H46: =F46*G46 -> 15380
C47: 2 | D47: Tukang batu | E47: OH | F47: 0.0769 | G47: =VLOOKUP(D47,upahbahan,3,FALSE) -> 145000 | H47: =F47*G47 -> 11150.5
C48: 3 | D48: Kepala tukang | E48: OH | F48: 0.0077 | G48: =VLOOKUP(D48,upahbahan,3,FALSE) -> 175000 | H48: =F48*G48 -> 1347.5
C49: 4 | D49: Mandor | E49: OH | F49: 0.0026 | G49: =VLOOKUP(D49,upahbahan,3,FALSE) -> 200000 | H49: =F49*G49 -> 520
C50: JUMLAH HARGA TENAGA KERJA | H50: =SUM(H46:H49) -> 28398
C51: B | D51: BAHAN
C52: 1 | D52: Ubin PC abu-abu 40x40 cm | E52: buah | F52: 6.563 | G52: =VLOOKUP(D52,upahbahan,3,FALSE) -> 4600 | H52: =F52*G52 -> 30189.8
C53: 2 | D53: Semen portland (PC) | E53: kg | F53: 13.632 | G53: =VLOOKUP(D53,upahbahan,3,FALSE) -> 1300 | H53: =F53*G53 -> 17721.6
C54: 4 | D54: Pasir pasang (quarry - lokasi pekerjaan) | E54: m3 | F54: 0.027 | G54: =VLOOKUP(D54,upahbahan,3,FALSE) -> 275000 | H54: =F54*G54 -> 7425
C55: JUMLAH HARGA BAHAN | H55: =SUM(H52:H54) -> 55336.4
C56: C | D56: PERALATAN
C57: JUMLAH HARGA ALAT | H57: 0
C58: D | D58: Jumlah (A+B+C) | H58: =H57+H55+H50 -> 83734.4
C59: E | D59: Biaya Umum dan Keuntungan 10% x D | G59: 10% x D | H59: =H58*10% -> 8373.44
C60: F | D60: Harga Satuan Pekerjaan (D+E) | H60: =SUM(H58:H59) -> 92107.84
C62: 3.9.1.4 | D62: Pemasangan 1 m2 lantai ubin PC abu-abu uk. 60x60 cm (1SP : 2PP) | I62: =ROUNDDOWN(H79,-2) -> 89900
C63: No | D63: Uraian | E63: Sat. | F63: Koefisien | G63: Harga Satuan (Rp) | H63: Jumlah Harga (Rp)
C64: A | D64: TENAGA KERJA
C65: 1 | D65: Pekerja | E65: OH | F65: 0.25 | G65: =VLOOKUP(D65,upahbahan,3,FALSE) -> 100000 | H65: =F65*G65 -> 25000
C66: 2 | D66: Tukang batu | E66: OH | F66: 0.0833 | G66: =VLOOKUP(D66,upahbahan,3,FALSE) -> 145000 | H66: =F66*G66 -> 12078.5
C67: 3 | D67: Kepala tukang | E67: OH | F67: 0.0083 | G67: =VLOOKUP(D67,upahbahan,3,FALSE) -> 175000 | H67: =F67*G67 -> 1452.5
C68: 4 | D68: Mandor | E68: OH | F68: 0.0028 | G68: =VLOOKUP(D68,upahbahan,3,FALSE) -> 200000 | H68: =F68*G68 -> 560
C69: JUMLAH HARGA TENAGA KERJA | H69: =SUM(H65:H68) -> 39091
C70: B | D70: BAHAN
C71: 1 | D71: Ubin PC abu-abu 60x60 cm | E71: buah | F71: 2.917 | G71: =VLOOKUP(D71,upahbahan,3,FALSE) -> 6000 | H71: =F71*G71 -> 17502
C72: 2 | D72: Semen portland (PC) | E72: kg | F72: 13.632 | G72: =VLOOKUP(D72,upahbahan,3,FALSE) -> 1300 | H72: =F72*G72 -> 17721.6
C73: 4 | D73: Pasir pasang (quarry - lokasi pekerjaan) | E73: m3 | F73: 0.027 | G73: =VLOOKUP(D73,upahbahan,3,FALSE) -> 275000 | H73: =F73*G73 -> 7425
C74: JUMLAH HARGA BAHAN | H74: =SUM(H71:H73) -> 42648.6
C75: C | D75: PERALATAN
C76: JUMLAH HARGA ALAT | H76: 0
C77: D | D77: Jumlah (A+B+C) | H77: =H76+H74+H69 -> 81739.6
C78: E | D78: Biaya Umum dan Keuntungan 10% x D | G78: 10% x D | H78: =H77*10% -> 8173.96
C79: F | D79: Harga Satuan Pekerjaan (D+E) | H79: =SUM(H77:H78) -> 89913.56
C81: 3.9.1.5 | D81: Pemasangan 1 m’ plint ubin PC abu-abu uk. 10 s.d. 15x20 cm (1SP : 2PP) | I81: =ROUNDDOWN(H98,-2) -> 20700
C82: No | D82: Uraian | E82: Sat. | F82: Koefisien | G82: Harga Satuan (Rp) | H82: Jumlah Harga (Rp)
C83: A | D83: TENAGA KERJA
C84: 1 | D84: Pekerja | E84: OH | F84: 0.0571 | G84: =VLOOKUP(D84,upahbahan,3,FALSE) -> 100000 | H84: =F84*G84 -> 5710
C85: 2 | D85: Tukang batu | E85: OH | F85: 0.0286 | G85: =VLOOKUP(D85,upahbahan,3,FALSE) -> 145000 | H85: =F85*G85 -> 4147
C86: 3 | D86: Kepala tukang | E86: OH | F86: 0.0029 | G86: =VLOOKUP(D86,upahbahan,3,FALSE) -> 175000 | H86: =F86*G86 -> 507.5
C87: 4 | D87: Mandor | E87: OH | F87: 0.001 | G87: =VLOOKUP(D87,upahbahan,3,FALSE) -> 200000 | H87: =F87*G87 -> 200
C88: JUMLAH HARGA TENAGA KERJA | H88: =SUM(H84:H87) -> 10564.5
C89: B | D89: BAHAN
C90: 1 | D90: Plint ubin PC abu-abu uk. 10-15x20 cm | E90: buah | F90: 5.25 | G90: =VLOOKUP(D90,upahbahan,3,FALSE) -> 1000 | H90: =F90*G90 -> 5250
C91: 2 | D91: Semen portland (PC) | E91: kg | F91: 1.704 | G91: =VLOOKUP(D91,upahbahan,3,FALSE) -> 1300 | H91: =F91*G91 -> 2215.2
C92: 4 | D92: Pasir pasang (quarry - lokasi pekerjaan) | E92: m3 | F92: 0.003 | G92: =VLOOKUP(D92,upahbahan,3,FALSE) -> 275000 | H92: =F92*G92 -> 825
C93: JUMLAH HARGA BAHAN | H93: =SUM(H90:H92) -> 8290.2
C94: C | D94: PERALATAN
C95: JUMLAH HARGA ALAT | H95: 0
C96: D | D96: Jumlah (A+B+C) | H96: =H95+H93+H88 -> 18854.7
C97: E | D97: Biaya Umum dan Keuntungan 10% x D | G97: 10% x D | H97: =H96*10% -> 1885.47
C98: F | D98: Harga Satuan Pekerjaan (D+E) | H98: =SUM(H96:H97) -> 20740.17
C100: 3.9.1.6 | D100: Pemasangan 1 m’ plint ubin PC abu-abu uk. 10 s.d. 15x30 cm (1SP : 2PP) | I100: =ROUNDDOWN(H117,-2) -> 21800
C101: No | D101: Uraian | E101: Sat. | F101: Koefisien | G101: Harga Satuan (Rp) | H101: Jumlah Harga (Rp)
C102: A | D102: TENAGA KERJA
C103: 1 | D103: Pekerja | E103: OH | F103: 0.0625 | G103: =VLOOKUP(D103,upahbahan,3,FALSE) -> 100000 | H103: =F103*G103 -> 6250
C104: 2 | D104: Tukang batu | E104: OH | F104: 0.0313 | G104: =VLOOKUP(D104,upahbahan,3,FALSE) -> 145000 | H104: =F104*G104 -> 4538.5
C105: 3 | D105: Kepala tukang | E105: OH | F105: 0.0031 | G105: =VLOOKUP(D105,upahbahan,3,FALSE) -> 175000 | H105: =F105*G105 -> 542.5
C106: 4 | D106: Mandor | E106: OH | F106: 0.001 | G106: =VLOOKUP(D106,upahbahan,3,FALSE) -> 200000 | H106: =F106*G106 -> 200
C107: JUMLAH HARGA TENAGA KERJA | H107: =SUM(H103:H106) -> 11531
...

Sheet Pintu dan Jendela
C3: 3.11 | D3: ='[1]Daftar HSP'!B363 -> PEKERJAAN PINTU DAN JENDELA
C4: 3.11.1 | D4: Pintu
C5: 3.11.1.1 | D5: Pemasangan 1 m2 rolling door besi | I5: =ROUNDDOWN(H20,-2) -> 915300
C6: No | D6: Uraian | E6: Sat. | F6: Koefisien | G6: Harga Satuan (Rp) | H6: Jumlah Harga (Rp)
C7: A | D7: TENAGA KERJA | J7: Catatan:
C8: 1 | D8: Pekerja | E8: OH | F8: 1.2 | G8: =VLOOKUP(D8,upahbahan,3,FALSE) -> 100000 | H8: =F8*G8 -> 120000 | J8: Biaya Umum dan Keuntungan | M8: 0.1
C9: 2 | D9: Tukang las | E9: OH | F9: 1.2 | G9: =VLOOKUP(D9,upahbahan,3,FALSE) -> 145000 | H9: =F9*G9 -> 174000
C10: 3 | D10: Kepala tukang | E10: OH | F10: 0.12 | G10: =VLOOKUP(D10,upahbahan,3,FALSE) -> 175000 | H10: =F10*G10 -> 21000
C11: 4 | D11: Mandor | E11: OH | F11: 0.04 | G11: =VLOOKUP(D11,upahbahan,3,FALSE) -> 200000 | H11: =F11*G11 -> 8000
C12: JUMLAH HARGA TENAGA KERJA | H12: =SUM(H8:H11) -> 323000
C13: B | D13: BAHAN
C14: 1 | D14: Rolling door besi | E14: m2 | F14: 1 | G14: =VLOOKUP(D14,upahbahan,3,FALSE) -> 509100 | H14: =F14*G14 -> 509100
C15: JUMLAH HARGA BAHAN | H15: =SUM(H14:H14) -> 509100
C16: C | D16: PERALATAN
C17: JUMLAH HARGA ALAT | H17: 0
C18: D | D18: Jumlah (A+B+C) | H18: =H17+H15+H12 -> 832100
C19: E | D19: Biaya Umum dan Keuntungan 10% - 15% x D | G19: =$M$8 -> 0.1 | H19: =H18*G19 -> 83210
C20: F | D20: Harga Satuan Pekerjaan (D+E) | H20: =SUM(H18:H19) -> 915310
C22: 3.11.1.2 | D22: Pemasangan 1 m2 rolling door alumunium | I22: =ROUNDDOWN(H37,-2) -> 956600
C23: No | D23: Uraian | E23: Sat. | F23: Koefisien | G23: Harga Satuan (Rp) | H23: Jumlah Harga (Rp)
C24: A | D24: TENAGA KERJA
C25: 1 | D25: Pekerja | E25: OH | F25: 1 | G25: =VLOOKUP(D25,upahbahan,3,FALSE) -> 100000 | H25: =F25*G25 -> 100000
C26: 2 | D26: Tukang alumunium | E26: OH | F26: 1 | G26: =VLOOKUP(D26,upahbahan,3,FALSE) -> 145000 | H26: =F26*G26 -> 145000
C27: 3 | D27: Kepala tukang | E27: OH | F27: 0.1 | G27: =VLOOKUP(D27,upahbahan,3,FALSE) -> 175000 | H27: =F27*G27 -> 17500
C28: 4 | D28: Mandor | E28: OH | F28: 0.033 | G28: =VLOOKUP(D28,upahbahan,3,FALSE) -> 200000 | H28: =F28*G28 -> 6600
C29: JUMLAH HARGA TENAGA KERJA | H29: =SUM(H25:H28) -> 269100
C30: B | D30: BAHAN
C31: 1 | D31: Rolling door aluminium | E31: m2 | F31: 1 | G31: =VLOOKUP(D31,upahbahan,3,FALSE) -> 600600 | H31: =F31*G31 -> 600600
C32: JUMLAH HARGA BAHAN | H32: =SUM(H31:H31) -> 600600
C33: C | D33: PERALATAN
C34: JUMLAH HARGA ALAT | H34: 0
C35: D | D35: Jumlah (A+B+C) | H35: =H34+H32+H29 -> 869700
C36: E | D36: Biaya Umum dan Keuntungan 10% - 15% x D | G36: =$M$8 -> 0.1 | H36: =H35*G36 -> 86970
C37: F | D37: Harga Satuan Pekerjaan (D+E) | H37: =SUM(H35:H36) -> 956670
C39: 3.11.1.3 | D39: Pemasangan 1 m2 pintu lipat PVC | I39: =ROUNDDOWN(H54,-2) -> 955300
C40: No | D40: Uraian | E40: Sat. | F40: Koefisien | G40: Harga Satuan (Rp) | H40: Jumlah Harga (Rp)
C41: A | D41: TENAGA KERJA
C42: 1 | D42: Pekerja | E42: OH | F42: 0.44 | G42: =VLOOKUP(D42,upahbahan,3,FALSE) -> 100000 | H42: =F42*G42 -> 44000
C43: 2 | D43: Tukang alumunium | E43: OH | F43: 0.44 | G43: =VLOOKUP(D43,upahbahan,3,FALSE) -> 145000 | H43: =F43*G43 -> 63800
C44: 3 | D44: Kepala tukang | E44: OH | F44: 0.044 | G44: =VLOOKUP(D44,upahbahan,3,FALSE) -> 175000 | H44: =F44*G44 -> 7700
C45: 4 | D45: Mandor | E45: OH | F45: 0.015 | G45: =VLOOKUP(D45,upahbahan,3,FALSE) -> 200000 | H45: =F45*G45 -> 3000
C46: JUMLAH HARGA TENAGA KERJA | H46: =SUM(H42:H45) -> 118500
C47: B | D47: BAHAN
C48: 1 | D48: Pintu lipat PVC | E48: m2 | F48: 1 | G48: =VLOOKUP(D48,upahbahan,3,FALSE) -> 750000 | H48: =F48*G48 -> 750000
C49: JUMLAH HARGA BAHAN | H49: =SUM(H48:H48) -> 750000
C50: C | D50: PERALATAN
C51: JUMLAH HARGA ALAT | H51: 0
C52: D | D52: Jumlah (A+B+C) | H52: =H51+H49+H46 -> 868500
C53: E | D53: Biaya Umum dan Keuntungan 10% - 15% x D | G53: =$M$8 -> 0.1 | H53: =H52*G53 -> 86850
C54: F | D54: Harga Satuan Pekerjaan (D+E) | H54: =SUM(H52:H53) -> 955350
C56: 3.11.1.4 | D56: Pemasangan 1 m2 pintu aluminium strip lebar 8 cm | I56: =ROUNDDOWN(H72,-2) -> 1457500
C57: No | D57: Uraian | E57: Sat. | F57: Koefisien | G57: Harga Satuan (Rp) | H57: Jumlah Harga (Rp)
C58: A | D58: TENAGA KERJA
C59: 1 | D59: Pekerja | E59: OH | F59: 0.085 | G59: =VLOOKUP(D59,upahbahan,3,FALSE) -> 100000 | H59: =F59*G59 -> 8500
C60: 2 | D60: Tukang alumunium | E60: OH | F60: 0.085 | G60: =VLOOKUP(D60,upahbahan,3,FALSE) -> 145000 | H60: =F60*G60 -> 12325
C61: 3 | D61: Kepala tukang | E61: OH | F61: 0.009 | G61: =VLOOKUP(D61,upahbahan,3,FALSE) -> 175000 | H61: =F61*G61 -> 1575
C62: 4 | D62: Mandor | E62: OH | F62: 0.003 | G62: =VLOOKUP(D62,upahbahan,3,FALSE) -> 200000 | H62: =F62*G62 -> 600
C63: JUMLAH HARGA TENAGA KERJA | H63: =SUM(H59:H62) -> 23000
C64: B | D64: BAHAN
C65: 1 | D65: Profil Aluminium | E65: m' | F65: 4.4 | G65: =VLOOKUP(D65,upahbahan,3,FALSE) -> 130000 | H65: =F65*G65 -> 572000
C66: 2 | D66: Aluminium Strip | E66: m' | F66: 14.6 | G66: =VLOOKUP(D66,upahbahan,3,FALSE) -> 50000 | H66: =F66*G66 -> 730000
C67: JUMLAH HARGA BAHAN | H67: =SUM(H65:H66) -> 1302000
C68: C | D68: PERALATAN
C69: JUMLAH HARGA ALAT | H69: 0
C70: D | D70: Jumlah (A+B+C) | H70: =H69+H67+H63 -> 1325000
C71: E | D71: Biaya Umum dan Keuntungan 10% - 15% x D | G71: =$M$8 -> 0.1 | H71: =H70*G71 -> 132500
C72: F | D72: Harga Satuan Pekerjaan (D+E) | H72: =SUM(H70:H71) -> 1457500
C74: 3.11.1.5 | D74: Pemasangan 1 m2 pintu kaca rangka aluminium | I74: =ROUNDDOWN(H91,-2) -> 951100
C75: No | D75: Uraian | E75: Sat. | F75: Koefisien | G75: Harga Satuan (Rp) | H75: Jumlah Harga (Rp)
C76: A | D76: TENAGA KERJA
C77: 1 | D77: Pekerja | E77: OH | F77: 0.085 | G77: =VLOOKUP(D77,upahbahan,3,FALSE) -> 100000 | H77: =F77*G77 -> 8500
C78: 2 | D78: Tukang alumunium | E78: OH | F78: 0.085 | G78: =VLOOKUP(D78,upahbahan,3,FALSE) -> 145000 | H78: =F78*G78 -> 12325
C79: 3 | D79: Kepala tukang | E79: OH | F79: 0.009 | G79: =VLOOKUP(D79,upahbahan,3,FALSE) -> 175000 | H79: =F79*G79 -> 1575
C80: 4 | D80: Mandor | E80: OH | F80: 0.003 | G80: =VLOOKUP(D80,upahbahan,3,FALSE) -> 200000 | H80: =F80*G80 -> 600
C81: JUMLAH HARGA TENAGA KERJA | H81: =SUM(H77:H80) -> 23000
C82: B | D82: BAHAN
C83: 1 | D83: Profil aluminium | E83: m' | F83: 4.4 | G83: =VLOOKUP(D83,upahbahan,3,FALSE) -> 130000 | H83: =F83*G83 -> 572000
C84: 2 | D84: Kaca polos 6 mm | E84: m2 | F84: 1.1 | G84: =VLOOKUP(D84,upahbahan,3,FALSE) -> 237000 | H84: =F84*G84 -> 260700
C85: 3 | D85: Sealant | E85: tube | F85: 0.27 | G85: =VLOOKUP(D85,upahbahan,3,FALSE) -> 33100 | H85: =F85*G85 -> 8937
C86: JUMLAH HARGA BAHAN | H86: =SUM(H83:H85) -> 841637
C87: C | D87: PERALATAN
C88: JUMLAH HARGA ALAT | H88: 0
C89: D | D89: Jumlah (A+B+C) | H89: =H88+H86+H81 -> 864637
C90: E | D90: Biaya Umum dan Keuntungan 10% - 15% x D | G90: =$M$8 -> 0.1 | H90: =H89*G90 -> 86463.7
C91: F | D91: Harga Satuan Pekerjaan (D+E) | H91: =SUM(H89:H90) -> 951100.7
C93: 3.11.1.6 | D93: Pemasangan 1 m2 jendela kaca rangka aluminium | I93: =ROUNDDOWN(H110,-2) -> 951100
C94: No | D94: Uraian | E94: Sat. | F94: Koefisien | G94: Harga Satuan (Rp) | H94: Jumlah Harga (Rp)
C95: A | D95: TENAGA KERJA
C96: 1 | D96: Pekerja | E96: OH | F96: 0.085 | G96: =VLOOKUP(D96,upahbahan,3,FALSE) -> 100000 | H96: =F96*G96 -> 8500
C97: 2 | D97: Tukang alumunium | E97: OH | F97: 0.085 | G97: =VLOOKUP(D97,upahbahan,3,FALSE) -> 145000 | H97: =F97*G97 -> 12325
C98: 3 | D98: Kepala tukang | E98: OH | F98: 0.009 | G98: =VLOOKUP(D98,upahbahan,3,FALSE) -> 175000 | H98: =F98*G98 -> 1575
C99: 4 | D99: Mandor | E99: OH | F99: 0.003 | G99: =VLOOKUP(D99,upahbahan,3,FALSE) -> 200000 | H99: =F99*G99 -> 600
C100: JUMLAH HARGA TENAGA KERJA | H100: =SUM(H96:H99) -> 23000
C101: B | D101: BAHAN
C102: 1 | D102: Profil aluminium | E102: m' | F102: 4.4 | G102: =VLOOKUP(D102,upahbahan,3,FALSE) -> 130000 | H102: =F102*G102 -> 572000
C103: 2 | D103: Kaca polos 6 mm | E103: m2 | F103: 1.1 | G103: =VLOOKUP(D103,upahbahan,3,FALSE) -> 237000 | H103: =F103*G103 -> 260700
C104: 3 | D104: Sealant | E104: tube | F104: 0.27 | G104: =VLOOKUP(D104,upahbahan,3,FALSE) -> 33100 | H104: =F104*G104 -> 8937
C105: JUMLAH HARGA BAHAN | H105: =SUM(H102:H104) -> 841637
C106: C | D106: PERALATAN
C107: JUMLAH HARGA ALAT | H107: 0
...

Sheet Kaca
C3: 3.12 | D3: ='[1]Daftar HSP'!B410 -> PEKERJAAN KACA
C4: 3.12.1 | D4: Pemasangan 1 m2 sunscreen alumunium | I4: =ROUNDDOWN(H19,-2) -> 577700
C5: No | D5: Uraian | E5: Sat. | F5: Koefisien | G5: Harga Satuan (Rp) | H5: Jumlah Harga (Rp)
C6: A | D6: TENAGA KERJA | J6: Catatan:
C7: 1 | D7: Pekerja | E7: OH | F7: 0.08 | G7: =VLOOKUP(D7,upahbahan,3,FALSE) -> 100000 | H7: =F7*G7 -> 8000 | J7: Biaya Umum dan Keuntungan | M7: 0.1
C8: 2 | D8: Tukang alumunium | E8: OH | F8: 0.8 | G8: =VLOOKUP(D8,upahbahan,3,FALSE) -> 145000 | H8: =F8*G8 -> 116000
C9: 3 | D9: Kepala tukang | E9: OH | F9: 0.08 | G9: =VLOOKUP(D9,upahbahan,3,FALSE) -> 175000 | H9: =F9*G9 -> 14000
C10: 4 | D10: Mandor | E10: OH | F10: 0.0267 | G10: =VLOOKUP(D10,upahbahan,3,FALSE) -> 200000 | H10: =F10*G10 -> 5340
C11: JUMLAH HARGA TENAGA KERJA | H11: =SUM(H7:H10) -> 143340
C12: B | D12: BAHAN
C13: 1 | D13: Sunscreen aluminium | E13: m2 | F13: 1 | G13: =VLOOKUP(D13,upahbahan,3,FALSE) -> 381900 | H13: =F13*G13 -> 381900
C14: JUMLAH HARGA BAHAN | H14: =SUM(H12:H13) -> 381900
C15: C | D15: PERALATAN
C16: JUMLAH HARGA ALAT | H16: 0
C17: D | D17: Jumlah (A+B+C) | H17: =H16+H14+H11 -> 525240
C18: E | D18: Biaya Umum dan Keuntungan 10% - 15% x D | G18: =$M$7 -> 0.1 | H18: =H17*G18 -> 52524
C19: F | D19: Harga Satuan Pekerjaan (D+E) | H19: =SUM(H17:H18) -> 577764
C21: 3.12.2 | D21: Pemasangan 1 m2 kaca polos tebal 3 mm | I21: =ROUNDDOWN(H37,-2) -> 176500
C22: No | D22: Uraian | E22: Sat. | F22: Koefisien | G22: Harga Satuan (Rp) | H22: Jumlah Harga (Rp)
C23: A | D23: TENAGA KERJA
C24: 1 | D24: Pekerja | E24: OH | F24: 0.015 | G24: =VLOOKUP(D24,upahbahan,3,FALSE) -> 100000 | H24: =F24*G24 -> 1500
C25: 2 | D25: Tukang kayu | E25: OH | F25: 0.15 | G25: =VLOOKUP(D25,upahbahan,3,FALSE) -> 145000 | H25: =F25*G25 -> 21750
C26: 3 | D26: Kepala tukang | E26: OH | F26: 0.015 | G26: =VLOOKUP(D26,upahbahan,3,FALSE) -> 175000 | H26: =F26*G26 -> 2625
C27: 4 | D27: Mandor | E27: OH | F27: 0.005 | G27: =VLOOKUP(D27,upahbahan,3,FALSE) -> 200000 | H27: =F27*G27 -> 1000
C28: JUMLAH HARGA TENAGA KERJA | H28: =SUM(H24:H27) -> 26875
C29: B | D29: BAHAN
C30: 1 | D30: Kaca polos 3 mm | E30: m2 | F30: 1.1 | G30: =VLOOKUP(D30,upahbahan,3,FALSE) -> 120000 | H30: =F30*G30 -> 132000
C31: 2 | D31: Sealant | E31: tube | F31: 0.05 | G31: =VLOOKUP(D31,upahbahan,3,FALSE) -> 33100 | H31: =F31*G31 -> 1655
C32: JUMLAH HARGA BAHAN | H32: =SUM(H30:H31) -> 133655
C33: C | D33: PERALATAN
C34: JUMLAH HARGA ALAT | H34: 0
C35: D | D35: Jumlah (A+B+C) | H35: =H34+H32+H28 -> 160530
C36: E | D36: Biaya Umum dan Keuntungan 10% - 15% x D | G36: =$M$7 -> 0.1 | H36: =H35*G36 -> 16053
C37: F | D37: Harga Satuan Pekerjaan (D+E) | H37: =SUM(H35:H36) -> 176583
C39: 3.12.3 | D39: Pemasangan 1 m2 kaca polos tebal 5 mm | I39: =ROUNDDOWN(H55,-2) -> 270900
C40: No | D40: Uraian | E40: Sat. | F40: Koefisien | G40: Harga Satuan (Rp) | H40: Jumlah Harga (Rp)
C41: A | D41: TENAGA KERJA
C42: 1 | D42: Pekerja | E42: OH | F42: 0.015 | G42: =VLOOKUP(D42,upahbahan,3,FALSE) -> 100000 | H42: =F42*G42 -> 1500
C43: 2 | D43: Tukang kayu | E43: OH | F43: 0.15 | G43: =VLOOKUP(D43,upahbahan,3,FALSE) -> 145000 | H43: =F43*G43 -> 21750
C44: 3 | D44: Kepala tukang | E44: OH | F44: 0.015 | G44: =VLOOKUP(D44,upahbahan,3,FALSE) -> 175000 | H44: =F44*G44 -> 2625
C45: 4 | D45: Mandor | E45: OH | F45: 0.005 | G45: =VLOOKUP(D45,upahbahan,3,FALSE) -> 200000 | H45: =F45*G45 -> 1000
C46: JUMLAH HARGA TENAGA KERJA | H46: =SUM(H42:H45) -> 26875
C47: B | D47: BAHAN
C48: 1 | D48: Kaca polos 5 mm | E48: m2 | F48: 1.1 | G48: =VLOOKUP(D48,upahbahan,3,FALSE) -> 198000 | H48: =F48*G48 -> 217800
C49: 2 | D49: Sealant | E49: tube | F49: 0.05 | G49: =VLOOKUP(D49,upahbahan,3,FALSE) -> 33100 | H49: =F49*G49 -> 1655
C50: JUMLAH HARGA BAHAN | H50: =SUM(H48:H49) -> 219455
C51: C | D51: PERALATAN
C52: JUMLAH HARGA ALAT | H52: 0
C53: D | D53: Jumlah (A+B+C) | H53: =H52+H50+H46 -> 246330
C54: E | D54: Biaya Umum dan Keuntungan 10% - 15% x D | G54: =$M$7 -> 0.1 | H54: =H53*G54 -> 24633
C55: F | D55: Harga Satuan Pekerjaan (D+E) | H55: =SUM(H53:H54) -> 270963
C57: 3.12.4 | D57: Pemasangan 1 m2 kaca polos tebal 6 mm | I57: =ROUNDDOWN(H73,-2) -> 320100
C58: No | D58: Uraian | E58: Sat. | F58: Koefisien | G58: Harga Satuan (Rp) | H58: Jumlah Harga (Rp)
C59: A | D59: TENAGA KERJA
C60: 1 | D60: Pekerja | E60: OH | F60: 0.016 | G60: =VLOOKUP(D60,upahbahan,3,FALSE) -> 100000 | H60: =F60*G60 -> 1600
C61: 2 | D61: Tukang kayu | E61: OH | F61: 0.16 | G61: =VLOOKUP(D61,upahbahan,3,FALSE) -> 145000 | H61: =F61*G61 -> 23200
C62: 3 | D62: Kepala tukang | E62: OH | F62: 0.016 | G62: =VLOOKUP(D62,upahbahan,3,FALSE) -> 175000 | H62: =F62*G62 -> 2800
C63: 4 | D63: Mandor | E63: OH | F63: 0.0053 | G63: =VLOOKUP(D63,upahbahan,3,FALSE) -> 200000 | H63: =F63*G63 -> 1060
C64: JUMLAH HARGA TENAGA KERJA | H64: =SUM(H60:H63) -> 28660
C65: B | D65: BAHAN
C66: 1 | D66: Kaca polos 6 mm | E66: m2 | F66: 1.1 | G66: =VLOOKUP(D66,upahbahan,3,FALSE) -> 237000 | H66: =F66*G66 -> 260700
C67: 2 | D67: Sealant | E67: tube | F67: 0.05 | G67: =VLOOKUP(D67,upahbahan,3,FALSE) -> 33100 | H67: =F67*G67 -> 1655
C68: JUMLAH HARGA BAHAN | H68: =SUM(H66:H67) -> 262355
C69: C | D69: PERALATAN
C70: JUMLAH HARGA ALAT | H70: 0
C71: D | D71: Jumlah (A+B+C) | H71: =H70+H68+H64 -> 291015
C72: E | D72: Biaya Umum dan Keuntungan 10% - 15% x D | G72: =$M$7 -> 0.1 | H72: =H71*G72 -> 29101.5
C73: F | D73: Harga Satuan Pekerjaan (D+E) | H73: =SUM(H71:H72) -> 320116.5
C75: 3.12.5 | D75: Pemasangan 1 m2 kaca polos tebal 8 mm | I75: =ROUNDDOWN(H91,-2) -> 310000
C76: No | D76: Uraian | E76: Sat. | F76: Koefisien | G76: Harga Satuan (Rp) | H76: Jumlah Harga (Rp)
C77: A | D77: TENAGA KERJA
C78: 1 | D78: Pekerja | E78: OH | F78: 0.017 | G78: =VLOOKUP(D78,upahbahan,3,FALSE) -> 100000 | H78: =F78*G78 -> 1700
C79: 2 | D79: Tukang kayu | E79: OH | F79: 0.17 | G79: =VLOOKUP(D79,upahbahan,3,FALSE) -> 145000 | H79: =F79*G79 -> 24650
C80: 3 | D80: Kepala tukang | E80: OH | F80: 0.017 | G80: =VLOOKUP(D80,upahbahan,3,FALSE) -> 175000 | H80: =F80*G80 -> 2975
C81: 4 | D81: Mandor | E81: OH | F81: 0.0057 | G81: =VLOOKUP(D81,upahbahan,3,FALSE) -> 200000 | H81: =F81*G81 -> 1140
C82: JUMLAH HARGA TENAGA KERJA | H82: =SUM(H78:H81) -> 30465
C83: B | D83: BAHAN
C84: 1 | D84: Kaca polos 8 mm | E84: m2 | F84: 1.1 | G84: =VLOOKUP(D84,upahbahan,3,FALSE) -> 226400 | H84: =F84*G84 -> 249040
C85: 2 | D85: Sealant | E85: tube | F85: 0.07 | G85: =VLOOKUP(D85,upahbahan,3,FALSE) -> 33100 | H85: =F85*G85 -> 2317
C86: JUMLAH HARGA BAHAN | H86: =SUM(H84:H85) -> 251357
C87: C | D87: PERALATAN
