Workbook
Name FromTable: OFFSET(Dummy!$M$6,0,0,Dummy!$M$5,1)
Name MonthList: Dummy!$D$6:$D$19
Name MonthMatch: Dummy!$J$6:$J$19
Name RefAttendance: Dummy!$K$6:$K$383
Name RefCustom: OFFSET(Dummy!$P$5,0,0,Dummy!$P$4,1)
Name ToTable: OFFSET(Dummy!$O$6,0,0,Dummy!$O$4,1)
Name WeekList: Dummy!$B$6:$B$59

Sheet Vacation Summary - Weekly
B2: RINGKASAN LIBURAN KARYAWAN - MINGGUAN
L4: 0 | M4: ='Vacation Tracker'!Q10 -> 44921 | P4: =L4+14 -> 14 | Q4: =M4+7 -> 44928 | T4: =P4+14 -> 28 | U4: =Q4+7 -> 44935 | X4: =T4+14 -> 42 | Y4: =U4+7 -> 44942 | AB4: =X4+14 -> 56 | AC4: =Y4+7 -> 44949 | AF4: =AB4+14 -> 70 | AG4: =AC4+7 -> 44956 | AJ4: =AF4+14 -> 84 | AK4: =AG4+7 -> 44963 | AN4: =AJ4+14 -> 98 | AO4: =AK4+7 -> 44970 | AR4: =AN4+14 -> 112 | AS4: =AO4+7 -> 44977 | AV4: =AR4+14 -> 126 | AW4: =AS4+7 -> 44984 | AZ4: =AV4+14 -> 140 | BA4: =AW4+7 -> 44991 | BD4: =AZ4+14 -> 154 | BE4: =BA4+7 -> 44998 | BH4: =BD4+14 -> 168 | BI4: =BE4+7 -> 45005 | BL4: =BH4+14 -> 182 | BM4: =BI4+7 -> 45012 | BP4: =BL4+14 -> 196 | BQ4: =BM4+7 -> 45019 | BT4: =BP4+14 -> 210 | BU4: =BQ4+7 -> 45026 | BX4: =BT4+14 -> 224 | BY4: =BU4+7 -> 45033 | CB4: =BX4+14 -> 238 | CC4: =BY4+7 -> 45040 | CF4: =CB4+14 -> 252 | CG4: =CC4+7 -> 45047 | CJ4: =CF4+14 -> 266 | CK4: =CG4+7 -> 45054 | CN4: =CJ4+14 -> 280 | CO4: =CK4+7 -> 45061 | CR4: =CN4+14 -> 294 | CS4: =CO4+7 -> 45068 | CV4: =CR4+14 -> 308 | CW4: =CS4+7 -> 45075 | CZ4: =CV4+14 -> 322 | DA4: =CW4+7 -> 45082 | DD4: =CZ4+14 -> 336 | DE4: =DA4+7 -> 45089 | DH4: =DD4+14 -> 350 | DI4: =DE4+7 -> 45096 | DL4: =DH4+14 -> 364 | DM4: =DI4+7 -> 45103 | DP4: =DL4+14 -> 378 | DQ4: =DM4+7 -> 45110 | DT4: =DP4+14 -> 392 | DU4: =DQ4+7 -> 45117 | DX4: =DT4+14 -> 406 | DY4: =DU4+7 -> 45124 | EB4: =DX4+14 -> 420 | EC4: =DY4+7 -> 45131 | EF4: =EB4+14 -> 434 | EG4: =EC4+7 -> 45138 | EJ4: =EF4+14 -> 448 | EK4: =EG4+7 -> 45145 | EN4: =EJ4+14 -> 462 | EO4: =EK4+7 -> 45152 | ER4: =EN4+14 -> 476 | ES4: =EO4+7 -> 45159 | EV4: =ER4+14 -> 490 | EW4: =ES4+7 -> 45166 | EZ4: =EV4+14 -> 504 | FA4: =EW4+7 -> 45173 | FD4: =EZ4+14 -> 518 | FE4: =FA4+7 -> 45180 | FH4: =FD4+14 -> 532 | FI4: =FE4+7 -> 45187 | FL4: =FH4+14 -> 546 | FM4: =FI4+7 -> 45194 | FP4: =FL4+14 -> 560 | FQ4: =FM4+7 -> 45201 | FT4: =FP4+14 -> 574 | FU4: =FQ4+7 -> 45208 | FX4: =FT4+14 -> 588 | FY4: =FU4+7 -> 45215 | GB4: =FX4+14 -> 602 | GC4: =FY4+7 -> 45222 | GF4: =GB4+14 -> 616 | GG4: =GC4+7 -> 45229 | GJ4: =GF4+14 -> 630 | GK4: =GG4+7 -> 45236 | GN4: =GJ4+14 -> 644 | GO4: =GK4+7 -> 45243 | GR4: =GN4+14 -> 658 | GS4: =GO4+7 -> 45250 | GV4: =GR4+14 -> 672 | GW4: =GS4+7 -> 45257 | GZ4: =GV4+14 -> 686 | HA4: =GW4+7 -> 45264 | HD4: =GZ4+14 -> 700 | HE4: =HA4+7 -> 45271 | HH4: =HD4+14 -> 714 | HI4: =HE4+7 -> 45278 | HL4: =HH4+14 -> 728 | HM4: =HI4+7 -> 45285 | HP4: =HL4+14 -> 742 | HQ4: =HM4+7 -> 45292
H5: Total | L5: Minggu 1 | P5: Minggu 2 | T5: Minggu 3 | X5: Minggu 4 | AB5: Minggu 5 | AF5: Minggu 6 | AJ5: Minggu 7 | AN5: Minggu 8 | AR5: Minggu 9 | AV5: Minggu 10 | AZ5: Minggu 11 | BD5: Minggu 12 | BH5: Minggu 13 | BL5: Minggu 14 | BP5: Minggu 15 | BT5: Minggu 16 | BX5: Minggu 17 | CB5: Minggu 18 | CF5: Minggu 19 | CJ5: Minggu 20 | CN5: Minggu 21 | CR5: Minggu 22 | CV5: Minggu 23 | CZ5: Minggu 24 | DD5: Minggu 25 | DH5: Minggu 26 | DL5: Minggu 27 | DP5: Minggu 28 | DT5: Minggu 29 | DX5: Minggu 30 | EB5: Minggu 31 | EF5: Minggu 32 | EJ5: Minggu 33 | EN5: Minggu 34 | ER5: Minggu 35 | EV5: Minggu 36 | EZ5: Minggu 37 | FD5: Minggu 38 | FH5: Minggu 39 | FL5: Minggu 40 | FP5: Minggu 41 | FT5: Minggu 42 | FX5: Minggu 43 | GB5: Minggu 44 | GF5: Minggu 45 | GJ5: Minggu 46 | GN5: Minggu 47 | GR5: Minggu 48 | GV5: Minggu 49 | GZ5: Minggu 50 | HD5: Minggu 51 | HH5: Minggu 52 | HL5: Minggu 53 | HP5: Minggu 54
H6: Jam Kerja | I6: Hadir | J6: Absen | K6: Lembur | L6: =TEXT(M4,"mm/dd/yy") -> 12/26/22 | P6: =TEXT(Q4,"mm/dd/yy") -> 01/02/23 | T6: =TEXT(U4,"mm/dd/yy") -> 01/09/23 | X6: =TEXT(Y4,"mm/dd/yy") -> 01/16/23 | AB6: =TEXT(AC4,"mm/dd/yy") -> 01/23/23 | AF6: =TEXT(AG4,"mm/dd/yy") -> 01/30/23 | AJ6: =TEXT(AK4,"mm/dd/yy") -> 02/06/23 | AN6: =TEXT(AO4,"mm/dd/yy") -> 02/13/23 | AR6: =TEXT(AS4,"mm/dd/yy") -> 02/20/23 | AV6: =TEXT(AW4,"mm/dd/yy") -> 02/27/23 | AZ6: =TEXT(BA4,"mm/dd/yy") -> 03/06/23 | BD6: =TEXT(BE4,"mm/dd/yy") -> 03/13/23 | BH6: =TEXT(BI4,"mm/dd/yy") -> 03/20/23 | BL6: =TEXT(BM4,"mm/dd/yy") -> 03/27/23 | BP6: =TEXT(BQ4,"mm/dd/yy") -> 04/03/23 | BT6: =TEXT(BU4,"mm/dd/yy") -> 04/10/23 | BX6: =TEXT(BY4,"mm/dd/yy") -> 04/17/23 | CB6: =TEXT(CC4,"mm/dd/yy") -> 04/24/23 | CF6: =TEXT(CG4,"mm/dd/yy") -> 05/01/23 | CJ6: =TEXT(CK4,"mm/dd/yy") -> 05/08/23 | CN6: =TEXT(CO4,"mm/dd/yy") -> 05/15/23 | CR6: =TEXT(CS4,"mm/dd/yy") -> 05/22/23 | CV6: =TEXT(CW4,"mm/dd/yy") -> 05/29/23 | CZ6: =TEXT(DA4,"mm/dd/yy") -> 06/05/23 | DD6: =TEXT(DE4,"mm/dd/yy") -> 06/12/23 | DH6: =TEXT(DI4,"mm/dd/yy") -> 06/19/23 | DL6: =TEXT(DM4,"mm/dd/yy") -> 06/26/23 | DP6: =TEXT(DQ4,"mm/dd/yy") -> 07/03/23 | DT6: =TEXT(DU4,"mm/dd/yy") -> 07/10/23 | DX6: =TEXT(DY4,"mm/dd/yy") -> 07/17/23 | EB6: =TEXT(EC4,"mm/dd/yy") -> 07/24/23 | EF6: =TEXT(EG4,"mm/dd/yy") -> 07/31/23 | EJ6: =TEXT(EK4,"mm/dd/yy") -> 08/07/23 | EN6: =TEXT(EO4,"mm/dd/yy") -> 08/14/23 | ER6: =TEXT(ES4,"mm/dd/yy") -> 08/21/23 | EV6: =TEXT(EW4,"mm/dd/yy") -> 08/28/23 | EZ6: =TEXT(FA4,"mm/dd/yy") -> 09/04/23 | FD6: =TEXT(FE4,"mm/dd/yy") -> 09/11/23 | FH6: =TEXT(FI4,"mm/dd/yy") -> 09/18/23 | FL6: =TEXT(FM4,"mm/dd/yy") -> 09/25/23 | FP6: =TEXT(FQ4,"mm/dd/yy") -> 10/02/23 | FT6: =TEXT(FU4,"mm/dd/yy") -> 10/09/23 | FX6: =TEXT(FY4,"mm/dd/yy") -> 10/16/23 | GB6: =TEXT(GC4,"mm/dd/yy") -> 10/23/23 | GF6: =TEXT(GG4,"mm/dd/yy") -> 10/30/23 | GJ6: =TEXT(GK4,"mm/dd/yy") -> 11/06/23 | GN6: =TEXT(GO4,"mm/dd/yy") -> 11/13/23 | GR6: =TEXT(GS4,"mm/dd/yy") -> 11/20/23 | GV6: =TEXT(GW4,"mm/dd/yy") -> 11/27/23 | GZ6: =TEXT(HA4,"mm/dd/yy") -> 12/04/23 | HD6: =TEXT(HE4,"mm/dd/yy") -> 12/11/23 | HH6: =TEXT(HI4,"mm/dd/yy") -> 12/18/23 | HL6: =TEXT(HM4,"mm/dd/yy") -> 12/25/23 | HP6: =TEXT(HQ4,"mm/dd/yy") -> 01/01/24
B7: No | C7: Nama Karyawan | D7: Tanggal Dipekerjakan | E7: Tanggal Pengunduran Diri | F7: Departemen | G7: Status | L7: =TEXT(M4+6,"mm/dd/yy") -> 01/01/23 | P7: =TEXT(Q4+6,"mm/dd/yy") -> 01/08/23 | T7: =TEXT(U4+6,"mm/dd/yy") -> 01/15/23 | X7: =TEXT(Y4+6,"mm/dd/yy") -> 01/22/23 | AB7: =TEXT(AC4+6,"mm/dd/yy") -> 01/29/23 | AF7: =TEXT(AG4+6,"mm/dd/yy") -> 02/05/23 | AJ7: =TEXT(AK4+6,"mm/dd/yy") -> 02/12/23 | AN7: =TEXT(AO4+6,"mm/dd/yy") -> 02/19/23 | AR7: =TEXT(AS4+6,"mm/dd/yy") -> 02/26/23 | AV7: =TEXT(AW4+6,"mm/dd/yy") -> 03/05/23 | AZ7: =TEXT(BA4+6,"mm/dd/yy") -> 03/12/23 | BD7: =TEXT(BE4+6,"mm/dd/yy") -> 03/19/23 | BH7: =TEXT(BI4+6,"mm/dd/yy") -> 03/26/23 | BL7: =TEXT(BM4+6,"mm/dd/yy") -> 04/02/23 | BP7: =TEXT(BQ4+6,"mm/dd/yy") -> 04/09/23 | BT7: =TEXT(BU4+6,"mm/dd/yy") -> 04/16/23 | BX7: =TEXT(BY4+6,"mm/dd/yy") -> 04/23/23 | CB7: =TEXT(CC4+6,"mm/dd/yy") -> 04/30/23 | CF7: =TEXT(CG4+6,"mm/dd/yy") -> 05/07/23 | CJ7: =TEXT(CK4+6,"mm/dd/yy") -> 05/14/23 | CN7: =TEXT(CO4+6,"mm/dd/yy") -> 05/21/23 | CR7: =TEXT(CS4+6,"mm/dd/yy") -> 05/28/23 | CV7: =TEXT(CW4+6,"mm/dd/yy") -> 06/04/23 | CZ7: =TEXT(DA4+6,"mm/dd/yy") -> 06/11/23 | DD7: =TEXT(DE4+6,"mm/dd/yy") -> 06/18/23 | DH7: =TEXT(DI4+6,"mm/dd/yy") -> 06/25/23 | DL7: =TEXT(DM4+6,"mm/dd/yy") -> 07/02/23 | DP7: =TEXT(DQ4+6,"mm/dd/yy") -> 07/09/23 | DT7: =TEXT(DU4+6,"mm/dd/yy") -> 07/16/23 | DX7: =TEXT(DY4+6,"mm/dd/yy") -> 07/23/23 | EB7: =TEXT(EC4+6,"mm/dd/yy") -> 07/30/23 | EF7: =TEXT(EG4+6,"mm/dd/yy") -> 08/06/23 | EJ7: =TEXT(EK4+6,"mm/dd/yy") -> 08/13/23 | EN7: =TEXT(EO4+6,"mm/dd/yy") -> 08/20/23 | ER7: =TEXT(ES4+6,"mm/dd/yy") -> 08/27/23 | EV7: =TEXT(EW4+6,"mm/dd/yy") -> 09/03/23 | EZ7: =TEXT(FA4+6,"mm/dd/yy") -> 09/10/23 | FD7: =TEXT(FE4+6,"mm/dd/yy") -> 09/17/23 | FH7: =TEXT(FI4+6,"mm/dd/yy") -> 09/24/23 | FL7: =TEXT(FM4+6,"mm/dd/yy") -> 10/01/23 | FP7: =TEXT(FQ4+6,"mm/dd/yy") -> 10/08/23 | FT7: =TEXT(FU4+6,"mm/dd/yy") -> 10/15/23 | FX7: =TEXT(FY4+6,"mm/dd/yy") -> 10/22/23 | GB7: =TEXT(GC4+6,"mm/dd/yy") -> 10/29/23 | GF7: =TEXT(GG4+6,"mm/dd/yy") -> 11/05/23 | GJ7: =TEXT(GK4+6,"mm/dd/yy") -> 11/12/23 | GN7: =TEXT(GO4+6,"mm/dd/yy") -> 11/19/23 | GR7: =TEXT(GS4+6,"mm/dd/yy") -> 11/26/23 | GV7: =TEXT(GW4+6,"mm/dd/yy") -> 12/03/23 | GZ7: =TEXT(HA4+6,"mm/dd/yy") -> 12/10/23 | HD7: =TEXT(HE4+6,"mm/dd/yy") -> 12/17/23 | HH7: =TEXT(HI4+6,"mm/dd/yy") -> 12/24/23 | HL7: =TEXT(HM4+6,"mm/dd/yy") -> 12/31/23 | HP7: =TEXT(HQ4+6,"mm/dd/yy") -> 01/07/24
H8: JK | I8: H | J8: A | K8: L | L8: JK | M8: H | N8: A | O8: L | P8: JK | Q8: H | R8: A | S8: L | T8: JK | U8: H | V8: A | W8: L | X8: JK | Y8: H | Z8: A | AA8: L | AB8: JK | AC8: H | AD8: A | AE8: L | AF8: JK | AG8: H | AH8: A | AI8: L | AJ8: JK | AK8: H | AL8: A | AM8: L | AN8: JK | AO8: H | AP8: A | AQ8: L | AR8: JK | AS8: H | AT8: A | AU8: L | AV8: JK | AW8: H | AX8: A | AY8: L | AZ8: JK | BA8: H | BB8: A | BC8: L | BD8: JK | BE8: H | BF8: A | BG8: L | BH8: JK | BI8: H | BJ8: A | BK8: L | BL8: JK | BM8: H | BN8: A | BO8: L | BP8: JK | BQ8: H | BR8: A | BS8: L | BT8: JK | BU8: H | BV8: A | BW8: L | BX8: JK | BY8: H | BZ8: A | CA8: L | CB8: JK | CC8: H | CD8: A | CE8: L | CF8: JK | CG8: H | CH8: A | CI8: L | CJ8: JK | CK8: H | CL8: A | CM8: L | CN8: JK | CO8: H | CP8: A | CQ8: L | CR8: JK | CS8: H | CT8: A | CU8: L | CV8: JK | CW8: H | CX8: A | CY8: L | CZ8: JK | DA8: H | DB8: A | DC8: L | DD8: JK | DE8: H | DF8: A | DG8: L | DH8: JK | DI8: H | DJ8: A | DK8: L | DL8: JK | DM8: H | DN8: A | DO8: L | DP8: JK | DQ8: H | DR8: A | DS8: L | DT8: JK | DU8: H | DV8: A | DW8: L | DX8: JK | DY8: H | DZ8: A | EA8: L | EB8: JK | EC8: H | ED8: A | EE8: L | EF8: JK | EG8: H | EH8: A | EI8: L | EJ8: JK | EK8: H | EL8: A | EM8: L | EN8: JK | EO8: H | EP8: A | EQ8: L | ER8: JK | ES8: H | ET8: A | EU8: L | EV8: JK | EW8: H | EX8: A | EY8: L | EZ8: JK | FA8: H | FB8: A | FC8: L | FD8: JK | FE8: H | FF8: A | FG8: L | FH8: JK | FI8: H | FJ8: A | FK8: L | FL8: JK | FM8: H | FN8: A | FO8: L | FP8: JK | FQ8: H | FR8: A | FS8: L | FT8: JK | FU8: H | FV8: A | FW8: L | FX8: JK | FY8: H | FZ8: A | GA8: L | GB8: JK | GC8: H | GD8: A | GE8: L | GF8: JK | GG8: H | GH8: A | GI8: L | GJ8: JK | GK8: H | GL8: A | GM8: L | GN8: JK | GO8: H | GP8: A | GQ8: L | GR8: JK | GS8: H | GT8: A | GU8: L | GV8: JK | GW8: H | GX8: A | GY8: L | GZ8: JK | HA8: H | HB8: A | HC8: L | HD8: JK | HE8: H | HF8: A | HG8: L | HH8: JK | HI8: H | HJ8: A | HK8: L | HL8: JK | HM8: H | HN8: A | HO8: L | HP8: JK | HQ8: H | HR8: A | HS8: L
B9: =IF('Vacation Tracker'!B12<>"",'Vacation Tracker'!B12,"") -> 1 | C9: =IF('Vacation Tracker'!C12<>"",'Vacation Tracker'!C12,"") -> John Doe 1 | D9: =IF('Vacation Tracker'!D12<>"",'Vacation Tracker'!D12,"") -> 44927 | E9: =IF('Vacation Tracker'!E12<>"",'Vacation Tracker'!E12,"") | F9: =IF('Vacation Tracker'!F12<>"",'Vacation Tracker'!F12,"") -> Marketing | G9: =IF('Vacation Tracker'!G12<>"",'Vacation Tracker'!G12,"") -> Permanent | H9: =IF($C9<>"",SUMPRODUCT(($L$8:$FU$8=H$8)*$L9:$FU9),"") -> 16 | I9: =IF($C9<>"",SUMPRODUCT(($L$8:$FU$8=I$8)*$L9:$FU9),"") -> 10 | J9: =IF($C9<>"",SUMPRODUCT(($L$8:$FU$8=J$8)*$L9:$FU9),"") -> 6 | K9: =IF($C9<>"",SUMPRODUCT(($L$8:$FU$8=K$8)*$L9:$FU9),"") -> 0 | L9: =SUM(OFFSET('Vacation Tracker'!$Q12:$AD12,0,L$4)) -> 8 | M9: =L9-N9 -> 8 | N9: {=SUM(IF(RIGHT(OFFSET('Vacation Tracker'!$Q12:$AD12,0,L$4))<>"O",IFERROR(--LEFT(OFFSET('Vacation Tracker'!$Q12:$AD12,0,L$4),LEN(OFFSET('Vacation Tracker'!$Q12:$AD12,0,L$4))-1),0)))} -> 0 | O9: {=SUM(IF(RIGHT(OFFSET('Vacation Tracker'!$Q12:$AD12,0,L$4))=O$8,IFERROR(--LEFT(OFFSET('Vacation Tracker'!$Q12:$AD12,0,L$4),LEN(OFFSET('Vacation Tracker'!$Q12:$AD12,0,L$4))-1),0)))} -> 0 | P9: =SUM(OFFSET('Vacation Tracker'!$Q12:$AD12,0,P$4)) -> 8 | Q9: =P9-R9 -> 8 | R9: {=SUM(IF(RIGHT(OFFSET('Vacation Tracker'!$Q12:$AD12,0,P$4))<>"O",IFERROR(--LEFT(OFFSET('Vacation Tracker'!$Q12:$AD12,0,P$4),LEN(OFFSET('Vacation Tracker'!$Q12:$AD12,0,P$4))-1),0)))} -> 0 | S9: {=SUM(IF(RIGHT(OFFSET('Vacation Tracker'!$Q12:$AD12,0,P$4))=S$8,IFERROR(--LEFT(OFFSET('Vacation Tracker'!$Q12:$AD12,0,P$4),LEN(OFFSET('Vacation Tracker'!$Q12:$AD12,0,P$4))-1),0)))} -> 0 | T9: =SUM(OFFSET('Vacation Tracker'!$Q12:$AD12,0,T$4)) -> 0 | U9: =T9-V9 -> 0 | V9: {=SUM(IF(RIGHT(OFFSET('Vacation Tracker'!$Q12:$AD12,0,T$4))<>"O",IFERROR(--LEFT(OFFSET('Vacation Tracker'!$Q12:$AD12,0,T$4),LEN(OFFSET('Vacation Tracker'!$Q12:$AD12,0,T$4))-1),0)))} -> 0 | W9: {=SUM(IF(RIGHT(OFFSET('Vacation Tracker'!$Q12:$AD12,0,T$4))=W$8,IFERROR(--LEFT(OFFSET('Vacation Tracker'!$Q12:$AD12,0,T$4),LEN(OFFSET('Vacation Tracker'!$Q12:$AD12,0,T$4))-1),0)))} -> 0 | X9: =SUM(OFFSET('Vacation Tracker'!$Q12:$AD12,0,X$4)) -> 0 | Y9: =X9-Z9 -> -6 | Z9: {=SUM(IF(RIGHT(OFFSET('Vacation Tracker'!$Q12:$AD12,0,X$4))<>"O",IFERROR(--LEFT(OFFSET('Vacation Tracker'!$Q12:$AD12,0,X$4),LEN(OFFSET('Vacation Tracker'!$Q12:$AD12,0,X$4))-1),0)))} -> 6 | AA9: {=SUM(IF(RIGHT(OFFSET('Vacation Tracker'!$Q12:$AD12,0,X$4))=AA$8,IFERROR(--LEFT(OFFSET('Vacation Tracker'!$Q12:$AD12,0,X$4),LEN(OFFSET('Vacation Tracker'!$Q12:$AD12,0,X$4))-1),0)))} -> 0 | AB9: =SUM(OFFSET('Vacation Tracker'!$Q12:$AD12,0,AB$4)) -> 0 | AC9: =AB9-AD9 -> 0 | AD9: {=SUM(IF(RIGHT(OFFSET('Vacation Tracker'!$Q12:$AD12,0,AB$4))<>"O",IFERROR(--LEFT(OFFSET('Vacation Tracker'!$Q12:$AD12,0,AB$4),LEN(OFFSET('Vacation Tracker'!$Q12:$AD12,0,AB$4))-1),0)))} -> 0 | AE9: {=SUM(IF(RIGHT(OFFSET('Vacation Tracker'!$Q12:$AD12,0,AB$4))=AE$8,IFERROR(--LEFT(OFFSET('Vacation Tracker'!$Q12:$AD12,0,AB$4),LEN(OFFSET('Vacation Tracker'!$Q12:$AD12,0,AB$4))-1),0)))} -> 0 | AF9: =SUM(OFFSET('Vacation Tracker'!$Q12:$AD12,0,AF$4)) -> 0 | AG9: =AF9-AH9 -> 0 | AH9: {=SUM(IF(RIGHT(OFFSET('Vacation Tracker'!$Q12:$AD12,0,AF$4))<>"O",IFERROR(--LEFT(OFFSET('Vacation Tracker'!$Q12:$AD12,0,AF$4),LEN(OFFSET('Vacation Tracker'!$Q12:$AD12,0,AF$4))-1),0)))} -> 0 | AI9: {=SUM(IF(RIGHT(OFFSET('Vacation Tracker'!$Q12:$AD12,0,AF$4))=AI$8,IFERROR(--LEFT(OFFSET('Vacation Tracker'!$Q12:$AD12,0,AF$4),LEN(OFFSET('Vacation Tracker'!$Q12:$AD12,0,AF$4))-1),0)))} -> 0 | AJ9: =SUM(OFFSET('Vacation Tracker'!$Q12:$AD12,0,AJ$4)) -> 0 | AK9: =AJ9-AL9 -> 0 | AL9: {=SUM(IF(RIGHT(OFFSET('Vacation Tracker'!$Q12:$AD12,0,AJ$4))<>"O",IFERROR(--LEFT(OFFSET('Vacation Tracker'!$Q12:$AD12,0,AJ$4),LEN(OFFSET('Vacation Tracker'!$Q12:$AD12,0,AJ$4))-1),0)))} -> 0 | AM9: {=SUM(IF(RIGHT(OFFSET('Vacation Tracker'!$Q12:$AD12,0,AJ$4))=AM$8,IFERROR(--LEFT(OFFSET('Vacation Tracker'!$Q12:$AD12,0,AJ$4),LEN(OFFSET('Vacation Tracker'!$Q12:$AD12,0,AJ$4))-1),0)))} -> 0 | AN9: =SUM(OFFSET('Vacation Tracker'!$Q12:$AD12,0,AN$4)) -> 0 | AO9: =AN9-AP9 -> 0 | AP9: {=SUM(IF(RIGHT(OFFSET('Vacation Tracker'!$Q12:$AD12,0,AN$4))<>"O",IFERROR(--LEFT(OFFSET('Vacation Tracker'!$Q12:$AD12,0,AN$4),LEN(OFFSET('Vacation Tracker'!$Q12:$AD12,0,AN$4))-1),0)))} -> 0 | AQ9: {=SUM(IF(RIGHT(OFFSET('Vacation Tracker'!$Q12:$AD12,0,AN$4))=AQ$8,IFERROR(--LEFT(OFFSET('Vacation Tracker'!$Q12:$AD12,0,AN$4),LEN(OFFSET('Vacation Tracker'!$Q12:$AD12,0,AN$4))-1),0)))} -> 0 | AR9: =SUM(OFFSET('Vacation Tracker'!$Q12:$AD12,0,AR$4)) -> 0 | AS9: =AR9-AT9 -> 0 | AT9: {=SUM(IF(RIGHT(OFFSET('Vacation Tracker'!$Q12:$AD12,0,AR$4))<>"O",IFERROR(--LEFT(OFFSET('Vacation Tracker'!$Q12:$AD12,0,AR$4),LEN(OFFSET('Vacation Tracker'!$Q12:$AD12,0,AR$4))-1),0)))} -> 0 | AU9: {=SUM(IF(RIGHT(OFFSET('Vacation Tracker'!$Q12:$AD12,0,AR$4))=AU$8,IFERROR(--LEFT(OFFSET('Vacation Tracker'!$Q12:$AD12,0,AR$4),LEN(OFFSET('Vacation Tracker'!$Q12:$AD12,0,AR$4))-1),0)))} -> 0 | AV9: =SUM(OFFSET('Vacation Tracker'!$Q12:$AD12,0,AV$4)) -> 0 | AW9: =AV9-AX9 -> 0 | AX9: {=SUM(IF(RIGHT(OFFSET('Vacation Tracker'!$Q12:$AD12,0,AV$4))<>"O",IFERROR(--LEFT(OFFSET('Vacation Tracker'!$Q12:$AD12,0,AV$4),LEN(OFFSET('Vacation Tracker'!$Q12:$AD12,0,AV$4))-1),0)))} -> 0 | AY9: {=SUM(IF(RIGHT(OFFSET('Vacation Tracker'!$Q12:$AD12,0,AV$4))=AY$8,IFERROR(--LEFT(OFFSET('Vacation Tracker'!$Q12:$AD12,0,AV$4),LEN(OFFSET('Vacation Tracker'!$Q12:$AD12,0,AV$4))-1),0)))} -> 0 | AZ9: =SUM(OFFSET('Vacation Tracker'!$Q12:$AD12,0,AZ$4)) -> 0 | BA9: =AZ9-BB9 -> 0 | BB9: {=SUM(IF(RIGHT(OFFSET('Vacation Tracker'!$Q12:$AD12,0,AZ$4))<>"O",IFERROR(--LEFT(OFFSET('Vacation Tracker'!$Q12:$AD12,0,AZ$4),LEN(OFFSET('Vacation Tracker'!$Q12:$AD12,0,AZ$4))-1),0)))} -> 0 | BC9: {=SUM(IF(RIGHT(OFFSET('Vacation Tracker'!$Q12:$AD12,0,AZ$4))=BC$8,IFERROR(--LEFT(OFFSET('Vacation Tracker'!$Q12:$AD12,0,AZ$4),LEN(OFFSET('Vacation Tracker'!$Q12:$AD12,0,AZ$4))-1),0)))} -> 0 | BD9: =SUM(OFFSET('Vacation Tracker'!$Q12:$AD12,0,BD$4)) -> 0 | BE9: =BD9-BF9 -> 0 | BF9: {=SUM(IF(RIGHT(OFFSET('Vacation Tracker'!$Q12:$AD12,0,BD$4))<>"O",IFERROR(--LEFT(OFFSET('Vacation Tracker'!$Q12:$AD12,0,BD$4),LEN(OFFSET('Vacation Tracker'!$Q12:$AD12,0,BD$4))-1),0)))} -> 0 | BG9: {=SUM(IF(RIGHT(OFFSET('Vacation Tracker'!$Q12:$AD12,0,BD$4))=BG$8,IFERROR(--LEFT(OFFSET('Vacation Tracker'!$Q12:$AD12,0,BD$4),LEN(OFFSET('Vacation Tracker'!$Q12:$AD12,0,BD$4))-1),0)))} -> 0 | BH9: =SUM(OFFSET('Vacation Tracker'!$Q12:$AD12,0,BH$4)) -> 0 | BI9: =BH9-BJ9 -> 0 | BJ9: {=SUM(IF(RIGHT(OFFSET('Vacation Tracker'!$Q12:$AD12,0,BH$4))<>"O",IFERROR(--LEFT(OFFSET('Vacation Tracker'!$Q12:$AD12,0,BH$4),LEN(OFFSET('Vacation Tracker'!$Q12:$AD12,0,BH$4))-1),0)))} -> 0 | BK9: {=SUM(IF(RIGHT(OFFSET('Vacation Tracker'!$Q12:$AD12,0,BH$4))=BK$8,IFERROR(--LEFT(OFFSET('Vacation Tracker'!$Q12:$AD12,0,BH$4),LEN(OFFSET('Vacation Tracker'!$Q12:$AD12,0,BH$4))-1),0)))} -> 0 | BL9: =SUM(OFFSET('Vacation Tracker'!$Q12:$AD12,0,BL$4)) -> 0 | BM9: =BL9-BN9 -> 0 | BN9: {=SUM(IF(RIGHT(OFFSET('Vacation Tracker'!$Q12:$AD12,0,BL$4))<>"O",IFERROR(--LEFT(OFFSET('Vacation Tracker'!$Q12:$AD12,0,BL$4),LEN(OFFSET('Vacation Tracker'!$Q12:$AD12,0,BL$4))-1),0)))} -> 0 | BO9: {=SUM(IF(RIGHT(OFFSET('Vacation Tracker'!$Q12:$AD12,0,BL$4))=BO$8,IFERROR(--LEFT(OFFSET('Vacation Tracker'!$Q12:$AD12,0,BL$4),LEN(OFFSET('Vacation Tracker'!$Q12:$AD12,0,BL$4))-1),0)))} -> 0 | BP9: =SUM(OFFSET('Vacation Tracker'!$Q12:$AD12,0,BP$4)) -> 0 | BQ9: =BP9-BR9 -> 0 | BR9: {=SUM(IF(RIGHT(OFFSET('Vacation Tracker'!$Q12:$AD12,0,BP$4))<>"O",IFERROR(--LEFT(OFFSET('Vacation Tracker'!$Q12:$AD12,0,BP$4),LEN(OFFSET('Vacation Tracker'!$Q12:$AD12,0,BP$4))-1),0)))} -> 0 | BS9: {=SUM(IF(RIGHT(OFFSET('Vacation Tracker'!$Q12:$AD12,0,BP$4))=BS$8,IFERROR(--LEFT(OFFSET('Vacation Tracker'!$Q12:$AD12,0,BP$4),LEN(OFFSET('Vacation Tracker'!$Q12:$AD12,0,BP$4))-1),0)))} -> 0 | BT9: =SUM(OFFSET('Vacation Tracker'!$Q12:$AD12,0,BT$4)) -> 0 | BU9: =BT9-BV9 -> 0 | BV9: {=SUM(IF(RIGHT(OFFSET('Vacation Tracker'!$Q12:$AD12,0,BT$4))<>"O",IFERROR(--LEFT(OFFSET('Vacation Tracker'!$Q12:$AD12,0,BT$4),LEN(OFFSET('Vacation Tracker'!$Q12:$AD12,0,BT$4))-1),0)))} -> 0 | BW9: {=SUM(IF(RIGHT(OFFSET('Vacation Tracker'!$Q12:$AD12,0,BT$4))=BW$8,IFERROR(--LEFT(OFFSET('Vacation Tracker'!$Q12:$AD12,0,BT$4),LEN(OFFSET('Vacation Tracker'!$Q12:$AD12,0,BT$4))-1),0)))} -> 0 | BX9: =SUM(OFFSET('Vacation Tracker'!$Q12:$AD12,0,BX$4)) -> 0 | BY9: =BX9-BZ9 -> 0 | BZ9: {=SUM(IF(RIGHT(OFFSET('Vacation Tracker'!$Q12:$AD12,0,BX$4))<>"O",IFERROR(--LEFT(OFFSET('Vacation Tracker'!$Q12:$AD12,0,BX$4),LEN(OFFSET('Vacation Tracker'!$Q12:$AD12,0,BX$4))-1),0)))} -> 0 | CA9: {=SUM(IF(RIGHT(OFFSET('Vacation Tracker'!$Q12:$AD12,0,BX$4))=CA$8,IFERROR(--LEFT(OFFSET('Vacation Tracker'!$Q12:$AD12,0,BX$4),LEN(OFFSET('Vacation Tracker'!$Q12:$AD12,0,BX$4))-1),0)))} -> 0 | CB9: =SUM(OFFSET('Vacation Tracker'!$Q12:$AD12,0,CB$4)) -> 0 | CC9: =CB9-CD9 -> 0 | CD9: {=SUM(IF(RIGHT(OFFSET('Vacation Tracker'!$Q12:$AD12,0,CB$4))<>"O",IFERROR(--LEFT(OFFSET('Vacation Tracker'!$Q12:$AD12,0,CB$4),LEN(OFFSET('Vacation Tracker'!$Q12:$AD12,0,CB$4))-1),0)))} -> 0 | CE9: {=SUM(IF(RIGHT(OFFSET('Vacation Tracker'!$Q12:$AD12,0,CB$4))=CE$8,IFERROR(--LEFT(OFFSET('Vacation Tracker'!$Q12:$AD12,0,CB$4),LEN(OFFSET('Vacation Tracker'!$Q12:$AD12,0,CB$4))-1),0)))} -> 0 | CF9: =SUM(OFFSET('Vacation Tracker'!$Q12:$AD12,0,CF$4)) -> 0 | CG9: =CF9-CH9 -> 0 | CH9: {=SUM(IF(RIGHT(OFFSET('Vacation Tracker'!$Q12:$AD12,0,CF$4))<>"O",IFERROR(--LEFT(OFFSET('Vacation Tracker'!$Q12:$AD12,0,CF$4),LEN(OFFSET('Vacation Tracker'!$Q12:$AD12,0,CF$4))-1),0)))} -> 0 | CI9: {=SUM(IF(RIGHT(OFFSET('Vacation Tracker'!$Q12:$AD12,0,CF$4))=CI$8,IFERROR(--LEFT(OFFSET('Vacation Tracker'!$Q12:$AD12,0,CF$4),LEN(OFFSET('Vacation Tracker'!$Q12:$AD12,0,CF$4))-1),0)))} -> 0 | CJ9: =SUM(OFFSET('Vacation Tracker'!$Q12:$AD12,0,CJ$4)) -> 0 | CK9: =CJ9-CL9 -> 0 | CL9: {=SUM(IF(RIGHT(OFFSET('Vacation Tracker'!$Q12:$AD12,0,CJ$4))<>"O",IFERROR(--LEFT(OFFSET('Vacation Tracker'!$Q12:$AD12,0,CJ$4),LEN(OFFSET('Vacation Tracker'!$Q12:$AD12,0,CJ$4))-1),0)))} -> 0 | CM9: {=SUM(IF(RIGHT(OFFSET('Vacation Tracker'!$Q12:$AD12,0,CJ$4))=CM$8,IFERROR(--LEFT(OFFSET('Vacation Tracker'!$Q12:$AD12,0,CJ$4),LEN(OFFSET('Vacation Tracker'!$Q12:$AD12,0,CJ$4))-1),0)))} -> 0 | CN9: =SUM(OFFSET('Vacation Tracker'!$Q12:$AD12,0,CN$4)) -> 0 | CO9: =CN9-CP9 -> 0 | CP9: {=SUM(IF(RIGHT(OFFSET('Vacation Tracker'!$Q12:$AD12,0,CN$4))<>"O",IFERROR(--LEFT(OFFSET('Vacation Tracker'!$Q12:$AD12,0,CN$4),LEN(OFFSET('Vacation Tracker'!$Q12:$AD12,0,CN$4))-1),0)))} -> 0 | CQ9: {=SUM(IF(RIGHT(OFFSET('Vacation Tracker'!$Q12:$AD12,0,CN$4))=CQ$8,IFERROR(--LEFT(OFFSET('Vacation Tracker'!$Q12:$AD12,0,CN$4),LEN(OFFSET('Vacation Tracker'!$Q12:$AD12,0,CN$4))-1),0)))} -> 0 | CR9: =SUM(OFFSET('Vacation Tracker'!$Q12:$AD12,0,CR$4)) -> 0 | CS9: =CR9-CT9 -> 0 | CT9: {=SUM(IF(RIGHT(OFFSET('Vacation Tracker'!$Q12:$AD12,0,CR$4))<>"O",IFERROR(--LEFT(OFFSET('Vacation Tracker'!$Q12:$AD12,0,CR$4),LEN(OFFSET('Vacation Tracker'!$Q12:$AD12,0,CR$4))-1),0)))} -> 0 | CU9: {=SUM(IF(RIGHT(OFFSET('Vacation Tracker'!$Q12:$AD12,0,CR$4))=CU$8,IFERROR(--LEFT(OFFSET('Vacation Tracker'!$Q12:$AD12,0,CR$4),LEN(OFFSET('Vacation Tracker'!$Q12:$AD12,0,CR$4))-1),0)))} -> 0 | CV9: =SUM(OFFSET('Vacation Tracker'!$Q12:$AD12,0,CV$4)) -> 0 | CW9: =CV9-CX9 -> 0 | CX9: {=SUM(IF(RIGHT(OFFSET('Vacation Tracker'!$Q12:$AD12,0,CV$4))<>"O",IFERROR(--LEFT(OFFSET('Vacation Tracker'!$Q12:$AD12,0,CV$4),LEN(OFFSET('Vacation Tracker'!$Q12:$AD12,0,CV$4))-1),0)))} -> 0 | CY9: {=SUM(IF(RIGHT(OFFSET('Vacation Tracker'!$Q12:$AD12,0,CV$4))=CY$8,IFERROR(--LEFT(OFFSET('Vacation Tracker'!$Q12:$AD12,0,CV$4),LEN(OFFSET('Vacation Tracker'!$Q12:$AD12,0,CV$4))-1),0)))} -> 0 | CZ9: =SUM(OFFSET('Vacation Tracker'!$Q12:$AD12,0,CZ$4)) -> 0 | DA9: =CZ9-DB9 -> 0 | DB9: {=SUM(IF(RIGHT(OFFSET('Vacation Tracker'!$Q12:$AD12,0,CZ$4))<>"O",IFERROR(--LEFT(OFFSET('Vacation Tracker'!$Q12:$AD12,0,CZ$4),LEN(OFFSET('Vacation Tracker'!$Q12:$AD12,0,CZ$4))-1),0)))} -> 0 | DC9: {=SUM(IF(RIGHT(OFFSET('Vacation Tracker'!$Q12:$AD12,0,CZ$4))=DC$8,IFERROR(--LEFT(OFFSET('Vacation Tracker'!$Q12:$AD12,0,CZ$4),LEN(OFFSET('Vacation Tracker'!$Q12:$AD12,0,CZ$4))-1),0)))} -> 0 | DD9: =SUM(OFFSET('Vacation Tracker'!$Q12:$AD12,0,DD$4)) -> 0 | DE9: =DD9-DF9 -> 0 | DF9: {=SUM(IF(RIGHT(OFFSET('Vacation Tracker'!$Q12:$AD12,0,DD$4))<>"O",IFERROR(--LEFT(OFFSET('Vacation Tracker'!$Q12:$AD12,0,DD$4),LEN(OFFSET('Vacation Tracker'!$Q12:$AD12,0,DD$4))-1),0)))} -> 0 | DG9: {=SUM(IF(RIGHT(OFFSET('Vacation Tracker'!$Q12:$AD12,0,DD$4))=DG$8,IFERROR(--LEFT(OFFSET('Vacation Tracker'!$Q12:$AD12,0,DD$4),LEN(OFFSET('Vacation Tracker'!$Q12:$AD12,0,DD$4))-1),0)))} -> 0 | DH9: =SUM(OFFSET('Vacation Tracker'!$Q12:$AD12,0,DH$4)) -> 0 | DI9: =DH9-DJ9 -> 0 | DJ9: {=SUM(IF(RIGHT(OFFSET('Vacation Tracker'!$Q12:$AD12,0,DH$4))<>"O",IFERROR(--LEFT(OFFSET('Vacation Tracker'!$Q12:$AD12,0,DH$4),LEN(OFFSET('Vacation Tracker'!$Q12:$AD12,0,DH$4))-1),0)))} -> 0 | DK9: {=SUM(IF(RIGHT(OFFSET('Vacation Tracker'!$Q12:$AD12,0,DH$4))=DK$8,IFERROR(--LEFT(OFFSET('Vacation Tracker'!$Q12:$AD12,0,DH$4),LEN(OFFSET('Vacation Tracker'!$Q12:$AD12,0,DH$4))-1),0)))} -> 0 | DL9: =SUM(OFFSET('Vacation Tracker'!$Q12:$AD12,0,DL$4)) -> 0 | DM9: =DL9-DN9 -> 0 | DN9: {=SUM(IF(RIGHT(OFFSET('Vacation Tracker'!$Q12:$AD12,0,DL$4))<>"O",IFERROR(--LEFT(OFFSET('Vacation Tracker'!$Q12:$AD12,0,DL$4),LEN(OFFSET('Vacation Tracker'!$Q12:$AD12,0,DL$4))-1),0)))} -> 0 | DO9: {=SUM(IF(RIGHT(OFFSET('Vacation Tracker'!$Q12:$AD12,0,DL$4))=DO$8,IFERROR(--LEFT(OFFSET('Vacation Tracker'!$Q12:$AD12,0,DL$4),LEN(OFFSET('Vacation Tracker'!$Q12:$AD12,0,DL$4))-1),0)))} -> 0 | DP9: =SUM(OFFSET('Vacation Tracker'!$Q12:$AD12,0,DP$4)) -> 0 | DQ9: =DP9-DR9 -> 0 | DR9: {=SUM(IF(RIGHT(OFFSET('Vacation Tracker'!$Q12:$AD12,0,DP$4))<>"O",IFERROR(--LEFT(OFFSET('Vacation Tracker'!$Q12:$AD12,0,DP$4),LEN(OFFSET('Vacation Tracker'!$Q12:$AD12,0,DP$4))-1),0)))} -> 0 | DS9: {=SUM(IF(RIGHT(OFFSET('Vacation Tracker'!$Q12:$AD12,0,DP$4))=DS$8,IFERROR(--LEFT(OFFSET('Vacation Tracker'!$Q12:$AD12,0,DP$4),LEN(OFFSET('Vacation Tracker'!$Q12:$AD12,0,DP$4))-1),0)))} -> 0 | DT9: =SUM(OFFSET('Vacation Tracker'!$Q12:$AD12,0,DT$4)) -> 0 | DU9: =DT9-DV9 -> 0 | DV9: {=SUM(IF(RIGHT(OFFSET('Vacation Tracker'!$Q12:$AD12,0,DT$4))<>"O",IFERROR(--LEFT(OFFSET('Vacation Tracker'!$Q12:$AD12,0,DT$4),LEN(OFFSET('Vacation Tracker'!$Q12:$AD12,0,DT$4))-1),0)))} -> 0 | DW9: {=SUM(IF(RIGHT(OFFSET('Vacation Tracker'!$Q12:$AD12,0,DT$4))=DW$8,IFERROR(--LEFT(OFFSET('Vacation Tracker'!$Q12:$AD12,0,DT$4),LEN(OFFSET('Vacation Tracker'!$Q12:$AD12,0,DT$4))-1),0)))} -> 0 | DX9: =SUM(OFFSET('Vacation Tracker'!$Q12:$AD12,0,DX$4)) -> 0 | DY9: =DX9-DZ9 -> 0 | DZ9: {=SUM(IF(RIGHT(OFFSET('Vacation Tracker'!$Q12:$AD12,0,DX$4))<>"O",IFERROR(--LEFT(OFFSET('Vacation Tracker'!$Q12:$AD12,0,DX$4),LEN(OFFSET('Vacation Tracker'!$Q12:$AD12,0,DX$4))-1),0)))} -> 0 | EA9: {=SUM(IF(RIGHT(OFFSET('Vacation Tracker'!$Q12:$AD12,0,DX$4))=EA$8,IFERROR(--LEFT(OFFSET('Vacation Tracker'!$Q12:$AD12,0,DX$4),LEN(OFFSET('Vacation Tracker'!$Q12:$AD12,0,DX$4))-1),0)))} -> 0 | EB9: =SUM(OFFSET('Vacation Tracker'!$Q12:$AD12,0,EB$4)) -> 0 | EC9: =EB9-ED9 -> 0 | ED9: {=SUM(IF(RIGHT(OFFSET('Vacation Tracker'!$Q12:$AD12,0,EB$4))<>"O",IFERROR(--LEFT(OFFSET('Vacation Tracker'!$Q12:$AD12,0,EB$4),LEN(OFFSET('Vacation Tracker'!$Q12:$AD12,0,EB$4))-1),0)))} -> 0 | EE9: {=SUM(IF(RIGHT(OFFSET('Vacation Tracker'!$Q12:$AD12,0,EB$4))=EE$8,IFERROR(--LEFT(OFFSET('Vacation Tracker'!$Q12:$AD12,0,EB$4),LEN(OFFSET('Vacation Tracker'!$Q12:$AD12,0,EB$4))-1),0)))} -> 0 | EF9: =SUM(OFFSET('Vacation Tracker'!$Q12:$AD12,0,EF$4)) -> 0 | EG9: =EF9-EH9 -> 0 | EH9: {=SUM(IF(RIGHT(OFFSET('Vacation Tracker'!$Q12:$AD12,0,EF$4))<>"O",IFERROR(--LEFT(OFFSET('Vacation Tracker'!$Q12:$AD12,0,EF$4),LEN(OFFSET('Vacation Tracker'!$Q12:$AD12,0,EF$4))-1),0)))} -> 0 | EI9: {=SUM(IF(RIGHT(OFFSET('Vacation Tracker'!$Q12:$AD12,0,EF$4))=EI$8,IFERROR(--LEFT(OFFSET('Vacation Tracker'!$Q12:$AD12,0,EF$4),LEN(OFFSET('Vacation Tracker'!$Q12:$AD12,0,EF$4))-1),0)))} -> 0 | EJ9: =SUM(OFFSET('Vacation Tracker'!$Q12:$AD12,0,EJ$4)) -> 0 | EK9: =EJ9-EL9 -> 0 | EL9: {=SUM(IF(RIGHT(OFFSET('Vacation Tracker'!$Q12:$AD12,0,EJ$4))<>"O",IFERROR(--LEFT(OFFSET('Vacation Tracker'!$Q12:$AD12,0,EJ$4),LEN(OFFSET('Vacation Tracker'!$Q12:$AD12,0,EJ$4))-1),0)))} -> 0 | EM9: {=SUM(IF(RIGHT(OFFSET('Vacation Tracker'!$Q12:$AD12,0,EJ$4))=EM$8,IFERROR(--LEFT(OFFSET('Vacation Tracker'!$Q12:$AD12,0,EJ$4),LEN(OFFSET('Vacation Tracker'!$Q12:$AD12,0,EJ$4))-1),0)))} -> 0 | EN9: =SUM(OFFSET('Vacation Tracker'!$Q12:$AD12,0,EN$4)) -> 0 | EO9: =EN9-EP9 -> 0 | EP9: {=SUM(IF(RIGHT(OFFSET('Vacation Tracker'!$Q12:$AD12,0,EN$4))<>"O",IFERROR(--LEFT(OFFSET('Vacation Tracker'!$Q12:$AD12,0,EN$4),LEN(OFFSET('Vacation Tracker'!$Q12:$AD12,0,EN$4))-1),0)))} -> 0 | EQ9: {=SUM(IF(RIGHT(OFFSET('Vacation Tracker'!$Q12:$AD12,0,EN$4))=EQ$8,IFERROR(--LEFT(OFFSET('Vacation Tracker'!$Q12:$AD12,0,EN$4),LEN(OFFSET('Vacation Tracker'!$Q12:$AD12,0,EN$4))-1),0)))} -> 0 | ER9: =SUM(OFFSET('Vacation Tracker'!$Q12:$AD12,0,ER$4)) -> 0 | ES9: =ER9-ET9 -> 0 | ET9: {=SUM(IF(RIGHT(OFFSET('Vacation Tracker'!$Q12:$AD12,0,ER$4))<>"O",IFERROR(--LEFT(OFFSET('Vacation Tracker'!$Q12:$AD12,0,ER$4),LEN(OFFSET('Vacation Tracker'!$Q12:$AD12,0,ER$4))-1),0)))} -> 0 | EU9: {=SUM(IF(RIGHT(OFFSET('Vacation Tracker'!$Q12:$AD12,0,ER$4))=EU$8,IFERROR(--LEFT(OFFSET('Vacation Tracker'!$Q12:$AD12,0,ER$4),LEN(OFFSET('Vacation Tracker'!$Q12:$AD12,0,ER$4))-1),0)))} -> 0 | EV9: =SUM(OFFSET('Vacation Tracker'!$Q12:$AD12,0,EV$4)) -> 0 | EW9: =EV9-EX9 -> 0 | EX9: {=SUM(IF(RIGHT(OFFSET('Vacation Tracker'!$Q12:$AD12,0,EV$4))<>"O",IFERROR(--LEFT(OFFSET('Vacation Tracker'!$Q12:$AD12,0,EV$4),LEN(OFFSET('Vacation Tracker'!$Q12:$AD12,0,EV$4))-1),0)))} -> 0 | EY9: {=SUM(IF(RIGHT(OFFSET('Vacation Tracker'!$Q12:$AD12,0,EV$4))=EY$8,IFERROR(--LEFT(OFFSET('Vacation Tracker'!$Q12:$AD12,0,EV$4),LEN(OFFSET('Vacation Tracker'!$Q12:$AD12,0,EV$4))-1),0)))} -> 0 | EZ9: =SUM(OFFSET('Vacation Tracker'!$Q12:$AD12,0,EZ$4)) -> 0 | FA9: =EZ9-FB9 -> 0 | FB9: {=SUM(IF(RIGHT(OFFSET('Vacation Tracker'!$Q12:$AD12,0,EZ$4))<>"O",IFERROR(--LEFT(OFFSET('Vacation Tracker'!$Q12:$AD12,0,EZ$4),LEN(OFFSET('Vacation Tracker'!$Q12:$AD12,0,EZ$4))-1),0)))} -> 0 | FC9: {=SUM(IF(RIGHT(OFFSET('Vacation Tracker'!$Q12:$AD12,0,EZ$4))=FC$8,IFERROR(--LEFT(OFFSET('Vacation Tracker'!$Q12:$AD12,0,EZ$4),LEN(OFFSET('Vacation Tracker'!$Q12:$AD12,0,EZ$4))-1),0)))} -> 0 | FD9: =SUM(OFFSET('Vacation Tracker'!$Q12:$AD12,0,FD$4)) -> 0 | FE9: =FD9-FF9 -> 0 | FF9: {=SUM(IF(RIGHT(OFFSET('Vacation Tracker'!$Q12:$AD12,0,FD$4))<>"O",IFERROR(--LEFT(OFFSET('Vacation Tracker'!$Q12:$AD12,0,FD$4),LEN(OFFSET('Vacation Tracker'!$Q12:$AD12,0,FD$4))-1),0)))} -> 0 | FG9: {=SUM(IF(RIGHT(OFFSET('Vacation Tracker'!$Q12:$AD12,0,FD$4))=FG$8,IFERROR(--LEFT(OFFSET('Vacation Tracker'!$Q12:$AD12,0,FD$4),LEN(OFFSET('Vacation Tracker'!$Q12:$AD12,0,FD$4))-1),0)))} -> 0 | FH9: =SUM(OFFSET('Vacation Tracker'!$Q12:$AD12,0,FH$4)) -> 0 | FI9: =FH9-FJ9 -> 0 | FJ9: {=SUM(IF(RIGHT(OFFSET('Vacation Tracker'!$Q12:$AD12,0,FH$4))<>"O",IFERROR(--LEFT(OFFSET('Vacation Tracker'!$Q12:$AD12,0,FH$4),LEN(OFFSET('Vacation Tracker'!$Q12:$AD12,0,FH$4))-1),0)))} -> 0 | FK9: {=SUM(IF(RIGHT(OFFSET('Vacation Tracker'!$Q12:$AD12,0,FH$4))=FK$8,IFERROR(--LEFT(OFFSET('Vacation Tracker'!$Q12:$AD12,0,FH$4),LEN(OFFSET('Vacation Tracker'!$Q12:$AD12,0,FH$4))-1),0)))} -> 0 | FL9: =SUM(OFFSET('Vacation Tracker'!$Q12:$AD12,0,FL$4)) -> 0 | FM9: =FL9-FN9 -> 0 | FN9: {=SUM(IF(RIGHT(OFFSET('Vacation Tracker'!$Q12:$AD12,0,FL$4))<>"O",IFERROR(--LEFT(OFFSET('Vacation Tracker'!$Q12:$AD12,0,FL$4),LEN(OFFSET('Vacation Tracker'!$Q12:$AD12,0,FL$4))-1),0)))} -> 0 | FO9: {=SUM(IF(RIGHT(OFFSET('Vacation Tracker'!$Q12:$AD12,0,FL$4))=FO$8,IFERROR(--LEFT(OFFSET('Vacation Tracker'!$Q12:$AD12,0,FL$4),LEN(OFFSET('Vacation Tracker'!$Q12:$AD12,0,FL$4))-1),0)))} -> 0 | FP9: =SUM(OFFSET('Vacation Tracker'!$Q12:$AD12,0,FP$4)) -> 0 | FQ9: =FP9-FR9 -> 0 | FR9: {=SUM(IF(RIGHT(OFFSET('Vacation Tracker'!$Q12:$AD12,0,FP$4))<>"O",IFERROR(--LEFT(OFFSET('Vacation Tracker'!$Q12:$AD12,0,FP$4),LEN(OFFSET('Vacation Tracker'!$Q12:$AD12,0,FP$4))-1),0)))} -> 0 | FS9: {=SUM(IF(RIGHT(OFFSET('Vacation Tracker'!$Q12:$AD12,0,FP$4))=FS$8,IFERROR(--LEFT(OFFSET('Vacation Tracker'!$Q12:$AD12,0,FP$4),LEN(OFFSET('Vacation Tracker'!$Q12:$AD12,0,FP$4))-1),0)))} -> 0 | FT9: =SUM(OFFSET('Vacation Tracker'!$Q12:$AD12,0,FT$4)) -> 0 | FU9: =FT9-FV9 -> 0 | FV9: {=SUM(IF(RIGHT(OFFSET('Vacation Tracker'!$Q12:$AD12,0,FT$4))<>"O",IFERROR(--LEFT(OFFSET('Vacation Tracker'!$Q12:$AD12,0,FT$4),LEN(OFFSET('Vacation Tracker'!$Q12:$AD12,0,FT$4))-1),0)))} -> 0 | FW9: {=SUM(IF(RIGHT(OFFSET('Vacation Tracker'!$Q12:$AD12,0,FT$4))=FW$8,IFERROR(--LEFT(OFFSET('Vacation Tracker'!$Q12:$AD12,0,FT$4),LEN(OFFSET('Vacation Tracker'!$Q12:$AD12,0,FT$4))-1),0)))} -> 0 | FX9: =SUM(OFFSET('Vacation Tracker'!$Q12:$AD12,0,FX$4)) -> 0 | FY9: =FX9-FZ9 -> 0 | FZ9: {=SUM(IF(RIGHT(OFFSET('Vacation Tracker'!$Q12:$AD12,0,FX$4))<>"O",IFERROR(--LEFT(OFFSET('Vacation Tracker'!$Q12:$AD12,0,FX$4),LEN(OFFSET('Vacation Tracker'!$Q12:$AD12,0,FX$4))-1),0)))} -> 0 | GA9: {=SUM(IF(RIGHT(OFFSET('Vacation Tracker'!$Q12:$AD12,0,FX$4))=GA$8,IFERROR(--LEFT(OFFSET('Vacation Tracker'!$Q12:$AD12,0,FX$4),LEN(OFFSET('Vacation Tracker'!$Q12:$AD12,0,FX$4))-1),0)))} -> 0 | GB9: =SUM(OFFSET('Vacation Tracker'!$Q12:$AD12,0,GB$4)) -> 0 | GC9: =GB9-GD9 -> 0 | GD9: {=SUM(IF(RIGHT(OFFSET('Vacation Tracker'!$Q12:$AD12,0,GB$4))<>"O",IFERROR(--LEFT(OFFSET('Vacation Tracker'!$Q12:$AD12,0,GB$4),LEN(OFFSET('Vacation Tracker'!$Q12:$AD12,0,GB$4))-1),0)))} -> 0 | GE9: {=SUM(IF(RIGHT(OFFSET('Vacation Tracker'!$Q12:$AD12,0,GB$4))=GE$8,IFERROR(--LEFT(OFFSET('Vacation Tracker'!$Q12:$AD12,0,GB$4),LEN(OFFSET('Vacation Tracker'!$Q12:$AD12,0,GB$4))-1),0)))} -> 0 | GF9: =SUM(OFFSET('Vacation Tracker'!$Q12:$AD12,0,GF$4)) -> 0 | GG9: =GF9-GH9 -> 0 | GH9: {=SUM(IF(RIGHT(OFFSET('Vacation Tracker'!$Q12:$AD12,0,GF$4))<>"O",IFERROR(--LEFT(OFFSET('Vacation Tracker'!$Q12:$AD12,0,GF$4),LEN(OFFSET('Vacation Tracker'!$Q12:$AD12,0,GF$4))-1),0)))} -> 0 | GI9: {=SUM(IF(RIGHT(OFFSET('Vacation Tracker'!$Q12:$AD12,0,GF$4))=GI$8,IFERROR(--LEFT(OFFSET('Vacation Tracker'!$Q12:$AD12,0,GF$4),LEN(OFFSET('Vacation Tracker'!$Q12:$AD12,0,GF$4))-1),0)))} -> 0 | GJ9: =SUM(OFFSET('Vacation Tracker'!$Q12:$AD12,0,GJ$4)) -> 0 | GK9: =GJ9-GL9 -> 0 | GL9: {=SUM(IF(RIGHT(OFFSET('Vacation Tracker'!$Q12:$AD12,0,GJ$4))<>"O",IFERROR(--LEFT(OFFSET('Vacation Tracker'!$Q12:$AD12,0,GJ$4),LEN(OFFSET('Vacation Tracker'!$Q12:$AD12,0,GJ$4))-1),0)))} -> 0 | GM9: {=SUM(IF(RIGHT(OFFSET('Vacation Tracker'!$Q12:$AD12,0,GJ$4))=GM$8,IFERROR(--LEFT(OFFSET('Vacation Tracker'!$Q12:$AD12,0,GJ$4),LEN(OFFSET('Vacation Tracker'!$Q12:$AD12,0,GJ$4))-1),0)))} -> 0 | GN9: =SUM(OFFSET('Vacation Tracker'!$Q12:$AD12,0,GN$4)) -> 0 | GO9: =GN9-GP9 -> 0 | GP9: {=SUM(IF(RIGHT(OFFSET('Vacation Tracker'!$Q12:$AD12,0,GN$4))<>"O",IFERROR(--LEFT(OFFSET('Vacation Tracker'!$Q12:$AD12,0,GN$4),LEN(OFFSET('Vacation Tracker'!$Q12:$AD12,0,GN$4))-1),0)))} -> 0 | GQ9: {=SUM(IF(RIGHT(OFFSET('Vacation Tracker'!$Q12:$AD12,0,GN$4))=GQ$8,IFERROR(--LEFT(OFFSET('Vacation Tracker'!$Q12:$AD12,0,GN$4),LEN(OFFSET('Vacation Tracker'!$Q12:$AD12,0,GN$4))-1),0)))} -> 0 | GR9: =SUM(OFFSET('Vacation Tracker'!$Q12:$AD12,0,GR$4)) -> 0 | GS9: =GR9-GT9 -> 0 | GT9: {=SUM(IF(RIGHT(OFFSET('Vacation Tracker'!$Q12:$AD12,0,GR$4))<>"O",IFERROR(--LEFT(OFFSET('Vacation Tracker'!$Q12:$AD12,0,GR$4),LEN(OFFSET('Vacation Tracker'!$Q12:$AD12,0,GR$4))-1),0)))} -> 0 | GU9: {=SUM(IF(RIGHT(OFFSET('Vacation Tracker'!$Q12:$AD12,0,GR$4))=GU$8,IFERROR(--LEFT(OFFSET('Vacation Tracker'!$Q12:$AD12,0,GR$4),LEN(OFFSET('Vacation Tracker'!$Q12:$AD12,0,GR$4))-1),0)))} -> 0 | GV9: =SUM(OFFSET('Vacation Tracker'!$Q12:$AD12,0,GV$4)) -> 0 | GW9: =GV9-GX9 -> 0 | GX9: {=SUM(IF(RIGHT(OFFSET('Vacation Tracker'!$Q12:$AD12,0,GV$4))<>"O",IFERROR(--LEFT(OFFSET('Vacation Tracker'!$Q12:$AD12,0,GV$4),LEN(OFFSET('Vacation Tracker'!$Q12:$AD12,0,GV$4))-1),0)))} -> 0 | GY9: {=SUM(IF(RIGHT(OFFSET('Vacation Tracker'!$Q12:$AD12,0,GV$4))=GY$8,IFERROR(--LEFT(OFFSET('Vacation Tracker'!$Q12:$AD12,0,GV$4),LEN(OFFSET('Vacation Tracker'!$Q12:$AD12,0,GV$4))-1),0)))} -> 0 | GZ9: =SUM(OFFSET('Vacation Tracker'!$Q12:$AD12,0,GZ$4)) -> 0 | HA9: =GZ9-HB9 -> 0 | HB9: {=SUM(IF(RIGHT(OFFSET('Vacation Tracker'!$Q12:$AD12,0,GZ$4))<>"O",IFERROR(--LEFT(OFFSET('Vacation Tracker'!$Q12:$AD12,0,GZ$4),LEN(OFFSET('Vacation Tracker'!$Q12:$AD12,0,GZ$4))-1),0)))} -> 0 | HC9: {=SUM(IF(RIGHT(OFFSET('Vacation Tracker'!$Q12:$AD12,0,GZ$4))=HC$8,IFERROR(--LEFT(OFFSET('Vacation Tracker'!$Q12:$AD12,0,GZ$4),LEN(OFFSET('Vacation Tracker'!$Q12:$AD12,0,GZ$4))-1),0)))} -> 0 | HD9: =SUM(OFFSET('Vacation Tracker'!$Q12:$AD12,0,HD$4)) -> 0 | HE9: =HD9-HF9 -> 0 | HF9: {=SUM(IF(RIGHT(OFFSET('Vacation Tracker'!$Q12:$AD12,0,HD$4))<>"O",IFERROR(--LEFT(OFFSET('Vacation Tracker'!$Q12:$AD12,0,HD$4),LEN(OFFSET('Vacation Tracker'!$Q12:$AD12,0,HD$4))-1),0)))} -> 0 | HG9: {=SUM(IF(RIGHT(OFFSET('Vacation Tracker'!$Q12:$AD12,0,HD$4))=HG$8,IFERROR(--LEFT(OFFSET('Vacation Tracker'!$Q12:$AD12,0,HD$4),LEN(OFFSET('Vacation Tracker'!$Q12:$AD12,0,HD$4))-1),0)))} -> 0 | HH9: =SUM(OFFSET('Vacation Tracker'!$Q12:$AD12,0,HH$4)) -> 0 | HI9: =HH9-HJ9 -> 0 | HJ9: {=SUM(IF(RIGHT(OFFSET('Vacation Tracker'!$Q12:$AD12,0,HH$4))<>"O",IFERROR(--LEFT(OFFSET('Vacation Tracker'!$Q12:$AD12,0,HH$4),LEN(OFFSET('Vacation Tracker'!$Q12:$AD12,0,HH$4))-1),0)))} -> 0 | HK9: {=SUM(IF(RIGHT(OFFSET('Vacation Tracker'!$Q12:$AD12,0,HH$4))=HK$8,IFERROR(--LEFT(OFFSET('Vacation Tracker'!$Q12:$AD12,0,HH$4),LEN(OFFSET('Vacation Tracker'!$Q12:$AD12,0,HH$4))-1),0)))} -> 0 | HL9: =SUM(OFFSET('Vacation Tracker'!$Q12:$AD12,0,HL$4)) -> 0 | HM9: =HL9-HN9 -> 0 | HN9: {=SUM(IF(RIGHT(OFFSET('Vacation Tracker'!$Q12:$AD12,0,HL$4))<>"O",IFERROR(--LEFT(OFFSET('Vacation Tracker'!$Q12:$AD12,0,HL$4),LEN(OFFSET('Vacation Tracker'!$Q12:$AD12,0,HL$4))-1),0)))} -> 0 | HO9: {=SUM(IF(RIGHT(OFFSET('Vacation Tracker'!$Q12:$AD12,0,HL$4))=HO$8,IFERROR(--LEFT(OFFSET('Vacation Tracker'!$Q12:$AD12,0,HL$4),LEN(OFFSET('Vacation Tracker'!$Q12:$AD12,0,HL$4))-1),0)))} -> 0 | HP9: =SUM(OFFSET('Vacation Tracker'!$Q12:$AD12,0,HP$4)) -> 0 | HQ9: =HP9-HR9 -> 0 | HR9: {=SUM(IF(RIGHT(OFFSET('Vacation Tracker'!$Q12:$AD12,0,HP$4))<>"O",IFERROR(--LEFT(OFFSET('Vacation Tracker'!$Q12:$AD12,0,HP$4),LEN(OFFSET('Vacation Tracker'!$Q12:$AD12,0,HP$4))-1),0)))} -> 0 | HS9: {=SUM(IF(RIGHT(OFFSET('Vacation Tracker'!$Q12:$AD12,0,HP$4))=HS$8,IFERROR(--LEFT(OFFSET('Vacation Tracker'!$Q12:$AD12,0,HP$4),LEN(OFFSET('Vacation Tracker'!$Q12:$AD12,0,HP$4))-1),0)))} -> 0
B10: =IF('Vacation Tracker'!B13<>"",'Vacation Tracker'!B13,"") -> 2 | C10: =IF('Vacation Tracker'!C13<>"",'Vacation Tracker'!C13,"") -> John Doe 2 | D10: =IF('Vacation Tracker'!D13<>"",'Vacation Tracker'!D13,"") -> 44931 | E10: =IF('Vacation Tracker'!E13<>"",'Vacation Tracker'!E13,"") -> 45203 | F10: =IF('Vacation Tracker'!F13<>"",'Vacation Tracker'!F13,"") -> Marketing | G10: =IF('Vacation Tracker'!G13<>"",'Vacation Tracker'!G13,"") -> Permanent | H10: =IF($C10<>"",SUMPRODUCT(($L$8:$FU$8=H$8)*$L10:$FU10),"") -> 0 | I10: =IF($C10<>"",SUMPRODUCT(($L$8:$FU$8=I$8)*$L10:$FU10),"") -> 0 | J10: =IF($C10<>"",SUMPRODUCT(($L$8:$FU$8=J$8)*$L10:$FU10),"") -> 0 | K10: =IF($C10<>"",SUMPRODUCT(($L$8:$FU$8=K$8)*$L10:$FU10),"") -> 0 | L10: =SUM(OFFSET('Vacation Tracker'!$Q13:$AD13,0,L$4)) -> 0 | M10: =L10-N10 -> 0 | N10: {=SUM(IF(RIGHT(OFFSET('Vacation Tracker'!$Q13:$AD13,0,L$4))<>"O",IFERROR(--LEFT(OFFSET('Vacation Tracker'!$Q13:$AD13,0,L$4),LEN(OFFSET('Vacation Tracker'!$Q13:$AD13,0,L$4))-1),0)))} -> 0 | O10: {=SUM(IF(RIGHT(OFFSET('Vacation Tracker'!$Q13:$AD13,0,L$4))=O$8,IFERROR(--LEFT(OFFSET('Vacation Tracker'!$Q13:$AD13,0,L$4),LEN(OFFSET('Vacation Tracker'!$Q13:$AD13,0,L$4))-1),0)))} -> 0 | P10: =SUM(OFFSET('Vacation Tracker'!$Q13:$AD13,0,P$4)) -> 0 | Q10: =P10-R10 -> 0 | R10: {=SUM(IF(RIGHT(OFFSET('Vacation Tracker'!$Q13:$AD13,0,P$4))<>"O",IFERROR(--LEFT(OFFSET('Vacation Tracker'!$Q13:$AD13,0,P$4),LEN(OFFSET('Vacation Tracker'!$Q13:$AD13,0,P$4))-1),0)))} -> 0 | S10: {=SUM(IF(RIGHT(OFFSET('Vacation Tracker'!$Q13:$AD13,0,P$4))=S$8,IFERROR(--LEFT(OFFSET('Vacation Tracker'!$Q13:$AD13,0,P$4),LEN(OFFSET('Vacation Tracker'!$Q13:$AD13,0,P$4))-1),0)))} -> 0 | T10: =SUM(OFFSET('Vacation Tracker'!$Q13:$AD13,0,T$4)) -> 0 | U10: =T10-V10 -> 0 | V10: {=SUM(IF(RIGHT(OFFSET('Vacation Tracker'!$Q13:$AD13,0,T$4))<>"O",IFERROR(--LEFT(OFFSET('Vacation Tracker'!$Q13:$AD13,0,T$4),LEN(OFFSET('Vacation Tracker'!$Q13:$AD13,0,T$4))-1),0)))} -> 0 | W10: {=SUM(IF(RIGHT(OFFSET('Vacation Tracker'!$Q13:$AD13,0,T$4))=W$8,IFERROR(--LEFT(OFFSET('Vacation Tracker'!$Q13:$AD13,0,T$4),LEN(OFFSET('Vacation Tracker'!$Q13:$AD13,0,T$4))-1),0)))} -> 0 | X10: =SUM(OFFSET('Vacation Tracker'!$Q13:$AD13,0,X$4)) -> 0 | Y10: =X10-Z10 -> 0 | Z10: {=SUM(IF(RIGHT(OFFSET('Vacation Tracker'!$Q13:$AD13,0,X$4))<>"O",IFERROR(--LEFT(OFFSET('Vacation Tracker'!$Q13:$AD13,0,X$4),LEN(OFFSET('Vacation Tracker'!$Q13:$AD13,0,X$4))-1),0)))} -> 0 | AA10: {=SUM(IF(RIGHT(OFFSET('Vacation Tracker'!$Q13:$AD13,0,X$4))=AA$8,IFERROR(--LEFT(OFFSET('Vacation Tracker'!$Q13:$AD13,0,X$4),LEN(OFFSET('Vacation Tracker'!$Q13:$AD13,0,X$4))-1),0)))} -> 0 | AB10: =SUM(OFFSET('Vacation Tracker'!$Q13:$AD13,0,AB$4)) -> 0 | AC10: =AB10-AD10 -> 0 | AD10: {=SUM(IF(RIGHT(OFFSET('Vacation Tracker'!$Q13:$AD13,0,AB$4))<>"O",IFERROR(--LEFT(OFFSET('Vacation Tracker'!$Q13:$AD13,0,AB$4),LEN(OFFSET('Vacation Tracker'!$Q13:$AD13,0,AB$4))-1),0)))} -> 0 | AE10: {=SUM(IF(RIGHT(OFFSET('Vacation Tracker'!$Q13:$AD13,0,AB$4))=AE$8,IFERROR(--LEFT(OFFSET('Vacation Tracker'!$Q13:$AD13,0,AB$4),LEN(OFFSET('Vacation Tracker'!$Q13:$AD13,0,AB$4))-1),0)))} -> 0 | AF10: =SUM(OFFSET('Vacation Tracker'!$Q13:$AD13,0,AF$4)) -> 0 | AG10: =AF10-AH10 -> 0 | AH10: {=SUM(IF(RIGHT(OFFSET('Vacation Tracker'!$Q13:$AD13,0,AF$4))<>"O",IFERROR(--LEFT(OFFSET('Vacation Tracker'!$Q13:$AD13,0,AF$4),LEN(OFFSET('Vacation Tracker'!$Q13:$AD13,0,AF$4))-1),0)))} -> 0 | AI10: {=SUM(IF(RIGHT(OFFSET('Vacation Tracker'!$Q13:$AD13,0,AF$4))=AI$8,IFERROR(--LEFT(OFFSET('Vacation Tracker'!$Q13:$AD13,0,AF$4),LEN(OFFSET('Vacation Tracker'!$Q13:$AD13,0,AF$4))-1),0)))} -> 0 | AJ10: =SUM(OFFSET('Vacation Tracker'!$Q13:$AD13,0,AJ$4)) -> 0 | AK10: =AJ10-AL10 -> 0 | AL10: {=SUM(IF(RIGHT(OFFSET('Vacation Tracker'!$Q13:$AD13,0,AJ$4))<>"O",IFERROR(--LEFT(OFFSET('Vacation Tracker'!$Q13:$AD13,0,AJ$4),LEN(OFFSET('Vacation Tracker'!$Q13:$AD13,0,AJ$4))-1),0)))} -> 0 | AM10: {=SUM(IF(RIGHT(OFFSET('Vacation Tracker'!$Q13:$AD13,0,AJ$4))=AM$8,IFERROR(--LEFT(OFFSET('Vacation Tracker'!$Q13:$AD13,0,AJ$4),LEN(OFFSET('Vacation Tracker'!$Q13:$AD13,0,AJ$4))-1),0)))} -> 0 | AN10: =SUM(OFFSET('Vacation Tracker'!$Q13:$AD13,0,AN$4)) -> 0 | AO10: =AN10-AP10 -> 0 | AP10: {=SUM(IF(RIGHT(OFFSET('Vacation Tracker'!$Q13:$AD13,0,AN$4))<>"O",IFERROR(--LEFT(OFFSET('Vacation Tracker'!$Q13:$AD13,0,AN$4),LEN(OFFSET('Vacation Tracker'!$Q13:$AD13,0,AN$4))-1),0)))} -> 0 | AQ10: {=SUM(IF(RIGHT(OFFSET('Vacation Tracker'!$Q13:$AD13,0,AN$4))=AQ$8,IFERROR(--LEFT(OFFSET('Vacation Tracker'!$Q13:$AD13,0,AN$4),LEN(OFFSET('Vacation Tracker'!$Q13:$AD13,0,AN$4))-1),0)))} -> 0 | AR10: =SUM(OFFSET('Vacation Tracker'!$Q13:$AD13,0,AR$4)) -> 0 | AS10: =AR10-AT10 -> 0 | AT10: {=SUM(IF(RIGHT(OFFSET('Vacation Tracker'!$Q13:$AD13,0,AR$4))<>"O",IFERROR(--LEFT(OFFSET('Vacation Tracker'!$Q13:$AD13,0,AR$4),LEN(OFFSET('Vacation Tracker'!$Q13:$AD13,0,AR$4))-1),0)))} -> 0 | AU10: {=SUM(IF(RIGHT(OFFSET('Vacation Tracker'!$Q13:$AD13,0,AR$4))=AU$8,IFERROR(--LEFT(OFFSET('Vacation Tracker'!$Q13:$AD13,0,AR$4),LEN(OFFSET('Vacation Tracker'!$Q13:$AD13,0,AR$4))-1),0)))} -> 0 | AV10: =SUM(OFFSET('Vacation Tracker'!$Q13:$AD13,0,AV$4)) -> 0 | AW10: =AV10-AX10 -> 0 | AX10: {=SUM(IF(RIGHT(OFFSET('Vacation Tracker'!$Q13:$AD13,0,AV$4))<>"O",IFERROR(--LEFT(OFFSET('Vacation Tracker'!$Q13:$AD13,0,AV$4),LEN(OFFSET('Vacation Tracker'!$Q13:$AD13,0,AV$4))-1),0)))} -> 0 | AY10: {=SUM(IF(RIGHT(OFFSET('Vacation Tracker'!$Q13:$AD13,0,AV$4))=AY$8,IFERROR(--LEFT(OFFSET('Vacation Tracker'!$Q13:$AD13,0,AV$4),LEN(OFFSET('Vacation Tracker'!$Q13:$AD13,0,AV$4))-1),0)))} -> 0 | AZ10: =SUM(OFFSET('Vacation Tracker'!$Q13:$AD13,0,AZ$4)) -> 0 | BA10: =AZ10-BB10 -> 0 | BB10: {=SUM(IF(RIGHT(OFFSET('Vacation Tracker'!$Q13:$AD13,0,AZ$4))<>"O",IFERROR(--LEFT(OFFSET('Vacation Tracker'!$Q13:$AD13,0,AZ$4),LEN(OFFSET('Vacation Tracker'!$Q13:$AD13,0,AZ$4))-1),0)))} -> 0 | BC10: {=SUM(IF(RIGHT(OFFSET('Vacation Tracker'!$Q13:$AD13,0,AZ$4))=BC$8,IFERROR(--LEFT(OFFSET('Vacation Tracker'!$Q13:$AD13,0,AZ$4),LEN(OFFSET('Vacation Tracker'!$Q13:$AD13,0,AZ$4))-1),0)))} -> 0 | BD10: =SUM(OFFSET('Vacation Tracker'!$Q13:$AD13,0,BD$4)) -> 0 | BE10: =BD10-BF10 -> 0 | BF10: {=SUM(IF(RIGHT(OFFSET('Vacation Tracker'!$Q13:$AD13,0,BD$4))<>"O",IFERROR(--LEFT(OFFSET('Vacation Tracker'!$Q13:$AD13,0,BD$4),LEN(OFFSET('Vacation Tracker'!$Q13:$AD13,0,BD$4))-1),0)))} -> 0 | BG10: {=SUM(IF(RIGHT(OFFSET('Vacation Tracker'!$Q13:$AD13,0,BD$4))=BG$8,IFERROR(--LEFT(OFFSET('Vacation Tracker'!$Q13:$AD13,0,BD$4),LEN(OFFSET('Vacation Tracker'!$Q13:$AD13,0,BD$4))-1),0)))} -> 0 | BH10: =SUM(OFFSET('Vacation Tracker'!$Q13:$AD13,0,BH$4)) -> 0 | BI10: =BH10-BJ10 -> 0 | BJ10: {=SUM(IF(RIGHT(OFFSET('Vacation Tracker'!$Q13:$AD13,0,BH$4))<>"O",IFERROR(--LEFT(OFFSET('Vacation Tracker'!$Q13:$AD13,0,BH$4),LEN(OFFSET('Vacation Tracker'!$Q13:$AD13,0,BH$4))-1),0)))} -> 0 | BK10: {=SUM(IF(RIGHT(OFFSET('Vacation Tracker'!$Q13:$AD13,0,BH$4))=BK$8,IFERROR(--LEFT(OFFSET('Vacation Tracker'!$Q13:$AD13,0,BH$4),LEN(OFFSET('Vacation Tracker'!$Q13:$AD13,0,BH$4))-1),0)))} -> 0 | BL10: =SUM(OFFSET('Vacation Tracker'!$Q13:$AD13,0,BL$4)) -> 0 | BM10: =BL10-BN10 -> 0 | BN10: {=SUM(IF(RIGHT(OFFSET('Vacation Tracker'!$Q13:$AD13,0,BL$4))<>"O",IFERROR(--LEFT(OFFSET('Vacation Tracker'!$Q13:$AD13,0,BL$4),LEN(OFFSET('Vacation Tracker'!$Q13:$AD13,0,BL$4))-1),0)))} -> 0 | BO10: {=SUM(IF(RIGHT(OFFSET('Vacation Tracker'!$Q13:$AD13,0,BL$4))=BO$8,IFERROR(--LEFT(OFFSET('Vacation Tracker'!$Q13:$AD13,0,BL$4),LEN(OFFSET('Vacation Tracker'!$Q13:$AD13,0,BL$4))-1),0)))} -> 0 | BP10: =SUM(OFFSET('Vacation Tracker'!$Q13:$AD13,0,BP$4)) -> 0 | BQ10: =BP10-BR10 -> 0 | BR10: {=SUM(IF(RIGHT(OFFSET('Vacation Tracker'!$Q13:$AD13,0,BP$4))<>"O",IFERROR(--LEFT(OFFSET('Vacation Tracker'!$Q13:$AD13,0,BP$4),LEN(OFFSET('Vacation Tracker'!$Q13:$AD13,0,BP$4))-1),0)))} -> 0 | BS10: {=SUM(IF(RIGHT(OFFSET('Vacation Tracker'!$Q13:$AD13,0,BP$4))=BS$8,IFERROR(--LEFT(OFFSET('Vacation Tracker'!$Q13:$AD13,0,BP$4),LEN(OFFSET('Vacation Tracker'!$Q13:$AD13,0,BP$4))-1),0)))} -> 0 | BT10: =SUM(OFFSET('Vacation Tracker'!$Q13:$AD13,0,BT$4)) -> 0 | BU10: =BT10-BV10 -> 0 | BV10: {=SUM(IF(RIGHT(OFFSET('Vacation Tracker'!$Q13:$AD13,0,BT$4))<>"O",IFERROR(--LEFT(OFFSET('Vacation Tracker'!$Q13:$AD13,0,BT$4),LEN(OFFSET('Vacation Tracker'!$Q13:$AD13,0,BT$4))-1),0)))} -> 0 | BW10: {=SUM(IF(RIGHT(OFFSET('Vacation Tracker'!$Q13:$AD13,0,BT$4))=BW$8,IFERROR(--LEFT(OFFSET('Vacation Tracker'!$Q13:$AD13,0,BT$4),LEN(OFFSET('Vacation Tracker'!$Q13:$AD13,0,BT$4))-1),0)))} -> 0 | BX10: =SUM(OFFSET('Vacation Tracker'!$Q13:$AD13,0,BX$4)) -> 0 | BY10: =BX10-BZ10 -> 0 | BZ10: {=SUM(IF(RIGHT(OFFSET('Vacation Tracker'!$Q13:$AD13,0,BX$4))<>"O",IFERROR(--LEFT(OFFSET('Vacation Tracker'!$Q13:$AD13,0,BX$4),LEN(OFFSET('Vacation Tracker'!$Q13:$AD13,0,BX$4))-1),0)))} -> 0 | CA10: {=SUM(IF(RIGHT(OFFSET('Vacation Tracker'!$Q13:$AD13,0,BX$4))=CA$8,IFERROR(--LEFT(OFFSET('Vacation Tracker'!$Q13:$AD13,0,BX$4),LEN(OFFSET('Vacation Tracker'!$Q13:$AD13,0,BX$4))-1),0)))} -> 0 | CB10: =SUM(OFFSET('Vacation Tracker'!$Q13:$AD13,0,CB$4)) -> 0 | CC10: =CB10-CD10 -> 0 | CD10: {=SUM(IF(RIGHT(OFFSET('Vacation Tracker'!$Q13:$AD13,0,CB$4))<>"O",IFERROR(--LEFT(OFFSET('Vacation Tracker'!$Q13:$AD13,0,CB$4),LEN(OFFSET('Vacation Tracker'!$Q13:$AD13,0,CB$4))-1),0)))} -> 0 | CE10: {=SUM(IF(RIGHT(OFFSET('Vacation Tracker'!$Q13:$AD13,0,CB$4))=CE$8,IFERROR(--LEFT(OFFSET('Vacation Tracker'!$Q13:$AD13,0,CB$4),LEN(OFFSET('Vacation Tracker'!$Q13:$AD13,0,CB$4))-1),0)))} -> 0 | CF10: =SUM(OFFSET('Vacation Tracker'!$Q13:$AD13,0,CF$4)) -> 0 | CG10: =CF10-CH10 -> 0 | CH10: {=SUM(IF(RIGHT(OFFSET('Vacation Tracker'!$Q13:$AD13,0,CF$4))<>"O",IFERROR(--LEFT(OFFSET('Vacation Tracker'!$Q13:$AD13,0,CF$4),LEN(OFFSET('Vacation Tracker'!$Q13:$AD13,0,CF$4))-1),0)))} -> 0 | CI10: {=SUM(IF(RIGHT(OFFSET('Vacation Tracker'!$Q13:$AD13,0,CF$4))=CI$8,IFERROR(--LEFT(OFFSET('Vacation Tracker'!$Q13:$AD13,0,CF$4),LEN(OFFSET('Vacation Tracker'!$Q13:$AD13,0,CF$4))-1),0)))} -> 0 | CJ10: =SUM(OFFSET('Vacation Tracker'!$Q13:$AD13,0,CJ$4)) -> 0 | CK10: =CJ10-CL10 -> 0 | CL10: {=SUM(IF(RIGHT(OFFSET('Vacation Tracker'!$Q13:$AD13,0,CJ$4))<>"O",IFERROR(--LEFT(OFFSET('Vacation Tracker'!$Q13:$AD13,0,CJ$4),LEN(OFFSET('Vacation Tracker'!$Q13:$AD13,0,CJ$4))-1),0)))} -> 0 | CM10: {=SUM(IF(RIGHT(OFFSET('Vacation Tracker'!$Q13:$AD13,0,CJ$4))=CM$8,IFERROR(--LEFT(OFFSET('Vacation Tracker'!$Q13:$AD13,0,CJ$4),LEN(OFFSET('Vacation Tracker'!$Q13:$AD13,0,CJ$4))-1),0)))} -> 0 | CN10: =SUM(OFFSET('Vacation Tracker'!$Q13:$AD13,0,CN$4)) -> 0 | CO10: =CN10-CP10 -> 0 | CP10: {=SUM(IF(RIGHT(OFFSET('Vacation Tracker'!$Q13:$AD13,0,CN$4))<>"O",IFERROR(--LEFT(OFFSET('Vacation Tracker'!$Q13:$AD13,0,CN$4),LEN(OFFSET('Vacation Tracker'!$Q13:$AD13,0,CN$4))-1),0)))} -> 0 | CQ10: {=SUM(IF(RIGHT(OFFSET('Vacation Tracker'!$Q13:$AD13,0,CN$4))=CQ$8,IFERROR(--LEFT(OFFSET('Vacation Tracker'!$Q13:$AD13,0,CN$4),LEN(OFFSET('Vacation Tracker'!$Q13:$AD13,0,CN$4))-1),0)))} -> 0 | CR10: =SUM(OFFSET('Vacation Tracker'!$Q13:$AD13,0,CR$4)) -> 0 | CS10: =CR10-CT10 -> 0 | CT10: {=SUM(IF(RIGHT(OFFSET('Vacation Tracker'!$Q13:$AD13,0,CR$4))<>"O",IFERROR(--LEFT(OFFSET('Vacation Tracker'!$Q13:$AD13,0,CR$4),LEN(OFFSET('Vacation Tracker'!$Q13:$AD13,0,CR$4))-1),0)))} -> 0 | CU10: {=SUM(IF(RIGHT(OFFSET('Vacation Tracker'!$Q13:$AD13,0,CR$4))=CU$8,IFERROR(--LEFT(OFFSET('Vacation Tracker'!$Q13:$AD13,0,CR$4),LEN(OFFSET('Vacation Tracker'!$Q13:$AD13,0,CR$4))-1),0)))} -> 0 | CV10: =SUM(OFFSET('Vacation Tracker'!$Q13:$AD13,0,CV$4)) -> 0 | CW10: =CV10-CX10 -> 0 | CX10: {=SUM(IF(RIGHT(OFFSET('Vacation Tracker'!$Q13:$AD13,0,CV$4))<>"O",IFERROR(--LEFT(OFFSET('Vacation Tracker'!$Q13:$AD13,0,CV$4),LEN(OFFSET('Vacation Tracker'!$Q13:$AD13,0,CV$4))-1),0)))} -> 0 | CY10: {=SUM(IF(RIGHT(OFFSET('Vacation Tracker'!$Q13:$AD13,0,CV$4))=CY$8,IFERROR(--LEFT(OFFSET('Vacation Tracker'!$Q13:$AD13,0,CV$4),LEN(OFFSET('Vacation Tracker'!$Q13:$AD13,0,CV$4))-1),0)))} -> 0 | CZ10: =SUM(OFFSET('Vacation Tracker'!$Q13:$AD13,0,CZ$4)) -> 0 | DA10: =CZ10-DB10 -> 0 | DB10: {=SUM(IF(RIGHT(OFFSET('Vacation Tracker'!$Q13:$AD13,0,CZ$4))<>"O",IFERROR(--LEFT(OFFSET('Vacation Tracker'!$Q13:$AD13,0,CZ$4),LEN(OFFSET('Vacation Tracker'!$Q13:$AD13,0,CZ$4))-1),0)))} -> 0 | DC10: {=SUM(IF(RIGHT(OFFSET('Vacation Tracker'!$Q13:$AD13,0,CZ$4))=DC$8,IFERROR(--LEFT(OFFSET('Vacation Tracker'!$Q13:$AD13,0,CZ$4),LEN(OFFSET('Vacation Tracker'!$Q13:$AD13,0,CZ$4))-1),0)))} -> 0 | DD10: =SUM(OFFSET('Vacation Tracker'!$Q13:$AD13,0,DD$4)) -> 0 | DE10: =DD10-DF10 -> 0 | DF10: {=SUM(IF(RIGHT(OFFSET('Vacation Tracker'!$Q13:$AD13,0,DD$4))<>"O",IFERROR(--LEFT(OFFSET('Vacation Tracker'!$Q13:$AD13,0,DD$4),LEN(OFFSET('Vacation Tracker'!$Q13:$AD13,0,DD$4))-1),0)))} -> 0 | DG10: {=SUM(IF(RIGHT(OFFSET('Vacation Tracker'!$Q13:$AD13,0,DD$4))=DG$8,IFERROR(--LEFT(OFFSET('Vacation Tracker'!$Q13:$AD13,0,DD$4),LEN(OFFSET('Vacation Tracker'!$Q13:$AD13,0,DD$4))-1),0)))} -> 0 | DH10: =SUM(OFFSET('Vacation Tracker'!$Q13:$AD13,0,DH$4)) -> 0 | DI10: =DH10-DJ10 -> 0 | DJ10: {=SUM(IF(RIGHT(OFFSET('Vacation Tracker'!$Q13:$AD13,0,DH$4))<>"O",IFERROR(--LEFT(OFFSET('Vacation Tracker'!$Q13:$AD13,0,DH$4),LEN(OFFSET('Vacation Tracker'!$Q13:$AD13,0,DH$4))-1),0)))} -> 0 | DK10: {=SUM(IF(RIGHT(OFFSET('Vacation Tracker'!$Q13:$AD13,0,DH$4))=DK$8,IFERROR(--LEFT(OFFSET('Vacation Tracker'!$Q13:$AD13,0,DH$4),LEN(OFFSET('Vacation Tracker'!$Q13:$AD13,0,DH$4))-1),0)))} -> 0 | DL10: =SUM(OFFSET('Vacation Tracker'!$Q13:$AD13,0,DL$4)) -> 0 | DM10: =DL10-DN10 -> 0 | DN10: {=SUM(IF(RIGHT(OFFSET('Vacation Tracker'!$Q13:$AD13,0,DL$4))<>"O",IFERROR(--LEFT(OFFSET('Vacation Tracker'!$Q13:$AD13,0,DL$4),LEN(OFFSET('Vacation Tracker'!$Q13:$AD13,0,DL$4))-1),0)))} -> 0 | DO10: {=SUM(IF(RIGHT(OFFSET('Vacation Tracker'!$Q13:$AD13,0,DL$4))=DO$8,IFERROR(--LEFT(OFFSET('Vacation Tracker'!$Q13:$AD13,0,DL$4),LEN(OFFSET('Vacation Tracker'!$Q13:$AD13,0,DL$4))-1),0)))} -> 0 | DP10: =SUM(OFFSET('Vacation Tracker'!$Q13:$AD13,0,DP$4)) -> 0 | DQ10: =DP10-DR10 -> 0 | DR10: {=SUM(IF(RIGHT(OFFSET('Vacation Tracker'!$Q13:$AD13,0,DP$4))<>"O",IFERROR(--LEFT(OFFSET('Vacation Tracker'!$Q13:$AD13,0,DP$4),LEN(OFFSET('Vacation Tracker'!$Q13:$AD13,0,DP$4))-1),0)))} -> 0 | DS10: {=SUM(IF(RIGHT(OFFSET('Vacation Tracker'!$Q13:$AD13,0,DP$4))=DS$8,IFERROR(--LEFT(OFFSET('Vacation Tracker'!$Q13:$AD13,0,DP$4),LEN(OFFSET('Vacation Tracker'!$Q13:$AD13,0,DP$4))-1),0)))} -> 0 | DT10: =SUM(OFFSET('Vacation Tracker'!$Q13:$AD13,0,DT$4)) -> 0 | DU10: =DT10-DV10 -> 0 | DV10: {=SUM(IF(RIGHT(OFFSET('Vacation Tracker'!$Q13:$AD13,0,DT$4))<>"O",IFERROR(--LEFT(OFFSET('Vacation Tracker'!$Q13:$AD13,0,DT$4),LEN(OFFSET('Vacation Tracker'!$Q13:$AD13,0,DT$4))-1),0)))} -> 0 | DW10: {=SUM(IF(RIGHT(OFFSET('Vacation Tracker'!$Q13:$AD13,0,DT$4))=DW$8,IFERROR(--LEFT(OFFSET('Vacation Tracker'!$Q13:$AD13,0,DT$4),LEN(OFFSET('Vacation Tracker'!$Q13:$AD13,0,DT$4))-1),0)))} -> 0 | DX10: =SUM(OFFSET('Vacation Tracker'!$Q13:$AD13,0,DX$4)) -> 0 | DY10: =DX10-DZ10 -> 0 | DZ10: {=SUM(IF(RIGHT(OFFSET('Vacation Tracker'!$Q13:$AD13,0,DX$4))<>"O",IFERROR(--LEFT(OFFSET('Vacation Tracker'!$Q13:$AD13,0,DX$4),LEN(OFFSET('Vacation Tracker'!$Q13:$AD13,0,DX$4))-1),0)))} -> 0 | EA10: {=SUM(IF(RIGHT(OFFSET('Vacation Tracker'!$Q13:$AD13,0,DX$4))=EA$8,IFERROR(--LEFT(OFFSET('Vacation Tracker'!$Q13:$AD13,0,DX$4),LEN(OFFSET('Vacation Tracker'!$Q13:$AD13,0,DX$4))-1),0)))} -> 0 | EB10: =SUM(OFFSET('Vacation Tracker'!$Q13:$AD13,0,EB$4)) -> 0 | EC10: =EB10-ED10 -> 0 | ED10: {=SUM(IF(RIGHT(OFFSET('Vacation Tracker'!$Q13:$AD13,0,EB$4))<>"O",IFERROR(--LEFT(OFFSET('Vacation Tracker'!$Q13:$AD13,0,EB$4),LEN(OFFSET('Vacation Tracker'!$Q13:$AD13,0,EB$4))-1),0)))} -> 0 | EE10: {=SUM(IF(RIGHT(OFFSET('Vacation Tracker'!$Q13:$AD13,0,EB$4))=EE$8,IFERROR(--LEFT(OFFSET('Vacation Tracker'!$Q13:$AD13,0,EB$4),LEN(OFFSET('Vacation Tracker'!$Q13:$AD13,0,EB$4))-1),0)))} -> 0 | EF10: =SUM(OFFSET('Vacation Tracker'!$Q13:$AD13,0,EF$4)) -> 0 | EG10: =EF10-EH10 -> 0 | EH10: {=SUM(IF(RIGHT(OFFSET('Vacation Tracker'!$Q13:$AD13,0,EF$4))<>"O",IFERROR(--LEFT(OFFSET('Vacation Tracker'!$Q13:$AD13,0,EF$4),LEN(OFFSET('Vacation Tracker'!$Q13:$AD13,0,EF$4))-1),0)))} -> 0 | EI10: {=SUM(IF(RIGHT(OFFSET('Vacation Tracker'!$Q13:$AD13,0,EF$4))=EI$8,IFERROR(--LEFT(OFFSET('Vacation Tracker'!$Q13:$AD13,0,EF$4),LEN(OFFSET('Vacation Tracker'!$Q13:$AD13,0,EF$4))-1),0)))} -> 0 | EJ10: =SUM(OFFSET('Vacation Tracker'!$Q13:$AD13,0,EJ$4)) -> 0 | EK10: =EJ10-EL10 -> 0 | EL10: {=SUM(IF(RIGHT(OFFSET('Vacation Tracker'!$Q13:$AD13,0,EJ$4))<>"O",IFERROR(--LEFT(OFFSET('Vacation Tracker'!$Q13:$AD13,0,EJ$4),LEN(OFFSET('Vacation Tracker'!$Q13:$AD13,0,EJ$4))-1),0)))} -> 0 | EM10: {=SUM(IF(RIGHT(OFFSET('Vacation Tracker'!$Q13:$AD13,0,EJ$4))=EM$8,IFERROR(--LEFT(OFFSET('Vacation Tracker'!$Q13:$AD13,0,EJ$4),LEN(OFFSET('Vacation Tracker'!$Q13:$AD13,0,EJ$4))-1),0)))} -> 0 | EN10: =SUM(OFFSET('Vacation Tracker'!$Q13:$AD13,0,EN$4)) -> 0 | EO10: =EN10-EP10 -> 0 | EP10: {=SUM(IF(RIGHT(OFFSET('Vacation Tracker'!$Q13:$AD13,0,EN$4))<>"O",IFERROR(--LEFT(OFFSET('Vacation Tracker'!$Q13:$AD13,0,EN$4),LEN(OFFSET('Vacation Tracker'!$Q13:$AD13,0,EN$4))-1),0)))} -> 0 | EQ10: {=SUM(IF(RIGHT(OFFSET('Vacation Tracker'!$Q13:$AD13,0,EN$4))=EQ$8,IFERROR(--LEFT(OFFSET('Vacation Tracker'!$Q13:$AD13,0,EN$4),LEN(OFFSET('Vacation Tracker'!$Q13:$AD13,0,EN$4))-1),0)))} -> 0 | ER10: =SUM(OFFSET('Vacation Tracker'!$Q13:$AD13,0,ER$4)) -> 0 | ES10: =ER10-ET10 -> 0 | ET10: {=SUM(IF(RIGHT(OFFSET('Vacation Tracker'!$Q13:$AD13,0,ER$4))<>"O",IFERROR(--LEFT(OFFSET('Vacation Tracker'!$Q13:$AD13,0,ER$4),LEN(OFFSET('Vacation Tracker'!$Q13:$AD13,0,ER$4))-1),0)))} -> 0 | EU10: {=SUM(IF(RIGHT(OFFSET('Vacation Tracker'!$Q13:$AD13,0,ER$4))=EU$8,IFERROR(--LEFT(OFFSET('Vacation Tracker'!$Q13:$AD13,0,ER$4),LEN(OFFSET('Vacation Tracker'!$Q13:$AD13,0,ER$4))-1),0)))} -> 0 | EV10: =SUM(OFFSET('Vacation Tracker'!$Q13:$AD13,0,EV$4)) -> 0 | EW10: =EV10-EX10 -> 0 | EX10: {=SUM(IF(RIGHT(OFFSET('Vacation Tracker'!$Q13:$AD13,0,EV$4))<>"O",IFERROR(--LEFT(OFFSET('Vacation Tracker'!$Q13:$AD13,0,EV$4),LEN(OFFSET('Vacation Tracker'!$Q13:$AD13,0,EV$4))-1),0)))} -> 0 | EY10: {=SUM(IF(RIGHT(OFFSET('Vacation Tracker'!$Q13:$AD13,0,EV$4))=EY$8,IFERROR(--LEFT(OFFSET('Vacation Tracker'!$Q13:$AD13,0,EV$4),LEN(OFFSET('Vacation Tracker'!$Q13:$AD13,0,EV$4))-1),0)))} -> 0 | EZ10: =SUM(OFFSET('Vacation Tracker'!$Q13:$AD13,0,EZ$4)) -> 0 | FA10: =EZ10-FB10 -> 0 | FB10: {=SUM(IF(RIGHT(OFFSET('Vacation Tracker'!$Q13:$AD13,0,EZ$4))<>"O",IFERROR(--LEFT(OFFSET('Vacation Tracker'!$Q13:$AD13,0,EZ$4),LEN(OFFSET('Vacation Tracker'!$Q13:$AD13,0,EZ$4))-1),0)))} -> 0 | FC10: {=SUM(IF(RIGHT(OFFSET('Vacation Tracker'!$Q13:$AD13,0,EZ$4))=FC$8,IFERROR(--LEFT(OFFSET('Vacation Tracker'!$Q13:$AD13,0,EZ$4),LEN(OFFSET('Vacation Tracker'!$Q13:$AD13,0,EZ$4))-1),0)))} -> 0 | FD10: =SUM(OFFSET('Vacation Tracker'!$Q13:$AD13,0,FD$4)) -> 0 | FE10: =FD10-FF10 -> 0 | FF10: {=SUM(IF(RIGHT(OFFSET('Vacation Tracker'!$Q13:$AD13,0,FD$4))<>"O",IFERROR(--LEFT(OFFSET('Vacation Tracker'!$Q13:$AD13,0,FD$4),LEN(OFFSET('Vacation Tracker'!$Q13:$AD13,0,FD$4))-1),0)))} -> 0 | FG10: {=SUM(IF(RIGHT(OFFSET('Vacation Tracker'!$Q13:$AD13,0,FD$4))=FG$8,IFERROR(--LEFT(OFFSET('Vacation Tracker'!$Q13:$AD13,0,FD$4),LEN(OFFSET('Vacation Tracker'!$Q13:$AD13,0,FD$4))-1),0)))} -> 0 | FH10: =SUM(OFFSET('Vacation Tracker'!$Q13:$AD13,0,FH$4)) -> 0 | FI10: =FH10-FJ10 -> 0 | FJ10: {=SUM(IF(RIGHT(OFFSET('Vacation Tracker'!$Q13:$AD13,0,FH$4))<>"O",IFERROR(--LEFT(OFFSET('Vacation Tracker'!$Q13:$AD13,0,FH$4),LEN(OFFSET('Vacation Tracker'!$Q13:$AD13,0,FH$4))-1),0)))} -> 0 | FK10: {=SUM(IF(RIGHT(OFFSET('Vacation Tracker'!$Q13:$AD13,0,FH$4))=FK$8,IFERROR(--LEFT(OFFSET('Vacation Tracker'!$Q13:$AD13,0,FH$4),LEN(OFFSET('Vacation Tracker'!$Q13:$AD13,0,FH$4))-1),0)))} -> 0 | FL10: =SUM(OFFSET('Vacation Tracker'!$Q13:$AD13,0,FL$4)) -> 0 | FM10: =FL10-FN10 -> 0 | FN10: {=SUM(IF(RIGHT(OFFSET('Vacation Tracker'!$Q13:$AD13,0,FL$4))<>"O",IFERROR(--LEFT(OFFSET('Vacation Tracker'!$Q13:$AD13,0,FL$4),LEN(OFFSET('Vacation Tracker'!$Q13:$AD13,0,FL$4))-1),0)))} -> 0 | FO10: {=SUM(IF(RIGHT(OFFSET('Vacation Tracker'!$Q13:$AD13,0,FL$4))=FO$8,IFERROR(--LEFT(OFFSET('Vacation Tracker'!$Q13:$AD13,0,FL$4),LEN(OFFSET('Vacation Tracker'!$Q13:$AD13,0,FL$4))-1),0)))} -> 0 | FP10: =SUM(OFFSET('Vacation Tracker'!$Q13:$AD13,0,FP$4)) -> 0 | FQ10: =FP10-FR10 -> 0 | FR10: {=SUM(IF(RIGHT(OFFSET('Vacation Tracker'!$Q13:$AD13,0,FP$4))<>"O",IFERROR(--LEFT(OFFSET('Vacation Tracker'!$Q13:$AD13,0,FP$4),LEN(OFFSET('Vacation Tracker'!$Q13:$AD13,0,FP$4))-1),0)))} -> 0 | FS10: {=SUM(IF(RIGHT(OFFSET('Vacation Tracker'!$Q13:$AD13,0,FP$4))=FS$8,IFERROR(--LEFT(OFFSET('Vacation Tracker'!$Q13:$AD13,0,FP$4),LEN(OFFSET('Vacation Tracker'!$Q13:$AD13,0,FP$4))-1),0)))} -> 0 | FT10: =SUM(OFFSET('Vacation Tracker'!$Q13:$AD13,0,FT$4)) -> 0 | FU10: =FT10-FV10 -> 0 | FV10: {=SUM(IF(RIGHT(OFFSET('Vacation Tracker'!$Q13:$AD13,0,FT$4))<>"O",IFERROR(--LEFT(OFFSET('Vacation Tracker'!$Q13:$AD13,0,FT$4),LEN(OFFSET('Vacation Tracker'!$Q13:$AD13,0,FT$4))-1),0)))} -> 0 | FW10: {=SUM(IF(RIGHT(OFFSET('Vacation Tracker'!$Q13:$AD13,0,FT$4))=FW$8,IFERROR(--LEFT(OFFSET('Vacation Tracker'!$Q13:$AD13,0,FT$4),LEN(OFFSET('Vacation Tracker'!$Q13:$AD13,0,FT$4))-1),0)))} -> 0 | FX10: =SUM(OFFSET('Vacation Tracker'!$Q13:$AD13,0,FX$4)) -> 0 | FY10: =FX10-FZ10 -> 0 | FZ10: {=SUM(IF(RIGHT(OFFSET('Vacation Tracker'!$Q13:$AD13,0,FX$4))<>"O",IFERROR(--LEFT(OFFSET('Vacation Tracker'!$Q13:$AD13,0,FX$4),LEN(OFFSET('Vacation Tracker'!$Q13:$AD13,0,FX$4))-1),0)))} -> 0 | GA10: {=SUM(IF(RIGHT(OFFSET('Vacation Tracker'!$Q13:$AD13,0,FX$4))=GA$8,IFERROR(--LEFT(OFFSET('Vacation Tracker'!$Q13:$AD13,0,FX$4),LEN(OFFSET('Vacation Tracker'!$Q13:$AD13,0,FX$4))-1),0)))} -> 0 | GB10: =SUM(OFFSET('Vacation Tracker'!$Q13:$AD13,0,GB$4)) -> 0 | GC10: =GB10-GD10 -> 0 | GD10: {=SUM(IF(RIGHT(OFFSET('Vacation Tracker'!$Q13:$AD13,0,GB$4))<>"O",IFERROR(--LEFT(OFFSET('Vacation Tracker'!$Q13:$AD13,0,GB$4),LEN(OFFSET('Vacation Tracker'!$Q13:$AD13,0,GB$4))-1),0)))} -> 0 | GE10: {=SUM(IF(RIGHT(OFFSET('Vacation Tracker'!$Q13:$AD13,0,GB$4))=GE$8,IFERROR(--LEFT(OFFSET('Vacation Tracker'!$Q13:$AD13,0,GB$4),LEN(OFFSET('Vacation Tracker'!$Q13:$AD13,0,GB$4))-1),0)))} -> 0 | GF10: =SUM(OFFSET('Vacation Tracker'!$Q13:$AD13,0,GF$4)) -> 0 | GG10: =GF10-GH10 -> 0 | GH10: {=SUM(IF(RIGHT(OFFSET('Vacation Tracker'!$Q13:$AD13,0,GF$4))<>"O",IFERROR(--LEFT(OFFSET('Vacation Tracker'!$Q13:$AD13,0,GF$4),LEN(OFFSET('Vacation Tracker'!$Q13:$AD13,0,GF$4))-1),0)))} -> 0 | GI10: {=SUM(IF(RIGHT(OFFSET('Vacation Tracker'!$Q13:$AD13,0,GF$4))=GI$8,IFERROR(--LEFT(OFFSET('Vacation Tracker'!$Q13:$AD13,0,GF$4),LEN(OFFSET('Vacation Tracker'!$Q13:$AD13,0,GF$4))-1),0)))} -> 0 | GJ10: =SUM(OFFSET('Vacation Tracker'!$Q13:$AD13,0,GJ$4)) -> 0 | GK10: =GJ10-GL10 -> 0 | GL10: {=SUM(IF(RIGHT(OFFSET('Vacation Tracker'!$Q13:$AD13,0,GJ$4))<>"O",IFERROR(--LEFT(OFFSET('Vacation Tracker'!$Q13:$AD13,0,GJ$4),LEN(OFFSET('Vacation Tracker'!$Q13:$AD13,0,GJ$4))-1),0)))} -> 0 | GM10: {=SUM(IF(RIGHT(OFFSET('Vacation Tracker'!$Q13:$AD13,0,GJ$4))=GM$8,IFERROR(--LEFT(OFFSET('Vacation Tracker'!$Q13:$AD13,0,GJ$4),LEN(OFFSET('Vacation Tracker'!$Q13:$AD13,0,GJ$4))-1),0)))} -> 0 | GN10: =SUM(OFFSET('Vacation Tracker'!$Q13:$AD13,0,GN$4)) -> 0 | GO10: =GN10-GP10 -> 0 | GP10: {=SUM(IF(RIGHT(OFFSET('Vacation Tracker'!$Q13:$AD13,0,GN$4))<>"O",IFERROR(--LEFT(OFFSET('Vacation Tracker'!$Q13:$AD13,0,GN$4),LEN(OFFSET('Vacation Tracker'!$Q13:$AD13,0,GN$4))-1),0)))} -> 0 | GQ10: {=SUM(IF(RIGHT(OFFSET('Vacation Tracker'!$Q13:$AD13,0,GN$4))=GQ$8,IFERROR(--LEFT(OFFSET('Vacation Tracker'!$Q13:$AD13,0,GN$4),LEN(OFFSET('Vacation Tracker'!$Q13:$AD13,0,GN$4))-1),0)))} -> 0 | GR10: =SUM(OFFSET('Vacation Tracker'!$Q13:$AD13,0,GR$4)) -> 0 | GS10: =GR10-GT10 -> 0 | GT10: {=SUM(IF(RIGHT(OFFSET('Vacation Tracker'!$Q13:$AD13,0,GR$4))<>"O",IFERROR(--LEFT(OFFSET('Vacation Tracker'!$Q13:$AD13,0,GR$4),LEN(OFFSET('Vacation Tracker'!$Q13:$AD13,0,GR$4))-1),0)))} -> 0 | GU10: {=SUM(IF(RIGHT(OFFSET('Vacation Tracker'!$Q13:$AD13,0,GR$4))=GU$8,IFERROR(--LEFT(OFFSET('Vacation Tracker'!$Q13:$AD13,0,GR$4),LEN(OFFSET('Vacation Tracker'!$Q13:$AD13,0,GR$4))-1),0)))} -> 0 | GV10: =SUM(OFFSET('Vacation Tracker'!$Q13:$AD13,0,GV$4)) -> 0 | GW10: =GV10-GX10 -> 0 | GX10: {=SUM(IF(RIGHT(OFFSET('Vacation Tracker'!$Q13:$AD13,0,GV$4))<>"O",IFERROR(--LEFT(OFFSET('Vacation Tracker'!$Q13:$AD13,0,GV$4),LEN(OFFSET('Vacation Tracker'!$Q13:$AD13,0,GV$4))-1),0)))} -> 0 | GY10: {=SUM(IF(RIGHT(OFFSET('Vacation Tracker'!$Q13:$AD13,0,GV$4))=GY$8,IFERROR(--LEFT(OFFSET('Vacation Tracker'!$Q13:$AD13,0,GV$4),LEN(OFFSET('Vacation Tracker'!$Q13:$AD13,0,GV$4))-1),0)))} -> 0 | GZ10: =SUM(OFFSET('Vacation Tracker'!$Q13:$AD13,0,GZ$4)) -> 0 | HA10: =GZ10-HB10 -> 0 | HB10: {=SUM(IF(RIGHT(OFFSET('Vacation Tracker'!$Q13:$AD13,0,GZ$4))<>"O",IFERROR(--LEFT(OFFSET('Vacation Tracker'!$Q13:$AD13,0,GZ$4),LEN(OFFSET('Vacation Tracker'!$Q13:$AD13,0,GZ$4))-1),0)))} -> 0 | HC10: {=SUM(IF(RIGHT(OFFSET('Vacation Tracker'!$Q13:$AD13,0,GZ$4))=HC$8,IFERROR(--LEFT(OFFSET('Vacation Tracker'!$Q13:$AD13,0,GZ$4),LEN(OFFSET('Vacation Tracker'!$Q13:$AD13,0,GZ$4))-1),0)))} -> 0 | HD10: =SUM(OFFSET('Vacation Tracker'!$Q13:$AD13,0,HD$4)) -> 0 | HE10: =HD10-HF10 -> 0 | HF10: {=SUM(IF(RIGHT(OFFSET('Vacation Tracker'!$Q13:$AD13,0,HD$4))<>"O",IFERROR(--LEFT(OFFSET('Vacation Tracker'!$Q13:$AD13,0,HD$4),LEN(OFFSET('Vacation Tracker'!$Q13:$AD13,0,HD$4))-1),0)))} -> 0 | HG10: {=SUM(IF(RIGHT(OFFSET('Vacation Tracker'!$Q13:$AD13,0,HD$4))=HG$8,IFERROR(--LEFT(OFFSET('Vacation Tracker'!$Q13:$AD13,0,HD$4),LEN(OFFSET('Vacation Tracker'!$Q13:$AD13,0,HD$4))-1),0)))} -> 0 | HH10: =SUM(OFFSET('Vacation Tracker'!$Q13:$AD13,0,HH$4)) -> 0 | HI10: =HH10-HJ10 -> 0 | HJ10: {=SUM(IF(RIGHT(OFFSET('Vacation Tracker'!$Q13:$AD13,0,HH$4))<>"O",IFERROR(--LEFT(OFFSET('Vacation Tracker'!$Q13:$AD13,0,HH$4),LEN(OFFSET('Vacation Tracker'!$Q13:$AD13,0,HH$4))-1),0)))} -> 0 | HK10: {=SUM(IF(RIGHT(OFFSET('Vacation Tracker'!$Q13:$AD13,0,HH$4))=HK$8,IFERROR(--LEFT(OFFSET('Vacation Tracker'!$Q13:$AD13,0,HH$4),LEN(OFFSET('Vacation Tracker'!$Q13:$AD13,0,HH$4))-1),0)))} -> 0 | HL10: =SUM(OFFSET('Vacation Tracker'!$Q13:$AD13,0,HL$4)) -> 0 | HM10: =HL10-HN10 -> 0 | HN10: {=SUM(IF(RIGHT(OFFSET('Vacation Tracker'!$Q13:$AD13,0,HL$4))<>"O",IFERROR(--LEFT(OFFSET('Vacation Tracker'!$Q13:$AD13,0,HL$4),LEN(OFFSET('Vacation Tracker'!$Q13:$AD13,0,HL$4))-1),0)))} -> 0 | HO10: {=SUM(IF(RIGHT(OFFSET('Vacation Tracker'!$Q13:$AD13,0,HL$4))=HO$8,IFERROR(--LEFT(OFFSET('Vacation Tracker'!$Q13:$AD13,0,HL$4),LEN(OFFSET('Vacation Tracker'!$Q13:$AD13,0,HL$4))-1),0)))} -> 0 | HP10: =SUM(OFFSET('Vacation Tracker'!$Q13:$AD13,0,HP$4)) -> 0 | HQ10: =HP10-HR10 -> 0 | HR10: {=SUM(IF(RIGHT(OFFSET('Vacation Tracker'!$Q13:$AD13,0,HP$4))<>"O",IFERROR(--LEFT(OFFSET('Vacation Tracker'!$Q13:$AD13,0,HP$4),LEN(OFFSET('Vacation Tracker'!$Q13:$AD13,0,HP$4))-1),0)))} -> 0 | HS10: {=SUM(IF(RIGHT(OFFSET('Vacation Tracker'!$Q13:$AD13,0,HP$4))=HS$8,IFERROR(--LEFT(OFFSET('Vacation Tracker'!$Q13:$AD13,0,HP$4),LEN(OFFSET('Vacation Tracker'!$Q13:$AD13,0,HP$4))-1),0)))} -> 0
B11: =IF('Vacation Tracker'!B14<>"",'Vacation Tracker'!B14,"") -> 3 | C11: =IF('Vacation Tracker'!C14<>"",'Vacation Tracker'!C14,"") -> John Doe 3 | D11: =IF('Vacation Tracker'!D14<>"",'Vacation Tracker'!D14,"") -> 44936 | E11: =IF('Vacation Tracker'!E14<>"",'Vacation Tracker'!E14,"") | F11: =IF('Vacation Tracker'!F14<>"",'Vacation Tracker'!F14,"") -> Sales | G11: =IF('Vacation Tracker'!G14<>"",'Vacation Tracker'!G14,"") -> Kontrak | H11: =IF($C11<>"",SUMPRODUCT(($L$8:$FU$8=H$8)*$L11:$FU11),"") -> 0 | I11: =IF($C11<>"",SUMPRODUCT(($L$8:$FU$8=I$8)*$L11:$FU11),"") -> 0 | J11: =IF($C11<>"",SUMPRODUCT(($L$8:$FU$8=J$8)*$L11:$FU11),"") -> 0 | K11: =IF($C11<>"",SUMPRODUCT(($L$8:$FU$8=K$8)*$L11:$FU11),"") -> 0 | L11: =SUM(OFFSET('Vacation Tracker'!$Q14:$AD14,0,L$4)) -> 0 | M11: =L11-N11 -> 0 | N11: {=SUM(IF(RIGHT(OFFSET('Vacation Tracker'!$Q14:$AD14,0,L$4))<>"O",IFERROR(--LEFT(OFFSET('Vacation Tracker'!$Q14:$AD14,0,L$4),LEN(OFFSET('Vacation Tracker'!$Q14:$AD14,0,L$4))-1),0)))} -> 0 | O11: {=SUM(IF(RIGHT(OFFSET('Vacation Tracker'!$Q14:$AD14,0,L$4))=O$8,IFERROR(--LEFT(OFFSET('Vacation Tracker'!$Q14:$AD14,0,L$4),LEN(OFFSET('Vacation Tracker'!$Q14:$AD14,0,L$4))-1),0)))} -> 0 | P11: =SUM(OFFSET('Vacation Tracker'!$Q14:$AD14,0,P$4)) -> 0 | Q11: =P11-R11 -> 0 | R11: {=SUM(IF(RIGHT(OFFSET('Vacation Tracker'!$Q14:$AD14,0,P$4))<>"O",IFERROR(--LEFT(OFFSET('Vacation Tracker'!$Q14:$AD14,0,P$4),LEN(OFFSET('Vacation Tracker'!$Q14:$AD14,0,P$4))-1),0)))} -> 0 | S11: {=SUM(IF(RIGHT(OFFSET('Vacation Tracker'!$Q14:$AD14,0,P$4))=S$8,IFERROR(--LEFT(OFFSET('Vacation Tracker'!$Q14:$AD14,0,P$4),LEN(OFFSET('Vacation Tracker'!$Q14:$AD14,0,P$4))-1),0)))} -> 0 | T11: =SUM(OFFSET('Vacation Tracker'!$Q14:$AD14,0,T$4)) -> 0 | U11: =T11-V11 -> 0 | V11: {=SUM(IF(RIGHT(OFFSET('Vacation Tracker'!$Q14:$AD14,0,T$4))<>"O",IFERROR(--LEFT(OFFSET('Vacation Tracker'!$Q14:$AD14,0,T$4),LEN(OFFSET('Vacation Tracker'!$Q14:$AD14,0,T$4))-1),0)))} -> 0 | W11: {=SUM(IF(RIGHT(OFFSET('Vacation Tracker'!$Q14:$AD14,0,T$4))=W$8,IFERROR(--LEFT(OFFSET('Vacation Tracker'!$Q14:$AD14,0,T$4),LEN(OFFSET('Vacation Tracker'!$Q14:$AD14,0,T$4))-1),0)))} -> 0 | X11: =SUM(OFFSET('Vacation Tracker'!$Q14:$AD14,0,X$4)) -> 0 | Y11: =X11-Z11 -> 0 | Z11: {=SUM(IF(RIGHT(OFFSET('Vacation Tracker'!$Q14:$AD14,0,X$4))<>"O",IFERROR(--LEFT(OFFSET('Vacation Tracker'!$Q14:$AD14,0,X$4),LEN(OFFSET('Vacation Tracker'!$Q14:$AD14,0,X$4))-1),0)))} -> 0 | AA11: {=SUM(IF(RIGHT(OFFSET('Vacation Tracker'!$Q14:$AD14,0,X$4))=AA$8,IFERROR(--LEFT(OFFSET('Vacation Tracker'!$Q14:$AD14,0,X$4),LEN(OFFSET('Vacation Tracker'!$Q14:$AD14,0,X$4))-1),0)))} -> 0 | AB11: =SUM(OFFSET('Vacation Tracker'!$Q14:$AD14,0,AB$4)) -> 0 | AC11: =AB11-AD11 -> 0 | AD11: {=SUM(IF(RIGHT(OFFSET('Vacation Tracker'!$Q14:$AD14,0,AB$4))<>"O",IFERROR(--LEFT(OFFSET('Vacation Tracker'!$Q14:$AD14,0,AB$4),LEN(OFFSET('Vacation Tracker'!$Q14:$AD14,0,AB$4))-1),0)))} -> 0 | AE11: {=SUM(IF(RIGHT(OFFSET('Vacation Tracker'!$Q14:$AD14,0,AB$4))=AE$8,IFERROR(--LEFT(OFFSET('Vacation Tracker'!$Q14:$AD14,0,AB$4),LEN(OFFSET('Vacation Tracker'!$Q14:$AD14,0,AB$4))-1),0)))} -> 0 | AF11: =SUM(OFFSET('Vacation Tracker'!$Q14:$AD14,0,AF$4)) -> 0 | AG11: =AF11-AH11 -> 0 | AH11: {=SUM(IF(RIGHT(OFFSET('Vacation Tracker'!$Q14:$AD14,0,AF$4))<>"O",IFERROR(--LEFT(OFFSET('Vacation Tracker'!$Q14:$AD14,0,AF$4),LEN(OFFSET('Vacation Tracker'!$Q14:$AD14,0,AF$4))-1),0)))} -> 0 | AI11: {=SUM(IF(RIGHT(OFFSET('Vacation Tracker'!$Q14:$AD14,0,AF$4))=AI$8,IFERROR(--LEFT(OFFSET('Vacation Tracker'!$Q14:$AD14,0,AF$4),LEN(OFFSET('Vacation Tracker'!$Q14:$AD14,0,AF$4))-1),0)))} -> 0 | AJ11: =SUM(OFFSET('Vacation Tracker'!$Q14:$AD14,0,AJ$4)) -> 0 | AK11: =AJ11-AL11 -> 0 | AL11: {=SUM(IF(RIGHT(OFFSET('Vacation Tracker'!$Q14:$AD14,0,AJ$4))<>"O",IFERROR(--LEFT(OFFSET('Vacation Tracker'!$Q14:$AD14,0,AJ$4),LEN(OFFSET('Vacation Tracker'!$Q14:$AD14,0,AJ$4))-1),0)))} -> 0 | AM11: {=SUM(IF(RIGHT(OFFSET('Vacation Tracker'!$Q14:$AD14,0,AJ$4))=AM$8,IFERROR(--LEFT(OFFSET('Vacation Tracker'!$Q14:$AD14,0,AJ$4),LEN(OFFSET('Vacation Tracker'!$Q14:$AD14,0,AJ$4))-1),0)))} -> 0 | AN11: =SUM(OFFSET('Vacation Tracker'!$Q14:$AD14,0,AN$4)) -> 0 | AO11: =AN11-AP11 -> 0 | AP11: {=SUM(IF(RIGHT(OFFSET('Vacation Tracker'!$Q14:$AD14,0,AN$4))<>"O",IFERROR(--LEFT(OFFSET('Vacation Tracker'!$Q14:$AD14,0,AN$4),LEN(OFFSET('Vacation Tracker'!$Q14:$AD14,0,AN$4))-1),0)))} -> 0 | AQ11: {=SUM(IF(RIGHT(OFFSET('Vacation Tracker'!$Q14:$AD14,0,AN$4))=AQ$8,IFERROR(--LEFT(OFFSET('Vacation Tracker'!$Q14:$AD14,0,AN$4),LEN(OFFSET('Vacation Tracker'!$Q14:$AD14,0,AN$4))-1),0)))} -> 0 | AR11: =SUM(OFFSET('Vacation Tracker'!$Q14:$AD14,0,AR$4)) -> 0 | AS11: =AR11-AT11 -> 0 | AT11: {=SUM(IF(RIGHT(OFFSET('Vacation Tracker'!$Q14:$AD14,0,AR$4))<>"O",IFERROR(--LEFT(OFFSET('Vacation Tracker'!$Q14:$AD14,0,AR$4),LEN(OFFSET('Vacation Tracker'!$Q14:$AD14,0,AR$4))-1),0)))} -> 0 | AU11: {=SUM(IF(RIGHT(OFFSET('Vacation Tracker'!$Q14:$AD14,0,AR$4))=AU$8,IFERROR(--LEFT(OFFSET('Vacation Tracker'!$Q14:$AD14,0,AR$4),LEN(OFFSET('Vacation Tracker'!$Q14:$AD14,0,AR$4))-1),0)))} -> 0 | AV11: =SUM(OFFSET('Vacation Tracker'!$Q14:$AD14,0,AV$4)) -> 0 | AW11: =AV11-AX11 -> 0 | AX11: {=SUM(IF(RIGHT(OFFSET('Vacation Tracker'!$Q14:$AD14,0,AV$4))<>"O",IFERROR(--LEFT(OFFSET('Vacation Tracker'!$Q14:$AD14,0,AV$4),LEN(OFFSET('Vacation Tracker'!$Q14:$AD14,0,AV$4))-1),0)))} -> 0 | AY11: {=SUM(IF(RIGHT(OFFSET('Vacation Tracker'!$Q14:$AD14,0,AV$4))=AY$8,IFERROR(--LEFT(OFFSET('Vacation Tracker'!$Q14:$AD14,0,AV$4),LEN(OFFSET('Vacation Tracker'!$Q14:$AD14,0,AV$4))-1),0)))} -> 0 | AZ11: =SUM(OFFSET('Vacation Tracker'!$Q14:$AD14,0,AZ$4)) -> 0 | BA11: =AZ11-BB11 -> 0 | BB11: {=SUM(IF(RIGHT(OFFSET('Vacation Tracker'!$Q14:$AD14,0,AZ$4))<>"O",IFERROR(--LEFT(OFFSET('Vacation Tracker'!$Q14:$AD14,0,AZ$4),LEN(OFFSET('Vacation Tracker'!$Q14:$AD14,0,AZ$4))-1),0)))} -> 0 | BC11: {=SUM(IF(RIGHT(OFFSET('Vacation Tracker'!$Q14:$AD14,0,AZ$4))=BC$8,IFERROR(--LEFT(OFFSET('Vacation Tracker'!$Q14:$AD14,0,AZ$4),LEN(OFFSET('Vacation Tracker'!$Q14:$AD14,0,AZ$4))-1),0)))} -> 0 | BD11: =SUM(OFFSET('Vacation Tracker'!$Q14:$AD14,0,BD$4)) -> 0 | BE11: =BD11-BF11 -> 0 | BF11: {=SUM(IF(RIGHT(OFFSET('Vacation Tracker'!$Q14:$AD14,0,BD$4))<>"O",IFERROR(--LEFT(OFFSET('Vacation Tracker'!$Q14:$AD14,0,BD$4),LEN(OFFSET('Vacation Tracker'!$Q14:$AD14,0,BD$4))-1),0)))} -> 0 | BG11: {=SUM(IF(RIGHT(OFFSET('Vacation Tracker'!$Q14:$AD14,0,BD$4))=BG$8,IFERROR(--LEFT(OFFSET('Vacation Tracker'!$Q14:$AD14,0,BD$4),LEN(OFFSET('Vacation Tracker'!$Q14:$AD14,0,BD$4))-1),0)))} -> 0 | BH11: =SUM(OFFSET('Vacation Tracker'!$Q14:$AD14,0,BH$4)) -> 0 | BI11: =BH11-BJ11 -> 0 | BJ11: {=SUM(IF(RIGHT(OFFSET('Vacation Tracker'!$Q14:$AD14,0,BH$4))<>"O",IFERROR(--LEFT(OFFSET('Vacation Tracker'!$Q14:$AD14,0,BH$4),LEN(OFFSET('Vacation Tracker'!$Q14:$AD14,0,BH$4))-1),0)))} -> 0 | BK11: {=SUM(IF(RIGHT(OFFSET('Vacation Tracker'!$Q14:$AD14,0,BH$4))=BK$8,IFERROR(--LEFT(OFFSET('Vacation Tracker'!$Q14:$AD14,0,BH$4),LEN(OFFSET('Vacation Tracker'!$Q14:$AD14,0,BH$4))-1),0)))} -> 0 | BL11: =SUM(OFFSET('Vacation Tracker'!$Q14:$AD14,0,BL$4)) -> 0 | BM11: =BL11-BN11 -> 0 | BN11: {=SUM(IF(RIGHT(OFFSET('Vacation Tracker'!$Q14:$AD14,0,BL$4))<>"O",IFERROR(--LEFT(OFFSET('Vacation Tracker'!$Q14:$AD14,0,BL$4),LEN(OFFSET('Vacation Tracker'!$Q14:$AD14,0,BL$4))-1),0)))} -> 0 | BO11: {=SUM(IF(RIGHT(OFFSET('Vacation Tracker'!$Q14:$AD14,0,BL$4))=BO$8,IFERROR(--LEFT(OFFSET('Vacation Tracker'!$Q14:$AD14,0,BL$4),LEN(OFFSET('Vacation Tracker'!$Q14:$AD14,0,BL$4))-1),0)))} -> 0 | BP11: =SUM(OFFSET('Vacation Tracker'!$Q14:$AD14,0,BP$4)) -> 0 | BQ11: =BP11-BR11 -> 0 | BR11: {=SUM(IF(RIGHT(OFFSET('Vacation Tracker'!$Q14:$AD14,0,BP$4))<>"O",IFERROR(--LEFT(OFFSET('Vacation Tracker'!$Q14:$AD14,0,BP$4),LEN(OFFSET('Vacation Tracker'!$Q14:$AD14,0,BP$4))-1),0)))} -> 0 | BS11: {=SUM(IF(RIGHT(OFFSET('Vacation Tracker'!$Q14:$AD14,0,BP$4))=BS$8,IFERROR(--LEFT(OFFSET('Vacation Tracker'!$Q14:$AD14,0,BP$4),LEN(OFFSET('Vacation Tracker'!$Q14:$AD14,0,BP$4))-1),0)))} -> 0 | BT11: =SUM(OFFSET('Vacation Tracker'!$Q14:$AD14,0,BT$4)) -> 0 | BU11: =BT11-BV11 -> 0 | BV11: {=SUM(IF(RIGHT(OFFSET('Vacation Tracker'!$Q14:$AD14,0,BT$4))<>"O",IFERROR(--LEFT(OFFSET('Vacation Tracker'!$Q14:$AD14,0,BT$4),LEN(OFFSET('Vacation Tracker'!$Q14:$AD14,0,BT$4))-1),0)))} -> 0 | BW11: {=SUM(IF(RIGHT(OFFSET('Vacation Tracker'!$Q14:$AD14,0,BT$4))=BW$8,IFERROR(--LEFT(OFFSET('Vacation Tracker'!$Q14:$AD14,0,BT$4),LEN(OFFSET('Vacation Tracker'!$Q14:$AD14,0,BT$4))-1),0)))} -> 0 | BX11: =SUM(OFFSET('Vacation Tracker'!$Q14:$AD14,0,BX$4)) -> 0 | BY11: =BX11-BZ11 -> 0 | BZ11: {=SUM(IF(RIGHT(OFFSET('Vacation Tracker'!$Q14:$AD14,0,BX$4))<>"O",IFERROR(--LEFT(OFFSET('Vacation Tracker'!$Q14:$AD14,0,BX$4),LEN(OFFSET('Vacation Tracker'!$Q14:$AD14,0,BX$4))-1),0)))} -> 0 | CA11: {=SUM(IF(RIGHT(OFFSET('Vacation Tracker'!$Q14:$AD14,0,BX$4))=CA$8,IFERROR(--LEFT(OFFSET('Vacation Tracker'!$Q14:$AD14,0,BX$4),LEN(OFFSET('Vacation Tracker'!$Q14:$AD14,0,BX$4))-1),0)))} -> 0 | CB11: =SUM(OFFSET('Vacation Tracker'!$Q14:$AD14,0,CB$4)) -> 0 | CC11: =CB11-CD11 -> 0 | CD11: {=SUM(IF(RIGHT(OFFSET('Vacation Tracker'!$Q14:$AD14,0,CB$4))<>"O",IFERROR(--LEFT(OFFSET('Vacation Tracker'!$Q14:$AD14,0,CB$4),LEN(OFFSET('Vacation Tracker'!$Q14:$AD14,0,CB$4))-1),0)))} -> 0 | CE11: {=SUM(IF(RIGHT(OFFSET('Vacation Tracker'!$Q14:$AD14,0,CB$4))=CE$8,IFERROR(--LEFT(OFFSET('Vacation Tracker'!$Q14:$AD14,0,CB$4),LEN(OFFSET('Vacation Tracker'!$Q14:$AD14,0,CB$4))-1),0)))} -> 0 | CF11: =SUM(OFFSET('Vacation Tracker'!$Q14:$AD14,0,CF$4)) -> 0 | CG11: =CF11-CH11 -> 0 | CH11: {=SUM(IF(RIGHT(OFFSET('Vacation Tracker'!$Q14:$AD14,0,CF$4))<>"O",IFERROR(--LEFT(OFFSET('Vacation Tracker'!$Q14:$AD14,0,CF$4),LEN(OFFSET('Vacation Tracker'!$Q14:$AD14,0,CF$4))-1),0)))} -> 0 | CI11: {=SUM(IF(RIGHT(OFFSET('Vacation Tracker'!$Q14:$AD14,0,CF$4))=CI$8,IFERROR(--LEFT(OFFSET('Vacation Tracker'!$Q14:$AD14,0,CF$4),LEN(OFFSET('Vacation Tracker'!$Q14:$AD14,0,CF$4))-1),0)))} -> 0 | CJ11: =SUM(OFFSET('Vacation Tracker'!$Q14:$AD14,0,CJ$4)) -> 0 | CK11: =CJ11-CL11 -> 0 | CL11: {=SUM(IF(RIGHT(OFFSET('Vacation Tracker'!$Q14:$AD14,0,CJ$4))<>"O",IFERROR(--LEFT(OFFSET('Vacation Tracker'!$Q14:$AD14,0,CJ$4),LEN(OFFSET('Vacation Tracker'!$Q14:$AD14,0,CJ$4))-1),0)))} -> 0 | CM11: {=SUM(IF(RIGHT(OFFSET('Vacation Tracker'!$Q14:$AD14,0,CJ$4))=CM$8,IFERROR(--LEFT(OFFSET('Vacation Tracker'!$Q14:$AD14,0,CJ$4),LEN(OFFSET('Vacation Tracker'!$Q14:$AD14,0,CJ$4))-1),0)))} -> 0 | CN11: =SUM(OFFSET('Vacation Tracker'!$Q14:$AD14,0,CN$4)) -> 0 | CO11: =CN11-CP11 -> 0 | CP11: {=SUM(IF(RIGHT(OFFSET('Vacation Tracker'!$Q14:$AD14,0,CN$4))<>"O",IFERROR(--LEFT(OFFSET('Vacation Tracker'!$Q14:$AD14,0,CN$4),LEN(OFFSET('Vacation Tracker'!$Q14:$AD14,0,CN$4))-1),0)))} -> 0 | CQ11: {=SUM(IF(RIGHT(OFFSET('Vacation Tracker'!$Q14:$AD14,0,CN$4))=CQ$8,IFERROR(--LEFT(OFFSET('Vacation Tracker'!$Q14:$AD14,0,CN$4),LEN(OFFSET('Vacation Tracker'!$Q14:$AD14,0,CN$4))-1),0)))} -> 0 | CR11: =SUM(OFFSET('Vacation Tracker'!$Q14:$AD14,0,CR$4)) -> 0 | CS11: =CR11-CT11 -> 0 | CT11: {=SUM(IF(RIGHT(OFFSET('Vacation Tracker'!$Q14:$AD14,0,CR$4))<>"O",IFERROR(--LEFT(OFFSET('Vacation Tracker'!$Q14:$AD14,0,CR$4),LEN(OFFSET('Vacation Tracker'!$Q14:$AD14,0,CR$4))-1),0)))} -> 0 | CU11: {=SUM(IF(RIGHT(OFFSET('Vacation Tracker'!$Q14:$AD14,0,CR$4))=CU$8,IFERROR(--LEFT(OFFSET('Vacation Tracker'!$Q14:$AD14,0,CR$4),LEN(OFFSET('Vacation Tracker'!$Q14:$AD14,0,CR$4))-1),0)))} -> 0 | CV11: =SUM(OFFSET('Vacation Tracker'!$Q14:$AD14,0,CV$4)) -> 0 | CW11: =CV11-CX11 -> 0 | CX11: {=SUM(IF(RIGHT(OFFSET('Vacation Tracker'!$Q14:$AD14,0,CV$4))<>"O",IFERROR(--LEFT(OFFSET('Vacation Tracker'!$Q14:$AD14,0,CV$4),LEN(OFFSET('Vacation Tracker'!$Q14:$AD14,0,CV$4))-1),0)))} -> 0 | CY11: {=SUM(IF(RIGHT(OFFSET('Vacation Tracker'!$Q14:$AD14,0,CV$4))=CY$8,IFERROR(--LEFT(OFFSET('Vacation Tracker'!$Q14:$AD14,0,CV$4),LEN(OFFSET('Vacation Tracker'!$Q14:$AD14,0,CV$4))-1),0)))} -> 0 | CZ11: =SUM(OFFSET('Vacation Tracker'!$Q14:$AD14,0,CZ$4)) -> 0 | DA11: =CZ11-DB11 -> 0 | DB11: {=SUM(IF(RIGHT(OFFSET('Vacation Tracker'!$Q14:$AD14,0,CZ$4))<>"O",IFERROR(--LEFT(OFFSET('Vacation Tracker'!$Q14:$AD14,0,CZ$4),LEN(OFFSET('Vacation Tracker'!$Q14:$AD14,0,CZ$4))-1),0)))} -> 0 | DC11: {=SUM(IF(RIGHT(OFFSET('Vacation Tracker'!$Q14:$AD14,0,CZ$4))=DC$8,IFERROR(--LEFT(OFFSET('Vacation Tracker'!$Q14:$AD14,0,CZ$4),LEN(OFFSET('Vacation Tracker'!$Q14:$AD14,0,CZ$4))-1),0)))} -> 0 | DD11: =SUM(OFFSET('Vacation Tracker'!$Q14:$AD14,0,DD$4)) -> 0 | DE11: =DD11-DF11 -> 0 | DF11: {=SUM(IF(RIGHT(OFFSET('Vacation Tracker'!$Q14:$AD14,0,DD$4))<>"O",IFERROR(--LEFT(OFFSET('Vacation Tracker'!$Q14:$AD14,0,DD$4),LEN(OFFSET('Vacation Tracker'!$Q14:$AD14,0,DD$4))-1),0)))} -> 0 | DG11: {=SUM(IF(RIGHT(OFFSET('Vacation Tracker'!$Q14:$AD14,0,DD$4))=DG$8,IFERROR(--LEFT(OFFSET('Vacation Tracker'!$Q14:$AD14,0,DD$4),LEN(OFFSET('Vacation Tracker'!$Q14:$AD14,0,DD$4))-1),0)))} -> 0 | DH11: =SUM(OFFSET('Vacation Tracker'!$Q14:$AD14,0,DH$4)) -> 0 | DI11: =DH11-DJ11 -> 0 | DJ11: {=SUM(IF(RIGHT(OFFSET('Vacation Tracker'!$Q14:$AD14,0,DH$4))<>"O",IFERROR(--LEFT(OFFSET('Vacation Tracker'!$Q14:$AD14,0,DH$4),LEN(OFFSET('Vacation Tracker'!$Q14:$AD14,0,DH$4))-1),0)))} -> 0 | DK11: {=SUM(IF(RIGHT(OFFSET('Vacation Tracker'!$Q14:$AD14,0,DH$4))=DK$8,IFERROR(--LEFT(OFFSET('Vacation Tracker'!$Q14:$AD14,0,DH$4),LEN(OFFSET('Vacation Tracker'!$Q14:$AD14,0,DH$4))-1),0)))} -> 0 | DL11: =SUM(OFFSET('Vacation Tracker'!$Q14:$AD14,0,DL$4)) -> 0 | DM11: =DL11-DN11 -> 0 | DN11: {=SUM(IF(RIGHT(OFFSET('Vacation Tracker'!$Q14:$AD14,0,DL$4))<>"O",IFERROR(--LEFT(OFFSET('Vacation Tracker'!$Q14:$AD14,0,DL$4),LEN(OFFSET('Vacation Tracker'!$Q14:$AD14,0,DL$4))-1),0)))} -> 0 | DO11: {=SUM(IF(RIGHT(OFFSET('Vacation Tracker'!$Q14:$AD14,0,DL$4))=DO$8,IFERROR(--LEFT(OFFSET('Vacation Tracker'!$Q14:$AD14,0,DL$4),LEN(OFFSET('Vacation Tracker'!$Q14:$AD14,0,DL$4))-1),0)))} -> 0 | DP11: =SUM(OFFSET('Vacation Tracker'!$Q14:$AD14,0,DP$4)) -> 0 | DQ11: =DP11-DR11 -> 0 | DR11: {=SUM(IF(RIGHT(OFFSET('Vacation Tracker'!$Q14:$AD14,0,DP$4))<>"O",IFERROR(--LEFT(OFFSET('Vacation Tracker'!$Q14:$AD14,0,DP$4),LEN(OFFSET('Vacation Tracker'!$Q14:$AD14,0,DP$4))-1),0)))} -> 0 | DS11: {=SUM(IF(RIGHT(OFFSET('Vacation Tracker'!$Q14:$AD14,0,DP$4))=DS$8,IFERROR(--LEFT(OFFSET('Vacation Tracker'!$Q14:$AD14,0,DP$4),LEN(OFFSET('Vacation Tracker'!$Q14:$AD14,0,DP$4))-1),0)))} -> 0 | DT11: =SUM(OFFSET('Vacation Tracker'!$Q14:$AD14,0,DT$4)) -> 0 | DU11: =DT11-DV11 -> 0 | DV11: {=SUM(IF(RIGHT(OFFSET('Vacation Tracker'!$Q14:$AD14,0,DT$4))<>"O",IFERROR(--LEFT(OFFSET('Vacation Tracker'!$Q14:$AD14,0,DT$4),LEN(OFFSET('Vacation Tracker'!$Q14:$AD14,0,DT$4))-1),0)))} -> 0 | DW11: {=SUM(IF(RIGHT(OFFSET('Vacation Tracker'!$Q14:$AD14,0,DT$4))=DW$8,IFERROR(--LEFT(OFFSET('Vacation Tracker'!$Q14:$AD14,0,DT$4),LEN(OFFSET('Vacation Tracker'!$Q14:$AD14,0,DT$4))-1),0)))} -> 0 | DX11: =SUM(OFFSET('Vacation Tracker'!$Q14:$AD14,0,DX$4)) -> 0 | DY11: =DX11-DZ11 -> 0 | DZ11: {=SUM(IF(RIGHT(OFFSET('Vacation Tracker'!$Q14:$AD14,0,DX$4))<>"O",IFERROR(--LEFT(OFFSET('Vacation Tracker'!$Q14:$AD14,0,DX$4),LEN(OFFSET('Vacation Tracker'!$Q14:$AD14,0,DX$4))-1),0)))} -> 0 | EA11: {=SUM(IF(RIGHT(OFFSET('Vacation Tracker'!$Q14:$AD14,0,DX$4))=EA$8,IFERROR(--LEFT(OFFSET('Vacation Tracker'!$Q14:$AD14,0,DX$4),LEN(OFFSET('Vacation Tracker'!$Q14:$AD14,0,DX$4))-1),0)))} -> 0 | EB11: =SUM(OFFSET('Vacation Tracker'!$Q14:$AD14,0,EB$4)) -> 0 | EC11: =EB11-ED11 -> 0 | ED11: {=SUM(IF(RIGHT(OFFSET('Vacation Tracker'!$Q14:$AD14,0,EB$4))<>"O",IFERROR(--LEFT(OFFSET('Vacation Tracker'!$Q14:$AD14,0,EB$4),LEN(OFFSET('Vacation Tracker'!$Q14:$AD14,0,EB$4))-1),0)))} -> 0 | EE11: {=SUM(IF(RIGHT(OFFSET('Vacation Tracker'!$Q14:$AD14,0,EB$4))=EE$8,IFERROR(--LEFT(OFFSET('Vacation Tracker'!$Q14:$AD14,0,EB$4),LEN(OFFSET('Vacation Tracker'!$Q14:$AD14,0,EB$4))-1),0)))} -> 0 | EF11: =SUM(OFFSET('Vacation Tracker'!$Q14:$AD14,0,EF$4)) -> 0 | EG11: =EF11-EH11 -> 0 | EH11: {=SUM(IF(RIGHT(OFFSET('Vacation Tracker'!$Q14:$AD14,0,EF$4))<>"O",IFERROR(--LEFT(OFFSET('Vacation Tracker'!$Q14:$AD14,0,EF$4),LEN(OFFSET('Vacation Tracker'!$Q14:$AD14,0,EF$4))-1),0)))} -> 0 | EI11: {=SUM(IF(RIGHT(OFFSET('Vacation Tracker'!$Q14:$AD14,0,EF$4))=EI$8,IFERROR(--LEFT(OFFSET('Vacation Tracker'!$Q14:$AD14,0,EF$4),LEN(OFFSET('Vacation Tracker'!$Q14:$AD14,0,EF$4))-1),0)))} -> 0 | EJ11: =SUM(OFFSET('Vacation Tracker'!$Q14:$AD14,0,EJ$4)) -> 0 | EK11: =EJ11-EL11 -> 0 | EL11: {=SUM(IF(RIGHT(OFFSET('Vacation Tracker'!$Q14:$AD14,0,EJ$4))<>"O",IFERROR(--LEFT(OFFSET('Vacation Tracker'!$Q14:$AD14,0,EJ$4),LEN(OFFSET('Vacation Tracker'!$Q14:$AD14,0,EJ$4))-1),0)))} -> 0 | EM11: {=SUM(IF(RIGHT(OFFSET('Vacation Tracker'!$Q14:$AD14,0,EJ$4))=EM$8,IFERROR(--LEFT(OFFSET('Vacation Tracker'!$Q14:$AD14,0,EJ$4),LEN(OFFSET('Vacation Tracker'!$Q14:$AD14,0,EJ$4))-1),0)))} -> 0 | EN11: =SUM(OFFSET('Vacation Tracker'!$Q14:$AD14,0,EN$4)) -> 0 | EO11: =EN11-EP11 -> 0 | EP11: {=SUM(IF(RIGHT(OFFSET('Vacation Tracker'!$Q14:$AD14,0,EN$4))<>"O",IFERROR(--LEFT(OFFSET('Vacation Tracker'!$Q14:$AD14,0,EN$4),LEN(OFFSET('Vacation Tracker'!$Q14:$AD14,0,EN$4))-1),0)))} -> 0 | EQ11: {=SUM(IF(RIGHT(OFFSET('Vacation Tracker'!$Q14:$AD14,0,EN$4))=EQ$8,IFERROR(--LEFT(OFFSET('Vacation Tracker'!$Q14:$AD14,0,EN$4),LEN(OFFSET('Vacation Tracker'!$Q14:$AD14,0,EN$4))-1),0)))} -> 0 | ER11: =SUM(OFFSET('Vacation Tracker'!$Q14:$AD14,0,ER$4)) -> 0 | ES11: =ER11-ET11 -> 0 | ET11: {=SUM(IF(RIGHT(OFFSET('Vacation Tracker'!$Q14:$AD14,0,ER$4))<>"O",IFERROR(--LEFT(OFFSET('Vacation Tracker'!$Q14:$AD14,0,ER$4),LEN(OFFSET('Vacation Tracker'!$Q14:$AD14,0,ER$4))-1),0)))} -> 0 | EU11: {=SUM(IF(RIGHT(OFFSET('Vacation Tracker'!$Q14:$AD14,0,ER$4))=EU$8,IFERROR(--LEFT(OFFSET('Vacation Tracker'!$Q14:$AD14,0,ER$4),LEN(OFFSET('Vacation Tracker'!$Q14:$AD14,0,ER$4))-1),0)))} -> 0 | EV11: =SUM(OFFSET('Vacation Tracker'!$Q14:$AD14,0,EV$4)) -> 0 | EW11: =EV11-EX11 -> 0 | EX11: {=SUM(IF(RIGHT(OFFSET('Vacation Tracker'!$Q14:$AD14,0,EV$4))<>"O",IFERROR(--LEFT(OFFSET('Vacation Tracker'!$Q14:$AD14,0,EV$4),LEN(OFFSET('Vacation Tracker'!$Q14:$AD14,0,EV$4))-1),0)))} -> 0 | EY11: {=SUM(IF(RIGHT(OFFSET('Vacation Tracker'!$Q14:$AD14,0,EV$4))=EY$8,IFERROR(--LEFT(OFFSET('Vacation Tracker'!$Q14:$AD14,0,EV$4),LEN(OFFSET('Vacation Tracker'!$Q14:$AD14,0,EV$4))-1),0)))} -> 0 | EZ11: =SUM(OFFSET('Vacation Tracker'!$Q14:$AD14,0,EZ$4)) -> 0 | FA11: =EZ11-FB11 -> 0 | FB11: {=SUM(IF(RIGHT(OFFSET('Vacation Tracker'!$Q14:$AD14,0,EZ$4))<>"O",IFERROR(--LEFT(OFFSET('Vacation Tracker'!$Q14:$AD14,0,EZ$4),LEN(OFFSET('Vacation Tracker'!$Q14:$AD14,0,EZ$4))-1),0)))} -> 0 | FC11: {=SUM(IF(RIGHT(OFFSET('Vacation Tracker'!$Q14:$AD14,0,EZ$4))=FC$8,IFERROR(--LEFT(OFFSET('Vacation Tracker'!$Q14:$AD14,0,EZ$4),LEN(OFFSET('Vacation Tracker'!$Q14:$AD14,0,EZ$4))-1),0)))} -> 0 | FD11: =SUM(OFFSET('Vacation Tracker'!$Q14:$AD14,0,FD$4)) -> 0 | FE11: =FD11-FF11 -> 0 | FF11: {=SUM(IF(RIGHT(OFFSET('Vacation Tracker'!$Q14:$AD14,0,FD$4))<>"O",IFERROR(--LEFT(OFFSET('Vacation Tracker'!$Q14:$AD14,0,FD$4),LEN(OFFSET('Vacation Tracker'!$Q14:$AD14,0,FD$4))-1),0)))} -> 0 | FG11: {=SUM(IF(RIGHT(OFFSET('Vacation Tracker'!$Q14:$AD14,0,FD$4))=FG$8,IFERROR(--LEFT(OFFSET('Vacation Tracker'!$Q14:$AD14,0,FD$4),LEN(OFFSET('Vacation Tracker'!$Q14:$AD14,0,FD$4))-1),0)))} -> 0 | FH11: =SUM(OFFSET('Vacation Tracker'!$Q14:$AD14,0,FH$4)) -> 0 | FI11: =FH11-FJ11 -> 0 | FJ11: {=SUM(IF(RIGHT(OFFSET('Vacation Tracker'!$Q14:$AD14,0,FH$4))<>"O",IFERROR(--LEFT(OFFSET('Vacation Tracker'!$Q14:$AD14,0,FH$4),LEN(OFFSET('Vacation Tracker'!$Q14:$AD14,0,FH$4))-1),0)))} -> 0 | FK11: {=SUM(IF(RIGHT(OFFSET('Vacation Tracker'!$Q14:$AD14,0,FH$4))=FK$8,IFERROR(--LEFT(OFFSET('Vacation Tracker'!$Q14:$AD14,0,FH$4),LEN(OFFSET('Vacation Tracker'!$Q14:$AD14,0,FH$4))-1),0)))} -> 0 | FL11: =SUM(OFFSET('Vacation Tracker'!$Q14:$AD14,0,FL$4)) -> 0 | FM11: =FL11-FN11 -> 0 | FN11: {=SUM(IF(RIGHT(OFFSET('Vacation Tracker'!$Q14:$AD14,0,FL$4))<>"O",IFERROR(--LEFT(OFFSET('Vacation Tracker'!$Q14:$AD14,0,FL$4),LEN(OFFSET('Vacation Tracker'!$Q14:$AD14,0,FL$4))-1),0)))} -> 0 | FO11: {=SUM(IF(RIGHT(OFFSET('Vacation Tracker'!$Q14:$AD14,0,FL$4))=FO$8,IFERROR(--LEFT(OFFSET('Vacation Tracker'!$Q14:$AD14,0,FL$4),LEN(OFFSET('Vacation Tracker'!$Q14:$AD14,0,FL$4))-1),0)))} -> 0 | FP11: =SUM(OFFSET('Vacation Tracker'!$Q14:$AD14,0,FP$4)) -> 0 | FQ11: =FP11-FR11 -> 0 | FR11: {=SUM(IF(RIGHT(OFFSET('Vacation Tracker'!$Q14:$AD14,0,FP$4))<>"O",IFERROR(--LEFT(OFFSET('Vacation Tracker'!$Q14:$AD14,0,FP$4),LEN(OFFSET('Vacation Tracker'!$Q14:$AD14,0,FP$4))-1),0)))} -> 0 | FS11: {=SUM(IF(RIGHT(OFFSET('Vacation Tracker'!$Q14:$AD14,0,FP$4))=FS$8,IFERROR(--LEFT(OFFSET('Vacation Tracker'!$Q14:$AD14,0,FP$4),LEN(OFFSET('Vacation Tracker'!$Q14:$AD14,0,FP$4))-1),0)))} -> 0 | FT11: =SUM(OFFSET('Vacation Tracker'!$Q14:$AD14,0,FT$4)) -> 0 | FU11: =FT11-FV11 -> 0 | FV11: {=SUM(IF(RIGHT(OFFSET('Vacation Tracker'!$Q14:$AD14,0,FT$4))<>"O",IFERROR(--LEFT(OFFSET('Vacation Tracker'!$Q14:$AD14,0,FT$4),LEN(OFFSET('Vacation Tracker'!$Q14:$AD14,0,FT$4))-1),0)))} -> 0 | FW11: {=SUM(IF(RIGHT(OFFSET('Vacation Tracker'!$Q14:$AD14,0,FT$4))=FW$8,IFERROR(--LEFT(OFFSET('Vacation Tracker'!$Q14:$AD14,0,FT$4),LEN(OFFSET('Vacation Tracker'!$Q14:$AD14,0,FT$4))-1),0)))} -> 0 | FX11: =SUM(OFFSET('Vacation Tracker'!$Q14:$AD14,0,FX$4)) -> 0 | FY11: =FX11-FZ11 -> 0 | FZ11: {=SUM(IF(RIGHT(OFFSET('Vacation Tracker'!$Q14:$AD14,0,FX$4))<>"O",IFERROR(--LEFT(OFFSET('Vacation Tracker'!$Q14:$AD14,0,FX$4),LEN(OFFSET('Vacation Tracker'!$Q14:$AD14,0,FX$4))-1),0)))} -> 0 | GA11: {=SUM(IF(RIGHT(OFFSET('Vacation Tracker'!$Q14:$AD14,0,FX$4))=GA$8,IFERROR(--LEFT(OFFSET('Vacation Tracker'!$Q14:$AD14,0,FX$4),LEN(OFFSET('Vacation Tracker'!$Q14:$AD14,0,FX$4))-1),0)))} -> 0 | GB11: =SUM(OFFSET('Vacation Tracker'!$Q14:$AD14,0,GB$4)) -> 0 | GC11: =GB11-GD11 -> 0 | GD11: {=SUM(IF(RIGHT(OFFSET('Vacation Tracker'!$Q14:$AD14,0,GB$4))<>"O",IFERROR(--LEFT(OFFSET('Vacation Tracker'!$Q14:$AD14,0,GB$4),LEN(OFFSET('Vacation Tracker'!$Q14:$AD14,0,GB$4))-1),0)))} -> 0 | GE11: {=SUM(IF(RIGHT(OFFSET('Vacation Tracker'!$Q14:$AD14,0,GB$4))=GE$8,IFERROR(--LEFT(OFFSET('Vacation Tracker'!$Q14:$AD14,0,GB$4),LEN(OFFSET('Vacation Tracker'!$Q14:$AD14,0,GB$4))-1),0)))} -> 0 | GF11: =SUM(OFFSET('Vacation Tracker'!$Q14:$AD14,0,GF$4)) -> 0 | GG11: =GF11-GH11 -> 0 | GH11: {=SUM(IF(RIGHT(OFFSET('Vacation Tracker'!$Q14:$AD14,0,GF$4))<>"O",IFERROR(--LEFT(OFFSET('Vacation Tracker'!$Q14:$AD14,0,GF$4),LEN(OFFSET('Vacation Tracker'!$Q14:$AD14,0,GF$4))-1),0)))} -> 0 | GI11: {=SUM(IF(RIGHT(OFFSET('Vacation Tracker'!$Q14:$AD14,0,GF$4))=GI$8,IFERROR(--LEFT(OFFSET('Vacation Tracker'!$Q14:$AD14,0,GF$4),LEN(OFFSET('Vacation Tracker'!$Q14:$AD14,0,GF$4))-1),0)))} -> 0 | GJ11: =SUM(OFFSET('Vacation Tracker'!$Q14:$AD14,0,GJ$4)) -> 0 | GK11: =GJ11-GL11 -> 0 | GL11: {=SUM(IF(RIGHT(OFFSET('Vacation Tracker'!$Q14:$AD14,0,GJ$4))<>"O",IFERROR(--LEFT(OFFSET('Vacation Tracker'!$Q14:$AD14,0,GJ$4),LEN(OFFSET('Vacation Tracker'!$Q14:$AD14,0,GJ$4))-1),0)))} -> 0 | GM11: {=SUM(IF(RIGHT(OFFSET('Vacation Tracker'!$Q14:$AD14,0,GJ$4))=GM$8,IFERROR(--LEFT(OFFSET('Vacation Tracker'!$Q14:$AD14,0,GJ$4),LEN(OFFSET('Vacation Tracker'!$Q14:$AD14,0,GJ$4))-1),0)))} -> 0 | GN11: =SUM(OFFSET('Vacation Tracker'!$Q14:$AD14,0,GN$4)) -> 0 | GO11: =GN11-GP11 -> 0 | GP11: {=SUM(IF(RIGHT(OFFSET('Vacation Tracker'!$Q14:$AD14,0,GN$4))<>"O",IFERROR(--LEFT(OFFSET('Vacation Tracker'!$Q14:$AD14,0,GN$4),LEN(OFFSET('Vacation Tracker'!$Q14:$AD14,0,GN$4))-1),0)))} -> 0 | GQ11: {=SUM(IF(RIGHT(OFFSET('Vacation Tracker'!$Q14:$AD14,0,GN$4))=GQ$8,IFERROR(--LEFT(OFFSET('Vacation Tracker'!$Q14:$AD14,0,GN$4),LEN(OFFSET('Vacation Tracker'!$Q14:$AD14,0,GN$4))-1),0)))} -> 0 | GR11: =SUM(OFFSET('Vacation Tracker'!$Q14:$AD14,0,GR$4)) -> 0 | GS11: =GR11-GT11 -> 0 | GT11: {=SUM(IF(RIGHT(OFFSET('Vacation Tracker'!$Q14:$AD14,0,GR$4))<>"O",IFERROR(--LEFT(OFFSET('Vacation Tracker'!$Q14:$AD14,0,GR$4),LEN(OFFSET('Vacation Tracker'!$Q14:$AD14,0,GR$4))-1),0)))} -> 0 | GU11: {=SUM(IF(RIGHT(OFFSET('Vacation Tracker'!$Q14:$AD14,0,GR$4))=GU$8,IFERROR(--LEFT(OFFSET('Vacation Tracker'!$Q14:$AD14,0,GR$4),LEN(OFFSET('Vacation Tracker'!$Q14:$AD14,0,GR$4))-1),0)))} -> 0 | GV11: =SUM(OFFSET('Vacation Tracker'!$Q14:$AD14,0,GV$4)) -> 0 | GW11: =GV11-GX11 -> 0 | GX11: {=SUM(IF(RIGHT(OFFSET('Vacation Tracker'!$Q14:$AD14,0,GV$4))<>"O",IFERROR(--LEFT(OFFSET('Vacation Tracker'!$Q14:$AD14,0,GV$4),LEN(OFFSET('Vacation Tracker'!$Q14:$AD14,0,GV$4))-1),0)))} -> 0 | GY11: {=SUM(IF(RIGHT(OFFSET('Vacation Tracker'!$Q14:$AD14,0,GV$4))=GY$8,IFERROR(--LEFT(OFFSET('Vacation Tracker'!$Q14:$AD14,0,GV$4),LEN(OFFSET('Vacation Tracker'!$Q14:$AD14,0,GV$4))-1),0)))} -> 0 | GZ11: =SUM(OFFSET('Vacation Tracker'!$Q14:$AD14,0,GZ$4)) -> 0 | HA11: =GZ11-HB11 -> 0 | HB11: {=SUM(IF(RIGHT(OFFSET('Vacation Tracker'!$Q14:$AD14,0,GZ$4))<>"O",IFERROR(--LEFT(OFFSET('Vacation Tracker'!$Q14:$AD14,0,GZ$4),LEN(OFFSET('Vacation Tracker'!$Q14:$AD14,0,GZ$4))-1),0)))} -> 0 | HC11: {=SUM(IF(RIGHT(OFFSET('Vacation Tracker'!$Q14:$AD14,0,GZ$4))=HC$8,IFERROR(--LEFT(OFFSET('Vacation Tracker'!$Q14:$AD14,0,GZ$4),LEN(OFFSET('Vacation Tracker'!$Q14:$AD14,0,GZ$4))-1),0)))} -> 0 | HD11: =SUM(OFFSET('Vacation Tracker'!$Q14:$AD14,0,HD$4)) -> 0 | HE11: =HD11-HF11 -> 0 | HF11: {=SUM(IF(RIGHT(OFFSET('Vacation Tracker'!$Q14:$AD14,0,HD$4))<>"O",IFERROR(--LEFT(OFFSET('Vacation Tracker'!$Q14:$AD14,0,HD$4),LEN(OFFSET('Vacation Tracker'!$Q14:$AD14,0,HD$4))-1),0)))} -> 0 | HG11: {=SUM(IF(RIGHT(OFFSET('Vacation Tracker'!$Q14:$AD14,0,HD$4))=HG$8,IFERROR(--LEFT(OFFSET('Vacation Tracker'!$Q14:$AD14,0,HD$4),LEN(OFFSET('Vacation Tracker'!$Q14:$AD14,0,HD$4))-1),0)))} -> 0 | HH11: =SUM(OFFSET('Vacation Tracker'!$Q14:$AD14,0,HH$4)) -> 0 | HI11: =HH11-HJ11 -> 0 | HJ11: {=SUM(IF(RIGHT(OFFSET('Vacation Tracker'!$Q14:$AD14,0,HH$4))<>"O",IFERROR(--LEFT(OFFSET('Vacation Tracker'!$Q14:$AD14,0,HH$4),LEN(OFFSET('Vacation Tracker'!$Q14:$AD14,0,HH$4))-1),0)))} -> 0 | HK11: {=SUM(IF(RIGHT(OFFSET('Vacation Tracker'!$Q14:$AD14,0,HH$4))=HK$8,IFERROR(--LEFT(OFFSET('Vacation Tracker'!$Q14:$AD14,0,HH$4),LEN(OFFSET('Vacation Tracker'!$Q14:$AD14,0,HH$4))-1),0)))} -> 0 | HL11: =SUM(OFFSET('Vacation Tracker'!$Q14:$AD14,0,HL$4)) -> 0 | HM11: =HL11-HN11 -> 0 | HN11: {=SUM(IF(RIGHT(OFFSET('Vacation Tracker'!$Q14:$AD14,0,HL$4))<>"O",IFERROR(--LEFT(OFFSET('Vacation Tracker'!$Q14:$AD14,0,HL$4),LEN(OFFSET('Vacation Tracker'!$Q14:$AD14,0,HL$4))-1),0)))} -> 0 | HO11: {=SUM(IF(RIGHT(OFFSET('Vacation Tracker'!$Q14:$AD14,0,HL$4))=HO$8,IFERROR(--LEFT(OFFSET('Vacation Tracker'!$Q14:$AD14,0,HL$4),LEN(OFFSET('Vacation Tracker'!$Q14:$AD14,0,HL$4))-1),0)))} -> 0 | HP11: =SUM(OFFSET('Vacation Tracker'!$Q14:$AD14,0,HP$4)) -> 0 | HQ11: =HP11-HR11 -> 0 | HR11: {=SUM(IF(RIGHT(OFFSET('Vacation Tracker'!$Q14:$AD14,0,HP$4))<>"O",IFERROR(--LEFT(OFFSET('Vacation Tracker'!$Q14:$AD14,0,HP$4),LEN(OFFSET('Vacation Tracker'!$Q14:$AD14,0,HP$4))-1),0)))} -> 0 | HS11: {=SUM(IF(RIGHT(OFFSET('Vacation Tracker'!$Q14:$AD14,0,HP$4))=HS$8,IFERROR(--LEFT(OFFSET('Vacation Tracker'!$Q14:$AD14,0,HP$4),LEN(OFFSET('Vacation Tracker'!$Q14:$AD14,0,HP$4))-1),0)))} -> 0
B12: =IF('Vacation Tracker'!B15<>"",'Vacation Tracker'!B15,"") -> 4 | C12: =IF('Vacation Tracker'!C15<>"",'Vacation Tracker'!C15,"") | D12: =IF('Vacation Tracker'!D15<>"",'Vacation Tracker'!D15,"") | E12: =IF('Vacation Tracker'!E15<>"",'Vacation Tracker'!E15,"") | F12: =IF('Vacation Tracker'!F15<>"",'Vacation Tracker'!F15,"") | G12: =IF('Vacation Tracker'!G15<>"",'Vacation Tracker'!G15,"") | H12: =IF($C12<>"",SUMPRODUCT(($L$8:$FU$8=H$8)*$L12:$FU12),"") | I12: =IF($C12<>"",SUMPRODUCT(($L$8:$FU$8=I$8)*$L12:$FU12),"") | J12: =IF($C12<>"",SUMPRODUCT(($L$8:$FU$8=J$8)*$L12:$FU12),"") | K12: =IF($C12<>"",SUMPRODUCT(($L$8:$FU$8=K$8)*$L12:$FU12),"") | L12: =SUM(OFFSET('Vacation Tracker'!$Q15:$AD15,0,L$4)) -> 0 | M12: =L12-N12 -> 0 | N12: {=SUM(IF(RIGHT(OFFSET('Vacation Tracker'!$Q15:$AD15,0,L$4))<>"O",IFERROR(--LEFT(OFFSET('Vacation Tracker'!$Q15:$AD15,0,L$4),LEN(OFFSET('Vacation Tracker'!$Q15:$AD15,0,L$4))-1),0)))} -> 0 | O12: {=SUM(IF(RIGHT(OFFSET('Vacation Tracker'!$Q15:$AD15,0,L$4))=O$8,IFERROR(--LEFT(OFFSET('Vacation Tracker'!$Q15:$AD15,0,L$4),LEN(OFFSET('Vacation Tracker'!$Q15:$AD15,0,L$4))-1),0)))} -> 0 | P12: =SUM(OFFSET('Vacation Tracker'!$Q15:$AD15,0,P$4)) -> 0 | Q12: =P12-R12 -> 0 | R12: {=SUM(IF(RIGHT(OFFSET('Vacation Tracker'!$Q15:$AD15,0,P$4))<>"O",IFERROR(--LEFT(OFFSET('Vacation Tracker'!$Q15:$AD15,0,P$4),LEN(OFFSET('Vacation Tracker'!$Q15:$AD15,0,P$4))-1),0)))} -> 0 | S12: {=SUM(IF(RIGHT(OFFSET('Vacation Tracker'!$Q15:$AD15,0,P$4))=S$8,IFERROR(--LEFT(OFFSET('Vacation Tracker'!$Q15:$AD15,0,P$4),LEN(OFFSET('Vacation Tracker'!$Q15:$AD15,0,P$4))-1),0)))} -> 0 | T12: =SUM(OFFSET('Vacation Tracker'!$Q15:$AD15,0,T$4)) -> 0 | U12: =T12-V12 -> 0 | V12: {=SUM(IF(RIGHT(OFFSET('Vacation Tracker'!$Q15:$AD15,0,T$4))<>"O",IFERROR(--LEFT(OFFSET('Vacation Tracker'!$Q15:$AD15,0,T$4),LEN(OFFSET('Vacation Tracker'!$Q15:$AD15,0,T$4))-1),0)))} -> 0 | W12: {=SUM(IF(RIGHT(OFFSET('Vacation Tracker'!$Q15:$AD15,0,T$4))=W$8,IFERROR(--LEFT(OFFSET('Vacation Tracker'!$Q15:$AD15,0,T$4),LEN(OFFSET('Vacation Tracker'!$Q15:$AD15,0,T$4))-1),0)))} -> 0 | X12: =SUM(OFFSET('Vacation Tracker'!$Q15:$AD15,0,X$4)) -> 0 | Y12: =X12-Z12 -> 0 | Z12: {=SUM(IF(RIGHT(OFFSET('Vacation Tracker'!$Q15:$AD15,0,X$4))<>"O",IFERROR(--LEFT(OFFSET('Vacation Tracker'!$Q15:$AD15,0,X$4),LEN(OFFSET('Vacation Tracker'!$Q15:$AD15,0,X$4))-1),0)))} -> 0 | AA12: {=SUM(IF(RIGHT(OFFSET('Vacation Tracker'!$Q15:$AD15,0,X$4))=AA$8,IFERROR(--LEFT(OFFSET('Vacation Tracker'!$Q15:$AD15,0,X$4),LEN(OFFSET('Vacation Tracker'!$Q15:$AD15,0,X$4))-1),0)))} -> 0 | AB12: =SUM(OFFSET('Vacation Tracker'!$Q15:$AD15,0,AB$4)) -> 0 | AC12: =AB12-AD12 -> 0 | AD12: {=SUM(IF(RIGHT(OFFSET('Vacation Tracker'!$Q15:$AD15,0,AB$4))<>"O",IFERROR(--LEFT(OFFSET('Vacation Tracker'!$Q15:$AD15,0,AB$4),LEN(OFFSET('Vacation Tracker'!$Q15:$AD15,0,AB$4))-1),0)))} -> 0 | AE12: {=SUM(IF(RIGHT(OFFSET('Vacation Tracker'!$Q15:$AD15,0,AB$4))=AE$8,IFERROR(--LEFT(OFFSET('Vacation Tracker'!$Q15:$AD15,0,AB$4),LEN(OFFSET('Vacation Tracker'!$Q15:$AD15,0,AB$4))-1),0)))} -> 0 | AF12: =SUM(OFFSET('Vacation Tracker'!$Q15:$AD15,0,AF$4)) -> 0 | AG12: =AF12-AH12 -> 0 | AH12: {=SUM(IF(RIGHT(OFFSET('Vacation Tracker'!$Q15:$AD15,0,AF$4))<>"O",IFERROR(--LEFT(OFFSET('Vacation Tracker'!$Q15:$AD15,0,AF$4),LEN(OFFSET('Vacation Tracker'!$Q15:$AD15,0,AF$4))-1),0)))} -> 0 | AI12: {=SUM(IF(RIGHT(OFFSET('Vacation Tracker'!$Q15:$AD15,0,AF$4))=AI$8,IFERROR(--LEFT(OFFSET('Vacation Tracker'!$Q15:$AD15,0,AF$4),LEN(OFFSET('Vacation Tracker'!$Q15:$AD15,0,AF$4))-1),0)))} -> 0 | AJ12: =SUM(OFFSET('Vacation Tracker'!$Q15:$AD15,0,AJ$4)) -> 0 | AK12: =AJ12-AL12 -> 0 | AL12: {=SUM(IF(RIGHT(OFFSET('Vacation Tracker'!$Q15:$AD15,0,AJ$4))<>"O",IFERROR(--LEFT(OFFSET('Vacation Tracker'!$Q15:$AD15,0,AJ$4),LEN(OFFSET('Vacation Tracker'!$Q15:$AD15,0,AJ$4))-1),0)))} -> 0 | AM12: {=SUM(IF(RIGHT(OFFSET('Vacation Tracker'!$Q15:$AD15,0,AJ$4))=AM$8,IFERROR(--LEFT(OFFSET('Vacation Tracker'!$Q15:$AD15,0,AJ$4),LEN(OFFSET('Vacation Tracker'!$Q15:$AD15,0,AJ$4))-1),0)))} -> 0 | AN12: =SUM(OFFSET('Vacation Tracker'!$Q15:$AD15,0,AN$4)) -> 0 | AO12: =AN12-AP12 -> 0 | AP12: {=SUM(IF(RIGHT(OFFSET('Vacation Tracker'!$Q15:$AD15,0,AN$4))<>"O",IFERROR(--LEFT(OFFSET('Vacation Tracker'!$Q15:$AD15,0,AN$4),LEN(OFFSET('Vacation Tracker'!$Q15:$AD15,0,AN$4))-1),0)))} -> 0 | AQ12: {=SUM(IF(RIGHT(OFFSET('Vacation Tracker'!$Q15:$AD15,0,AN$4))=AQ$8,IFERROR(--LEFT(OFFSET('Vacation Tracker'!$Q15:$AD15,0,AN$4),LEN(OFFSET('Vacation Tracker'!$Q15:$AD15,0,AN$4))-1),0)))} -> 0 | AR12: =SUM(OFFSET('Vacation Tracker'!$Q15:$AD15,0,AR$4)) -> 0 | AS12: =AR12-AT12 -> 0 | AT12: {=SUM(IF(RIGHT(OFFSET('Vacation Tracker'!$Q15:$AD15,0,AR$4))<>"O",IFERROR(--LEFT(OFFSET('Vacation Tracker'!$Q15:$AD15,0,AR$4),LEN(OFFSET('Vacation Tracker'!$Q15:$AD15,0,AR$4))-1),0)))} -> 0 | AU12: {=SUM(IF(RIGHT(OFFSET('Vacation Tracker'!$Q15:$AD15,0,AR$4))=AU$8,IFERROR(--LEFT(OFFSET('Vacation Tracker'!$Q15:$AD15,0,AR$4),LEN(OFFSET('Vacation Tracker'!$Q15:$AD15,0,AR$4))-1),0)))} -> 0 | AV12: =SUM(OFFSET('Vacation Tracker'!$Q15:$AD15,0,AV$4)) -> 0 | AW12: =AV12-AX12 -> 0 | AX12: {=SUM(IF(RIGHT(OFFSET('Vacation Tracker'!$Q15:$AD15,0,AV$4))<>"O",IFERROR(--LEFT(OFFSET('Vacation Tracker'!$Q15:$AD15,0,AV$4),LEN(OFFSET('Vacation Tracker'!$Q15:$AD15,0,AV$4))-1),0)))} -> 0 | AY12: {=SUM(IF(RIGHT(OFFSET('Vacation Tracker'!$Q15:$AD15,0,AV$4))=AY$8,IFERROR(--LEFT(OFFSET('Vacation Tracker'!$Q15:$AD15,0,AV$4),LEN(OFFSET('Vacation Tracker'!$Q15:$AD15,0,AV$4))-1),0)))} -> 0 | AZ12: =SUM(OFFSET('Vacation Tracker'!$Q15:$AD15,0,AZ$4)) -> 0 | BA12: =AZ12-BB12 -> 0 | BB12: {=SUM(IF(RIGHT(OFFSET('Vacation Tracker'!$Q15:$AD15,0,AZ$4))<>"O",IFERROR(--LEFT(OFFSET('Vacation Tracker'!$Q15:$AD15,0,AZ$4),LEN(OFFSET('Vacation Tracker'!$Q15:$AD15,0,AZ$4))-1),0)))} -> 0 | BC12: {=SUM(IF(RIGHT(OFFSET('Vacation Tracker'!$Q15:$AD15,0,AZ$4))=BC$8,IFERROR(--LEFT(OFFSET('Vacation Tracker'!$Q15:$AD15,0,AZ$4),LEN(OFFSET('Vacation Tracker'!$Q15:$AD15,0,AZ$4))-1),0)))} -> 0 | BD12: =SUM(OFFSET('Vacation Tracker'!$Q15:$AD15,0,BD$4)) -> 0 | BE12: =BD12-BF12 -> 0 | BF12: {=SUM(IF(RIGHT(OFFSET('Vacation Tracker'!$Q15:$AD15,0,BD$4))<>"O",IFERROR(--LEFT(OFFSET('Vacation Tracker'!$Q15:$AD15,0,BD$4),LEN(OFFSET('Vacation Tracker'!$Q15:$AD15,0,BD$4))-1),0)))} -> 0 | BG12: {=SUM(IF(RIGHT(OFFSET('Vacation Tracker'!$Q15:$AD15,0,BD$4))=BG$8,IFERROR(--LEFT(OFFSET('Vacation Tracker'!$Q15:$AD15,0,BD$4),LEN(OFFSET('Vacation Tracker'!$Q15:$AD15,0,BD$4))-1),0)))} -> 0 | BH12: =SUM(OFFSET('Vacation Tracker'!$Q15:$AD15,0,BH$4)) -> 0 | BI12: =BH12-BJ12 -> 0 | BJ12: {=SUM(IF(RIGHT(OFFSET('Vacation Tracker'!$Q15:$AD15,0,BH$4))<>"O",IFERROR(--LEFT(OFFSET('Vacation Tracker'!$Q15:$AD15,0,BH$4),LEN(OFFSET('Vacation Tracker'!$Q15:$AD15,0,BH$4))-1),0)))} -> 0 | BK12: {=SUM(IF(RIGHT(OFFSET('Vacation Tracker'!$Q15:$AD15,0,BH$4))=BK$8,IFERROR(--LEFT(OFFSET('Vacation Tracker'!$Q15:$AD15,0,BH$4),LEN(OFFSET('Vacation Tracker'!$Q15:$AD15,0,BH$4))-1),0)))} -> 0 | BL12: =SUM(OFFSET('Vacation Tracker'!$Q15:$AD15,0,BL$4)) -> 0 | BM12: =BL12-BN12 -> 0 | BN12: {=SUM(IF(RIGHT(OFFSET('Vacation Tracker'!$Q15:$AD15,0,BL$4))<>"O",IFERROR(--LEFT(OFFSET('Vacation Tracker'!$Q15:$AD15,0,BL$4),LEN(OFFSET('Vacation Tracker'!$Q15:$AD15,0,BL$4))-1),0)))} -> 0 | BO12: {=SUM(IF(RIGHT(OFFSET('Vacation Tracker'!$Q15:$AD15,0,BL$4))=BO$8,IFERROR(--LEFT(OFFSET('Vacation Tracker'!$Q15:$AD15,0,BL$4),LEN(OFFSET('Vacation Tracker'!$Q15:$AD15,0,BL$4))-1),0)))} -> 0 | BP12: =SUM(OFFSET('Vacation Tracker'!$Q15:$AD15,0,BP$4)) -> 0 | BQ12: =BP12-BR12 -> 0 | BR12: {=SUM(IF(RIGHT(OFFSET('Vacation Tracker'!$Q15:$AD15,0,BP$4))<>"O",IFERROR(--LEFT(OFFSET('Vacation Tracker'!$Q15:$AD15,0,BP$4),LEN(OFFSET('Vacation Tracker'!$Q15:$AD15,0,BP$4))-1),0)))} -> 0 | BS12: {=SUM(IF(RIGHT(OFFSET('Vacation Tracker'!$Q15:$AD15,0,BP$4))=BS$8,IFERROR(--LEFT(OFFSET('Vacation Tracker'!$Q15:$AD15,0,BP$4),LEN(OFFSET('Vacation Tracker'!$Q15:$AD15,0,BP$4))-1),0)))} -> 0 | BT12: =SUM(OFFSET('Vacation Tracker'!$Q15:$AD15,0,BT$4)) -> 0 | BU12: =BT12-BV12 -> 0 | BV12: {=SUM(IF(RIGHT(OFFSET('Vacation Tracker'!$Q15:$AD15,0,BT$4))<>"O",IFERROR(--LEFT(OFFSET('Vacation Tracker'!$Q15:$AD15,0,BT$4),LEN(OFFSET('Vacation Tracker'!$Q15:$AD15,0,BT$4))-1),0)))} -> 0 | BW12: {=SUM(IF(RIGHT(OFFSET('Vacation Tracker'!$Q15:$AD15,0,BT$4))=BW$8,IFERROR(--LEFT(OFFSET('Vacation Tracker'!$Q15:$AD15,0,BT$4),LEN(OFFSET('Vacation Tracker'!$Q15:$AD15,0,BT$4))-1),0)))} -> 0 | BX12: =SUM(OFFSET('Vacation Tracker'!$Q15:$AD15,0,BX$4)) -> 0 | BY12: =BX12-BZ12 -> 0 | BZ12: {=SUM(IF(RIGHT(OFFSET('Vacation Tracker'!$Q15:$AD15,0,BX$4))<>"O",IFERROR(--LEFT(OFFSET('Vacation Tracker'!$Q15:$AD15,0,BX$4),LEN(OFFSET('Vacation Tracker'!$Q15:$AD15,0,BX$4))-1),0)))} -> 0 | CA12: {=SUM(IF(RIGHT(OFFSET('Vacation Tracker'!$Q15:$AD15,0,BX$4))=CA$8,IFERROR(--LEFT(OFFSET('Vacation Tracker'!$Q15:$AD15,0,BX$4),LEN(OFFSET('Vacation Tracker'!$Q15:$AD15,0,BX$4))-1),0)))} -> 0 | CB12: =SUM(OFFSET('Vacation Tracker'!$Q15:$AD15,0,CB$4)) -> 0 | CC12: =CB12-CD12 -> 0 | CD12: {=SUM(IF(RIGHT(OFFSET('Vacation Tracker'!$Q15:$AD15,0,CB$4))<>"O",IFERROR(--LEFT(OFFSET('Vacation Tracker'!$Q15:$AD15,0,CB$4),LEN(OFFSET('Vacation Tracker'!$Q15:$AD15,0,CB$4))-1),0)))} -> 0 | CE12: {=SUM(IF(RIGHT(OFFSET('Vacation Tracker'!$Q15:$AD15,0,CB$4))=CE$8,IFERROR(--LEFT(OFFSET('Vacation Tracker'!$Q15:$AD15,0,CB$4),LEN(OFFSET('Vacation Tracker'!$Q15:$AD15,0,CB$4))-1),0)))} -> 0 | CF12: =SUM(OFFSET('Vacation Tracker'!$Q15:$AD15,0,CF$4)) -> 0 | CG12: =CF12-CH12 -> 0 | CH12: {=SUM(IF(RIGHT(OFFSET('Vacation Tracker'!$Q15:$AD15,0,CF$4))<>"O",IFERROR(--LEFT(OFFSET('Vacation Tracker'!$Q15:$AD15,0,CF$4),LEN(OFFSET('Vacation Tracker'!$Q15:$AD15,0,CF$4))-1),0)))} -> 0 | CI12: {=SUM(IF(RIGHT(OFFSET('Vacation Tracker'!$Q15:$AD15,0,CF$4))=CI$8,IFERROR(--LEFT(OFFSET('Vacation Tracker'!$Q15:$AD15,0,CF$4),LEN(OFFSET('Vacation Tracker'!$Q15:$AD15,0,CF$4))-1),0)))} -> 0 | CJ12: =SUM(OFFSET('Vacation Tracker'!$Q15:$AD15,0,CJ$4)) -> 0 | CK12: =CJ12-CL12 -> 0 | CL12: {=SUM(IF(RIGHT(OFFSET('Vacation Tracker'!$Q15:$AD15,0,CJ$4))<>"O",IFERROR(--LEFT(OFFSET('Vacation Tracker'!$Q15:$AD15,0,CJ$4),LEN(OFFSET('Vacation Tracker'!$Q15:$AD15,0,CJ$4))-1),0)))} -> 0 | CM12: {=SUM(IF(RIGHT(OFFSET('Vacation Tracker'!$Q15:$AD15,0,CJ$4))=CM$8,IFERROR(--LEFT(OFFSET('Vacation Tracker'!$Q15:$AD15,0,CJ$4),LEN(OFFSET('Vacation Tracker'!$Q15:$AD15,0,CJ$4))-1),0)))} -> 0 | CN12: =SUM(OFFSET('Vacation Tracker'!$Q15:$AD15,0,CN$4)) -> 0 | CO12: =CN12-CP12 -> 0 | CP12: {=SUM(IF(RIGHT(OFFSET('Vacation Tracker'!$Q15:$AD15,0,CN$4))<>"O",IFERROR(--LEFT(OFFSET('Vacation Tracker'!$Q15:$AD15,0,CN$4),LEN(OFFSET('Vacation Tracker'!$Q15:$AD15,0,CN$4))-1),0)))} -> 0 | CQ12: {=SUM(IF(RIGHT(OFFSET('Vacation Tracker'!$Q15:$AD15,0,CN$4))=CQ$8,IFERROR(--LEFT(OFFSET('Vacation Tracker'!$Q15:$AD15,0,CN$4),LEN(OFFSET('Vacation Tracker'!$Q15:$AD15,0,CN$4))-1),0)))} -> 0 | CR12: =SUM(OFFSET('Vacation Tracker'!$Q15:$AD15,0,CR$4)) -> 0 | CS12: =CR12-CT12 -> 0 | CT12: {=SUM(IF(RIGHT(OFFSET('Vacation Tracker'!$Q15:$AD15,0,CR$4))<>"O",IFERROR(--LEFT(OFFSET('Vacation Tracker'!$Q15:$AD15,0,CR$4),LEN(OFFSET('Vacation Tracker'!$Q15:$AD15,0,CR$4))-1),0)))} -> 0 | CU12: {=SUM(IF(RIGHT(OFFSET('Vacation Tracker'!$Q15:$AD15,0,CR$4))=CU$8,IFERROR(--LEFT(OFFSET('Vacation Tracker'!$Q15:$AD15,0,CR$4),LEN(OFFSET('Vacation Tracker'!$Q15:$AD15,0,CR$4))-1),0)))} -> 0 | CV12: =SUM(OFFSET('Vacation Tracker'!$Q15:$AD15,0,CV$4)) -> 0 | CW12: =CV12-CX12 -> 0 | CX12: {=SUM(IF(RIGHT(OFFSET('Vacation Tracker'!$Q15:$AD15,0,CV$4))<>"O",IFERROR(--LEFT(OFFSET('Vacation Tracker'!$Q15:$AD15,0,CV$4),LEN(OFFSET('Vacation Tracker'!$Q15:$AD15,0,CV$4))-1),0)))} -> 0 | CY12: {=SUM(IF(RIGHT(OFFSET('Vacation Tracker'!$Q15:$AD15,0,CV$4))=CY$8,IFERROR(--LEFT(OFFSET('Vacation Tracker'!$Q15:$AD15,0,CV$4),LEN(OFFSET('Vacation Tracker'!$Q15:$AD15,0,CV$4))-1),0)))} -> 0 | CZ12: =SUM(OFFSET('Vacation Tracker'!$Q15:$AD15,0,CZ$4)) -> 0 | DA12: =CZ12-DB12 -> 0 | DB12: {=SUM(IF(RIGHT(OFFSET('Vacation Tracker'!$Q15:$AD15,0,CZ$4))<>"O",IFERROR(--LEFT(OFFSET('Vacation Tracker'!$Q15:$AD15,0,CZ$4),LEN(OFFSET('Vacation Tracker'!$Q15:$AD15,0,CZ$4))-1),0)))} -> 0 | DC12: {=SUM(IF(RIGHT(OFFSET('Vacation Tracker'!$Q15:$AD15,0,CZ$4))=DC$8,IFERROR(--LEFT(OFFSET('Vacation Tracker'!$Q15:$AD15,0,CZ$4),LEN(OFFSET('Vacation Tracker'!$Q15:$AD15,0,CZ$4))-1),0)))} -> 0 | DD12: =SUM(OFFSET('Vacation Tracker'!$Q15:$AD15,0,DD$4)) -> 0 | DE12: =DD12-DF12 -> 0 | DF12: {=SUM(IF(RIGHT(OFFSET('Vacation Tracker'!$Q15:$AD15,0,DD$4))<>"O",IFERROR(--LEFT(OFFSET('Vacation Tracker'!$Q15:$AD15,0,DD$4),LEN(OFFSET('Vacation Tracker'!$Q15:$AD15,0,DD$4))-1),0)))} -> 0 | DG12: {=SUM(IF(RIGHT(OFFSET('Vacation Tracker'!$Q15:$AD15,0,DD$4))=DG$8,IFERROR(--LEFT(OFFSET('Vacation Tracker'!$Q15:$AD15,0,DD$4),LEN(OFFSET('Vacation Tracker'!$Q15:$AD15,0,DD$4))-1),0)))} -> 0 | DH12: =SUM(OFFSET('Vacation Tracker'!$Q15:$AD15,0,DH$4)) -> 0 | DI12: =DH12-DJ12 -> 0 | DJ12: {=SUM(IF(RIGHT(OFFSET('Vacation Tracker'!$Q15:$AD15,0,DH$4))<>"O",IFERROR(--LEFT(OFFSET('Vacation Tracker'!$Q15:$AD15,0,DH$4),LEN(OFFSET('Vacation Tracker'!$Q15:$AD15,0,DH$4))-1),0)))} -> 0 | DK12: {=SUM(IF(RIGHT(OFFSET('Vacation Tracker'!$Q15:$AD15,0,DH$4))=DK$8,IFERROR(--LEFT(OFFSET('Vacation Tracker'!$Q15:$AD15,0,DH$4),LEN(OFFSET('Vacation Tracker'!$Q15:$AD15,0,DH$4))-1),0)))} -> 0 | DL12: =SUM(OFFSET('Vacation Tracker'!$Q15:$AD15,0,DL$4)) -> 0 | DM12: =DL12-DN12 -> 0 | DN12: {=SUM(IF(RIGHT(OFFSET('Vacation Tracker'!$Q15:$AD15,0,DL$4))<>"O",IFERROR(--LEFT(OFFSET('Vacation Tracker'!$Q15:$AD15,0,DL$4),LEN(OFFSET('Vacation Tracker'!$Q15:$AD15,0,DL$4))-1),0)))} -> 0 | DO12: {=SUM(IF(RIGHT(OFFSET('Vacation Tracker'!$Q15:$AD15,0,DL$4))=DO$8,IFERROR(--LEFT(OFFSET('Vacation Tracker'!$Q15:$AD15,0,DL$4),LEN(OFFSET('Vacation Tracker'!$Q15:$AD15,0,DL$4))-1),0)))} -> 0 | DP12: =SUM(OFFSET('Vacation Tracker'!$Q15:$AD15,0,DP$4)) -> 0 | DQ12: =DP12-DR12 -> 0 | DR12: {=SUM(IF(RIGHT(OFFSET('Vacation Tracker'!$Q15:$AD15,0,DP$4))<>"O",IFERROR(--LEFT(OFFSET('Vacation Tracker'!$Q15:$AD15,0,DP$4),LEN(OFFSET('Vacation Tracker'!$Q15:$AD15,0,DP$4))-1),0)))} -> 0 | DS12: {=SUM(IF(RIGHT(OFFSET('Vacation Tracker'!$Q15:$AD15,0,DP$4))=DS$8,IFERROR(--LEFT(OFFSET('Vacation Tracker'!$Q15:$AD15,0,DP$4),LEN(OFFSET('Vacation Tracker'!$Q15:$AD15,0,DP$4))-1),0)))} -> 0 | DT12: =SUM(OFFSET('Vacation Tracker'!$Q15:$AD15,0,DT$4)) -> 0 | DU12: =DT12-DV12 -> 0 | DV12: {=SUM(IF(RIGHT(OFFSET('Vacation Tracker'!$Q15:$AD15,0,DT$4))<>"O",IFERROR(--LEFT(OFFSET('Vacation Tracker'!$Q15:$AD15,0,DT$4),LEN(OFFSET('Vacation Tracker'!$Q15:$AD15,0,DT$4))-1),0)))} -> 0 | DW12: {=SUM(IF(RIGHT(OFFSET('Vacation Tracker'!$Q15:$AD15,0,DT$4))=DW$8,IFERROR(--LEFT(OFFSET('Vacation Tracker'!$Q15:$AD15,0,DT$4),LEN(OFFSET('Vacation Tracker'!$Q15:$AD15,0,DT$4))-1),0)))} -> 0 | DX12: =SUM(OFFSET('Vacation Tracker'!$Q15:$AD15,0,DX$4)) -> 0 | DY12: =DX12-DZ12 -> 0 | DZ12: {=SUM(IF(RIGHT(OFFSET('Vacation Tracker'!$Q15:$AD15,0,DX$4))<>"O",IFERROR(--LEFT(OFFSET('Vacation Tracker'!$Q15:$AD15,0,DX$4),LEN(OFFSET('Vacation Tracker'!$Q15:$AD15,0,DX$4))-1),0)))} -> 0 | EA12: {=SUM(IF(RIGHT(OFFSET('Vacation Tracker'!$Q15:$AD15,0,DX$4))=EA$8,IFERROR(--LEFT(OFFSET('Vacation Tracker'!$Q15:$AD15,0,DX$4),LEN(OFFSET('Vacation Tracker'!$Q15:$AD15,0,DX$4))-1),0)))} -> 0 | EB12: =SUM(OFFSET('Vacation Tracker'!$Q15:$AD15,0,EB$4)) -> 0 | EC12: =EB12-ED12 -> 0 | ED12: {=SUM(IF(RIGHT(OFFSET('Vacation Tracker'!$Q15:$AD15,0,EB$4))<>"O",IFERROR(--LEFT(OFFSET('Vacation Tracker'!$Q15:$AD15,0,EB$4),LEN(OFFSET('Vacation Tracker'!$Q15:$AD15,0,EB$4))-1),0)))} -> 0 | EE12: {=SUM(IF(RIGHT(OFFSET('Vacation Tracker'!$Q15:$AD15,0,EB$4))=EE$8,IFERROR(--LEFT(OFFSET('Vacation Tracker'!$Q15:$AD15,0,EB$4),LEN(OFFSET('Vacation Tracker'!$Q15:$AD15,0,EB$4))-1),0)))} -> 0 | EF12: =SUM(OFFSET('Vacation Tracker'!$Q15:$AD15,0,EF$4)) -> 0 | EG12: =EF12-EH12 -> 0 | EH12: {=SUM(IF(RIGHT(OFFSET('Vacation Tracker'!$Q15:$AD15,0,EF$4))<>"O",IFERROR(--LEFT(OFFSET('Vacation Tracker'!$Q15:$AD15,0,EF$4),LEN(OFFSET('Vacation Tracker'!$Q15:$AD15,0,EF$4))-1),0)))} -> 0 | EI12: {=SUM(IF(RIGHT(OFFSET('Vacation Tracker'!$Q15:$AD15,0,EF$4))=EI$8,IFERROR(--LEFT(OFFSET('Vacation Tracker'!$Q15:$AD15,0,EF$4),LEN(OFFSET('Vacation Tracker'!$Q15:$AD15,0,EF$4))-1),0)))} -> 0 | EJ12: =SUM(OFFSET('Vacation Tracker'!$Q15:$AD15,0,EJ$4)) -> 0 | EK12: =EJ12-EL12 -> 0 | EL12: {=SUM(IF(RIGHT(OFFSET('Vacation Tracker'!$Q15:$AD15,0,EJ$4))<>"O",IFERROR(--LEFT(OFFSET('Vacation Tracker'!$Q15:$AD15,0,EJ$4),LEN(OFFSET('Vacation Tracker'!$Q15:$AD15,0,EJ$4))-1),0)))} -> 0 | EM12: {=SUM(IF(RIGHT(OFFSET('Vacation Tracker'!$Q15:$AD15,0,EJ$4))=EM$8,IFERROR(--LEFT(OFFSET('Vacation Tracker'!$Q15:$AD15,0,EJ$4),LEN(OFFSET('Vacation Tracker'!$Q15:$AD15,0,EJ$4))-1),0)))} -> 0 | EN12: =SUM(OFFSET('Vacation Tracker'!$Q15:$AD15,0,EN$4)) -> 0 | EO12: =EN12-EP12 -> 0 | EP12: {=SUM(IF(RIGHT(OFFSET('Vacation Tracker'!$Q15:$AD15,0,EN$4))<>"O",IFERROR(--LEFT(OFFSET('Vacation Tracker'!$Q15:$AD15,0,EN$4),LEN(OFFSET('Vacation Tracker'!$Q15:$AD15,0,EN$4))-1),0)))} -> 0 | EQ12: {=SUM(IF(RIGHT(OFFSET('Vacation Tracker'!$Q15:$AD15,0,EN$4))=EQ$8,IFERROR(--LEFT(OFFSET('Vacation Tracker'!$Q15:$AD15,0,EN$4),LEN(OFFSET('Vacation Tracker'!$Q15:$AD15,0,EN$4))-1),0)))} -> 0 | ER12: =SUM(OFFSET('Vacation Tracker'!$Q15:$AD15,0,ER$4)) -> 0 | ES12: =ER12-ET12 -> 0 | ET12: {=SUM(IF(RIGHT(OFFSET('Vacation Tracker'!$Q15:$AD15,0,ER$4))<>"O",IFERROR(--LEFT(OFFSET('Vacation Tracker'!$Q15:$AD15,0,ER$4),LEN(OFFSET('Vacation Tracker'!$Q15:$AD15,0,ER$4))-1),0)))} -> 0 | EU12: {=SUM(IF(RIGHT(OFFSET('Vacation Tracker'!$Q15:$AD15,0,ER$4))=EU$8,IFERROR(--LEFT(OFFSET('Vacation Tracker'!$Q15:$AD15,0,ER$4),LEN(OFFSET('Vacation Tracker'!$Q15:$AD15,0,ER$4))-1),0)))} -> 0 | EV12: =SUM(OFFSET('Vacation Tracker'!$Q15:$AD15,0,EV$4)) -> 0 | EW12: =EV12-EX12 -> 0 | EX12: {=SUM(IF(RIGHT(OFFSET('Vacation Tracker'!$Q15:$AD15,0,EV$4))<>"O",IFERROR(--LEFT(OFFSET('Vacation Tracker'!$Q15:$AD15,0,EV$4),LEN(OFFSET('Vacation Tracker'!$Q15:$AD15,0,EV$4))-1),0)))} -> 0 | EY12: {=SUM(IF(RIGHT(OFFSET('Vacation Tracker'!$Q15:$AD15,0,EV$4))=EY$8,IFERROR(--LEFT(OFFSET('Vacation Tracker'!$Q15:$AD15,0,EV$4),LEN(OFFSET('Vacation Tracker'!$Q15:$AD15,0,EV$4))-1),0)))} -> 0 | EZ12: =SUM(OFFSET('Vacation Tracker'!$Q15:$AD15,0,EZ$4)) -> 0 | FA12: =EZ12-FB12 -> 0 | FB12: {=SUM(IF(RIGHT(OFFSET('Vacation Tracker'!$Q15:$AD15,0,EZ$4))<>"O",IFERROR(--LEFT(OFFSET('Vacation Tracker'!$Q15:$AD15,0,EZ$4),LEN(OFFSET('Vacation Tracker'!$Q15:$AD15,0,EZ$4))-1),0)))} -> 0 | FC12: {=SUM(IF(RIGHT(OFFSET('Vacation Tracker'!$Q15:$AD15,0,EZ$4))=FC$8,IFERROR(--LEFT(OFFSET('Vacation Tracker'!$Q15:$AD15,0,EZ$4),LEN(OFFSET('Vacation Tracker'!$Q15:$AD15,0,EZ$4))-1),0)))} -> 0 | FD12: =SUM(OFFSET('Vacation Tracker'!$Q15:$AD15,0,FD$4)) -> 0 | FE12: =FD12-FF12 -> 0 | FF12: {=SUM(IF(RIGHT(OFFSET('Vacation Tracker'!$Q15:$AD15,0,FD$4))<>"O",IFERROR(--LEFT(OFFSET('Vacation Tracker'!$Q15:$AD15,0,FD$4),LEN(OFFSET('Vacation Tracker'!$Q15:$AD15,0,FD$4))-1),0)))} -> 0 | FG12: {=SUM(IF(RIGHT(OFFSET('Vacation Tracker'!$Q15:$AD15,0,FD$4))=FG$8,IFERROR(--LEFT(OFFSET('Vacation Tracker'!$Q15:$AD15,0,FD$4),LEN(OFFSET('Vacation Tracker'!$Q15:$AD15,0,FD$4))-1),0)))} -> 0 | FH12: =SUM(OFFSET('Vacation Tracker'!$Q15:$AD15,0,FH$4)) -> 0 | FI12: =FH12-FJ12 -> 0 | FJ12: {=SUM(IF(RIGHT(OFFSET('Vacation Tracker'!$Q15:$AD15,0,FH$4))<>"O",IFERROR(--LEFT(OFFSET('Vacation Tracker'!$Q15:$AD15,0,FH$4),LEN(OFFSET('Vacation Tracker'!$Q15:$AD15,0,FH$4))-1),0)))} -> 0 | FK12: {=SUM(IF(RIGHT(OFFSET('Vacation Tracker'!$Q15:$AD15,0,FH$4))=FK$8,IFERROR(--LEFT(OFFSET('Vacation Tracker'!$Q15:$AD15,0,FH$4),LEN(OFFSET('Vacation Tracker'!$Q15:$AD15,0,FH$4))-1),0)))} -> 0 | FL12: =SUM(OFFSET('Vacation Tracker'!$Q15:$AD15,0,FL$4)) -> 0 | FM12: =FL12-FN12 -> 0 | FN12: {=SUM(IF(RIGHT(OFFSET('Vacation Tracker'!$Q15:$AD15,0,FL$4))<>"O",IFERROR(--LEFT(OFFSET('Vacation Tracker'!$Q15:$AD15,0,FL$4),LEN(OFFSET('Vacation Tracker'!$Q15:$AD15,0,FL$4))-1),0)))} -> 0 | FO12: {=SUM(IF(RIGHT(OFFSET('Vacation Tracker'!$Q15:$AD15,0,FL$4))=FO$8,IFERROR(--LEFT(OFFSET('Vacation Tracker'!$Q15:$AD15,0,FL$4),LEN(OFFSET('Vacation Tracker'!$Q15:$AD15,0,FL$4))-1),0)))} -> 0 | FP12: =SUM(OFFSET('Vacation Tracker'!$Q15:$AD15,0,FP$4)) -> 0 | FQ12: =FP12-FR12 -> 0 | FR12: {=SUM(IF(RIGHT(OFFSET('Vacation Tracker'!$Q15:$AD15,0,FP$4))<>"O",IFERROR(--LEFT(OFFSET('Vacation Tracker'!$Q15:$AD15,0,FP$4),LEN(OFFSET('Vacation Tracker'!$Q15:$AD15,0,FP$4))-1),0)))} -> 0 | FS12: {=SUM(IF(RIGHT(OFFSET('Vacation Tracker'!$Q15:$AD15,0,FP$4))=FS$8,IFERROR(--LEFT(OFFSET('Vacation Tracker'!$Q15:$AD15,0,FP$4),LEN(OFFSET('Vacation Tracker'!$Q15:$AD15,0,FP$4))-1),0)))} -> 0 | FT12: =SUM(OFFSET('Vacation Tracker'!$Q15:$AD15,0,FT$4)) -> 0 | FU12: =FT12-FV12 -> 0 | FV12: {=SUM(IF(RIGHT(OFFSET('Vacation Tracker'!$Q15:$AD15,0,FT$4))<>"O",IFERROR(--LEFT(OFFSET('Vacation Tracker'!$Q15:$AD15,0,FT$4),LEN(OFFSET('Vacation Tracker'!$Q15:$AD15,0,FT$4))-1),0)))} -> 0 | FW12: {=SUM(IF(RIGHT(OFFSET('Vacation Tracker'!$Q15:$AD15,0,FT$4))=FW$8,IFERROR(--LEFT(OFFSET('Vacation Tracker'!$Q15:$AD15,0,FT$4),LEN(OFFSET('Vacation Tracker'!$Q15:$AD15,0,FT$4))-1),0)))} -> 0 | FX12: =SUM(OFFSET('Vacation Tracker'!$Q15:$AD15,0,FX$4)) -> 0 | FY12: =FX12-FZ12 -> 0 | FZ12: {=SUM(IF(RIGHT(OFFSET('Vacation Tracker'!$Q15:$AD15,0,FX$4))<>"O",IFERROR(--LEFT(OFFSET('Vacation Tracker'!$Q15:$AD15,0,FX$4),LEN(OFFSET('Vacation Tracker'!$Q15:$AD15,0,FX$4))-1),0)))} -> 0 | GA12: {=SUM(IF(RIGHT(OFFSET('Vacation Tracker'!$Q15:$AD15,0,FX$4))=GA$8,IFERROR(--LEFT(OFFSET('Vacation Tracker'!$Q15:$AD15,0,FX$4),LEN(OFFSET('Vacation Tracker'!$Q15:$AD15,0,FX$4))-1),0)))} -> 0 | GB12: =SUM(OFFSET('Vacation Tracker'!$Q15:$AD15,0,GB$4)) -> 0 | GC12: =GB12-GD12 -> 0 | GD12: {=SUM(IF(RIGHT(OFFSET('Vacation Tracker'!$Q15:$AD15,0,GB$4))<>"O",IFERROR(--LEFT(OFFSET('Vacation Tracker'!$Q15:$AD15,0,GB$4),LEN(OFFSET('Vacation Tracker'!$Q15:$AD15,0,GB$4))-1),0)))} -> 0 | GE12: {=SUM(IF(RIGHT(OFFSET('Vacation Tracker'!$Q15:$AD15,0,GB$4))=GE$8,IFERROR(--LEFT(OFFSET('Vacation Tracker'!$Q15:$AD15,0,GB$4),LEN(OFFSET('Vacation Tracker'!$Q15:$AD15,0,GB$4))-1),0)))} -> 0 | GF12: =SUM(OFFSET('Vacation Tracker'!$Q15:$AD15,0,GF$4)) -> 0 | GG12: =GF12-GH12 -> 0 | GH12: {=SUM(IF(RIGHT(OFFSET('Vacation Tracker'!$Q15:$AD15,0,GF$4))<>"O",IFERROR(--LEFT(OFFSET('Vacation Tracker'!$Q15:$AD15,0,GF$4),LEN(OFFSET('Vacation Tracker'!$Q15:$AD15,0,GF$4))-1),0)))} -> 0 | GI12: {=SUM(IF(RIGHT(OFFSET('Vacation Tracker'!$Q15:$AD15,0,GF$4))=GI$8,IFERROR(--LEFT(OFFSET('Vacation Tracker'!$Q15:$AD15,0,GF$4),LEN(OFFSET('Vacation Tracker'!$Q15:$AD15,0,GF$4))-1),0)))} -> 0 | GJ12: =SUM(OFFSET('Vacation Tracker'!$Q15:$AD15,0,GJ$4)) -> 0 | GK12: =GJ12-GL12 -> 0 | GL12: {=SUM(IF(RIGHT(OFFSET('Vacation Tracker'!$Q15:$AD15,0,GJ$4))<>"O",IFERROR(--LEFT(OFFSET('Vacation Tracker'!$Q15:$AD15,0,GJ$4),LEN(OFFSET('Vacation Tracker'!$Q15:$AD15,0,GJ$4))-1),0)))} -> 0 | GM12: {=SUM(IF(RIGHT(OFFSET('Vacation Tracker'!$Q15:$AD15,0,GJ$4))=GM$8,IFERROR(--LEFT(OFFSET('Vacation Tracker'!$Q15:$AD15,0,GJ$4),LEN(OFFSET('Vacation Tracker'!$Q15:$AD15,0,GJ$4))-1),0)))} -> 0 | GN12: =SUM(OFFSET('Vacation Tracker'!$Q15:$AD15,0,GN$4)) -> 0 | GO12: =GN12-GP12 -> 0 | GP12: {=SUM(IF(RIGHT(OFFSET('Vacation Tracker'!$Q15:$AD15,0,GN$4))<>"O",IFERROR(--LEFT(OFFSET('Vacation Tracker'!$Q15:$AD15,0,GN$4),LEN(OFFSET('Vacation Tracker'!$Q15:$AD15,0,GN$4))-1),0)))} -> 0 | GQ12: {=SUM(IF(RIGHT(OFFSET('Vacation Tracker'!$Q15:$AD15,0,GN$4))=GQ$8,IFERROR(--LEFT(OFFSET('Vacation Tracker'!$Q15:$AD15,0,GN$4),LEN(OFFSET('Vacation Tracker'!$Q15:$AD15,0,GN$4))-1),0)))} -> 0 | GR12: =SUM(OFFSET('Vacation Tracker'!$Q15:$AD15,0,GR$4)) -> 0 | GS12: =GR12-GT12 -> 0 | GT12: {=SUM(IF(RIGHT(OFFSET('Vacation Tracker'!$Q15:$AD15,0,GR$4))<>"O",IFERROR(--LEFT(OFFSET('Vacation Tracker'!$Q15:$AD15,0,GR$4),LEN(OFFSET('Vacation Tracker'!$Q15:$AD15,0,GR$4))-1),0)))} -> 0 | GU12: {=SUM(IF(RIGHT(OFFSET('Vacation Tracker'!$Q15:$AD15,0,GR$4))=GU$8,IFERROR(--LEFT(OFFSET('Vacation Tracker'!$Q15:$AD15,0,GR$4),LEN(OFFSET('Vacation Tracker'!$Q15:$AD15,0,GR$4))-1),0)))} -> 0 | GV12: =SUM(OFFSET('Vacation Tracker'!$Q15:$AD15,0,GV$4)) -> 0 | GW12: =GV12-GX12 -> 0 | GX12: {=SUM(IF(RIGHT(OFFSET('Vacation Tracker'!$Q15:$AD15,0,GV$4))<>"O",IFERROR(--LEFT(OFFSET('Vacation Tracker'!$Q15:$AD15,0,GV$4),LEN(OFFSET('Vacation Tracker'!$Q15:$AD15,0,GV$4))-1),0)))} -> 0 | GY12: {=SUM(IF(RIGHT(OFFSET('Vacation Tracker'!$Q15:$AD15,0,GV$4))=GY$8,IFERROR(--LEFT(OFFSET('Vacation Tracker'!$Q15:$AD15,0,GV$4),LEN(OFFSET('Vacation Tracker'!$Q15:$AD15,0,GV$4))-1),0)))} -> 0 | GZ12: =SUM(OFFSET('Vacation Tracker'!$Q15:$AD15,0,GZ$4)) -> 0 | HA12: =GZ12-HB12 -> 0 | HB12: {=SUM(IF(RIGHT(OFFSET('Vacation Tracker'!$Q15:$AD15,0,GZ$4))<>"O",IFERROR(--LEFT(OFFSET('Vacation Tracker'!$Q15:$AD15,0,GZ$4),LEN(OFFSET('Vacation Tracker'!$Q15:$AD15,0,GZ$4))-1),0)))} -> 0 | HC12: {=SUM(IF(RIGHT(OFFSET('Vacation Tracker'!$Q15:$AD15,0,GZ$4))=HC$8,IFERROR(--LEFT(OFFSET('Vacation Tracker'!$Q15:$AD15,0,GZ$4),LEN(OFFSET('Vacation Tracker'!$Q15:$AD15,0,GZ$4))-1),0)))} -> 0 | HD12: =SUM(OFFSET('Vacation Tracker'!$Q15:$AD15,0,HD$4)) -> 0 | HE12: =HD12-HF12 -> 0 | HF12: {=SUM(IF(RIGHT(OFFSET('Vacation Tracker'!$Q15:$AD15,0,HD$4))<>"O",IFERROR(--LEFT(OFFSET('Vacation Tracker'!$Q15:$AD15,0,HD$4),LEN(OFFSET('Vacation Tracker'!$Q15:$AD15,0,HD$4))-1),0)))} -> 0 | HG12: {=SUM(IF(RIGHT(OFFSET('Vacation Tracker'!$Q15:$AD15,0,HD$4))=HG$8,IFERROR(--LEFT(OFFSET('Vacation Tracker'!$Q15:$AD15,0,HD$4),LEN(OFFSET('Vacation Tracker'!$Q15:$AD15,0,HD$4))-1),0)))} -> 0 | HH12: =SUM(OFFSET('Vacation Tracker'!$Q15:$AD15,0,HH$4)) -> 0 | HI12: =HH12-HJ12 -> 0 | HJ12: {=SUM(IF(RIGHT(OFFSET('Vacation Tracker'!$Q15:$AD15,0,HH$4))<>"O",IFERROR(--LEFT(OFFSET('Vacation Tracker'!$Q15:$AD15,0,HH$4),LEN(OFFSET('Vacation Tracker'!$Q15:$AD15,0,HH$4))-1),0)))} -> 0 | HK12: {=SUM(IF(RIGHT(OFFSET('Vacation Tracker'!$Q15:$AD15,0,HH$4))=HK$8,IFERROR(--LEFT(OFFSET('Vacation Tracker'!$Q15:$AD15,0,HH$4),LEN(OFFSET('Vacation Tracker'!$Q15:$AD15,0,HH$4))-1),0)))} -> 0 | HL12: =SUM(OFFSET('Vacation Tracker'!$Q15:$AD15,0,HL$4)) -> 0 | HM12: =HL12-HN12 -> 0 | HN12: {=SUM(IF(RIGHT(OFFSET('Vacation Tracker'!$Q15:$AD15,0,HL$4))<>"O",IFERROR(--LEFT(OFFSET('Vacation Tracker'!$Q15:$AD15,0,HL$4),LEN(OFFSET('Vacation Tracker'!$Q15:$AD15,0,HL$4))-1),0)))} -> 0 | HO12: {=SUM(IF(RIGHT(OFFSET('Vacation Tracker'!$Q15:$AD15,0,HL$4))=HO$8,IFERROR(--LEFT(OFFSET('Vacation Tracker'!$Q15:$AD15,0,HL$4),LEN(OFFSET('Vacation Tracker'!$Q15:$AD15,0,HL$4))-1),0)))} -> 0 | HP12: =SUM(OFFSET('Vacation Tracker'!$Q15:$AD15,0,HP$4)) -> 0 | HQ12: =HP12-HR12 -> 0 | HR12: {=SUM(IF(RIGHT(OFFSET('Vacation Tracker'!$Q15:$AD15,0,HP$4))<>"O",IFERROR(--LEFT(OFFSET('Vacation Tracker'!$Q15:$AD15,0,HP$4),LEN(OFFSET('Vacation Tracker'!$Q15:$AD15,0,HP$4))-1),0)))} -> 0 | HS12: {=SUM(IF(RIGHT(OFFSET('Vacation Tracker'!$Q15:$AD15,0,HP$4))=HS$8,IFERROR(--LEFT(OFFSET('Vacation Tracker'!$Q15:$AD15,0,HP$4),LEN(OFFSET('Vacation Tracker'!$Q15:$AD15,0,HP$4))-1),0)))} -> 0
B13: =IF('Vacation Tracker'!B16<>"",'Vacation Tracker'!B16,"") -> 5 | C13: =IF('Vacation Tracker'!C16<>"",'Vacation Tracker'!C16,"") | D13: =IF('Vacation Tracker'!D16<>"",'Vacation Tracker'!D16,"") | E13: =IF('Vacation Tracker'!E16<>"",'Vacation Tracker'!E16,"") | F13: =IF('Vacation Tracker'!F16<>"",'Vacation Tracker'!F16,"") | G13: =IF('Vacation Tracker'!G16<>"",'Vacation Tracker'!G16,"") | H13: =IF($C13<>"",SUMPRODUCT(($L$8:$FU$8=H$8)*$L13:$FU13),"") | I13: =IF($C13<>"",SUMPRODUCT(($L$8:$FU$8=I$8)*$L13:$FU13),"") | J13: =IF($C13<>"",SUMPRODUCT(($L$8:$FU$8=J$8)*$L13:$FU13),"") | K13: =IF($C13<>"",SUMPRODUCT(($L$8:$FU$8=K$8)*$L13:$FU13),"") | L13: =SUM(OFFSET('Vacation Tracker'!$Q16:$AD16,0,L$4)) -> 0 | M13: =L13-N13 -> 0 | N13: {=SUM(IF(RIGHT(OFFSET('Vacation Tracker'!$Q16:$AD16,0,L$4))<>"O",IFERROR(--LEFT(OFFSET('Vacation Tracker'!$Q16:$AD16,0,L$4),LEN(OFFSET('Vacation Tracker'!$Q16:$AD16,0,L$4))-1),0)))} -> 0 | O13: {=SUM(IF(RIGHT(OFFSET('Vacation Tracker'!$Q16:$AD16,0,L$4))=O$8,IFERROR(--LEFT(OFFSET('Vacation Tracker'!$Q16:$AD16,0,L$4),LEN(OFFSET('Vacation Tracker'!$Q16:$AD16,0,L$4))-1),0)))} -> 0 | P13: =SUM(OFFSET('Vacation Tracker'!$Q16:$AD16,0,P$4)) -> 0 | Q13: =P13-R13 -> 0 | R13: {=SUM(IF(RIGHT(OFFSET('Vacation Tracker'!$Q16:$AD16,0,P$4))<>"O",IFERROR(--LEFT(OFFSET('Vacation Tracker'!$Q16:$AD16,0,P$4),LEN(OFFSET('Vacation Tracker'!$Q16:$AD16,0,P$4))-1),0)))} -> 0 | S13: {=SUM(IF(RIGHT(OFFSET('Vacation Tracker'!$Q16:$AD16,0,P$4))=S$8,IFERROR(--LEFT(OFFSET('Vacation Tracker'!$Q16:$AD16,0,P$4),LEN(OFFSET('Vacation Tracker'!$Q16:$AD16,0,P$4))-1),0)))} -> 0 | T13: =SUM(OFFSET('Vacation Tracker'!$Q16:$AD16,0,T$4)) -> 0 | U13: =T13-V13 -> 0 | V13: {=SUM(IF(RIGHT(OFFSET('Vacation Tracker'!$Q16:$AD16,0,T$4))<>"O",IFERROR(--LEFT(OFFSET('Vacation Tracker'!$Q16:$AD16,0,T$4),LEN(OFFSET('Vacation Tracker'!$Q16:$AD16,0,T$4))-1),0)))} -> 0 | W13: {=SUM(IF(RIGHT(OFFSET('Vacation Tracker'!$Q16:$AD16,0,T$4))=W$8,IFERROR(--LEFT(OFFSET('Vacation Tracker'!$Q16:$AD16,0,T$4),LEN(OFFSET('Vacation Tracker'!$Q16:$AD16,0,T$4))-1),0)))} -> 0 | X13: =SUM(OFFSET('Vacation Tracker'!$Q16:$AD16,0,X$4)) -> 0 | Y13: =X13-Z13 -> 0 | Z13: {=SUM(IF(RIGHT(OFFSET('Vacation Tracker'!$Q16:$AD16,0,X$4))<>"O",IFERROR(--LEFT(OFFSET('Vacation Tracker'!$Q16:$AD16,0,X$4),LEN(OFFSET('Vacation Tracker'!$Q16:$AD16,0,X$4))-1),0)))} -> 0 | AA13: {=SUM(IF(RIGHT(OFFSET('Vacation Tracker'!$Q16:$AD16,0,X$4))=AA$8,IFERROR(--LEFT(OFFSET('Vacation Tracker'!$Q16:$AD16,0,X$4),LEN(OFFSET('Vacation Tracker'!$Q16:$AD16,0,X$4))-1),0)))} -> 0 | AB13: =SUM(OFFSET('Vacation Tracker'!$Q16:$AD16,0,AB$4)) -> 0 | AC13: =AB13-AD13 -> 0 | AD13: {=SUM(IF(RIGHT(OFFSET('Vacation Tracker'!$Q16:$AD16,0,AB$4))<>"O",IFERROR(--LEFT(OFFSET('Vacation Tracker'!$Q16:$AD16,0,AB$4),LEN(OFFSET('Vacation Tracker'!$Q16:$AD16,0,AB$4))-1),0)))} -> 0 | AE13: {=SUM(IF(RIGHT(OFFSET('Vacation Tracker'!$Q16:$AD16,0,AB$4))=AE$8,IFERROR(--LEFT(OFFSET('Vacation Tracker'!$Q16:$AD16,0,AB$4),LEN(OFFSET('Vacation Tracker'!$Q16:$AD16,0,AB$4))-1),0)))} -> 0 | AF13: =SUM(OFFSET('Vacation Tracker'!$Q16:$AD16,0,AF$4)) -> 0 | AG13: =AF13-AH13 -> 0 | AH13: {=SUM(IF(RIGHT(OFFSET('Vacation Tracker'!$Q16:$AD16,0,AF$4))<>"O",IFERROR(--LEFT(OFFSET('Vacation Tracker'!$Q16:$AD16,0,AF$4),LEN(OFFSET('Vacation Tracker'!$Q16:$AD16,0,AF$4))-1),0)))} -> 0 | AI13: {=SUM(IF(RIGHT(OFFSET('Vacation Tracker'!$Q16:$AD16,0,AF$4))=AI$8,IFERROR(--LEFT(OFFSET('Vacation Tracker'!$Q16:$AD16,0,AF$4),LEN(OFFSET('Vacation Tracker'!$Q16:$AD16,0,AF$4))-1),0)))} -> 0 | AJ13: =SUM(OFFSET('Vacation Tracker'!$Q16:$AD16,0,AJ$4)) -> 0 | AK13: =AJ13-AL13 -> 0 | AL13: {=SUM(IF(RIGHT(OFFSET('Vacation Tracker'!$Q16:$AD16,0,AJ$4))<>"O",IFERROR(--LEFT(OFFSET('Vacation Tracker'!$Q16:$AD16,0,AJ$4),LEN(OFFSET('Vacation Tracker'!$Q16:$AD16,0,AJ$4))-1),0)))} -> 0 | AM13: {=SUM(IF(RIGHT(OFFSET('Vacation Tracker'!$Q16:$AD16,0,AJ$4))=AM$8,IFERROR(--LEFT(OFFSET('Vacation Tracker'!$Q16:$AD16,0,AJ$4),LEN(OFFSET('Vacation Tracker'!$Q16:$AD16,0,AJ$4))-1),0)))} -> 0 | AN13: =SUM(OFFSET('Vacation Tracker'!$Q16:$AD16,0,AN$4)) -> 0 | AO13: =AN13-AP13 -> 0 | AP13: {=SUM(IF(RIGHT(OFFSET('Vacation Tracker'!$Q16:$AD16,0,AN$4))<>"O",IFERROR(--LEFT(OFFSET('Vacation Tracker'!$Q16:$AD16,0,AN$4),LEN(OFFSET('Vacation Tracker'!$Q16:$AD16,0,AN$4))-1),0)))} -> 0 | AQ13: {=SUM(IF(RIGHT(OFFSET('Vacation Tracker'!$Q16:$AD16,0,AN$4))=AQ$8,IFERROR(--LEFT(OFFSET('Vacation Tracker'!$Q16:$AD16,0,AN$4),LEN(OFFSET('Vacation Tracker'!$Q16:$AD16,0,AN$4))-1),0)))} -> 0 | AR13: =SUM(OFFSET('Vacation Tracker'!$Q16:$AD16,0,AR$4)) -> 0 | AS13: =AR13-AT13 -> 0 | AT13: {=SUM(IF(RIGHT(OFFSET('Vacation Tracker'!$Q16:$AD16,0,AR$4))<>"O",IFERROR(--LEFT(OFFSET('Vacation Tracker'!$Q16:$AD16,0,AR$4),LEN(OFFSET('Vacation Tracker'!$Q16:$AD16,0,AR$4))-1),0)))} -> 0 | AU13: {=SUM(IF(RIGHT(OFFSET('Vacation Tracker'!$Q16:$AD16,0,AR$4))=AU$8,IFERROR(--LEFT(OFFSET('Vacation Tracker'!$Q16:$AD16,0,AR$4),LEN(OFFSET('Vacation Tracker'!$Q16:$AD16,0,AR$4))-1),0)))} -> 0 | AV13: =SUM(OFFSET('Vacation Tracker'!$Q16:$AD16,0,AV$4)) -> 0 | AW13: =AV13-AX13 -> 0 | AX13: {=SUM(IF(RIGHT(OFFSET('Vacation Tracker'!$Q16:$AD16,0,AV$4))<>"O",IFERROR(--LEFT(OFFSET('Vacation Tracker'!$Q16:$AD16,0,AV$4),LEN(OFFSET('Vacation Tracker'!$Q16:$AD16,0,AV$4))-1),0)))} -> 0 | AY13: {=SUM(IF(RIGHT(OFFSET('Vacation Tracker'!$Q16:$AD16,0,AV$4))=AY$8,IFERROR(--LEFT(OFFSET('Vacation Tracker'!$Q16:$AD16,0,AV$4),LEN(OFFSET('Vacation Tracker'!$Q16:$AD16,0,AV$4))-1),0)))} -> 0 | AZ13: =SUM(OFFSET('Vacation Tracker'!$Q16:$AD16,0,AZ$4)) -> 0 | BA13: =AZ13-BB13 -> 0 | BB13: {=SUM(IF(RIGHT(OFFSET('Vacation Tracker'!$Q16:$AD16,0,AZ$4))<>"O",IFERROR(--LEFT(OFFSET('Vacation Tracker'!$Q16:$AD16,0,AZ$4),LEN(OFFSET('Vacation Tracker'!$Q16:$AD16,0,AZ$4))-1),0)))} -> 0 | BC13: {=SUM(IF(RIGHT(OFFSET('Vacation Tracker'!$Q16:$AD16,0,AZ$4))=BC$8,IFERROR(--LEFT(OFFSET('Vacation Tracker'!$Q16:$AD16,0,AZ$4),LEN(OFFSET('Vacation Tracker'!$Q16:$AD16,0,AZ$4))-1),0)))} -> 0 | BD13: =SUM(OFFSET('Vacation Tracker'!$Q16:$AD16,0,BD$4)) -> 0 | BE13: =BD13-BF13 -> 0 | BF13: {=SUM(IF(RIGHT(OFFSET('Vacation Tracker'!$Q16:$AD16,0,BD$4))<>"O",IFERROR(--LEFT(OFFSET('Vacation Tracker'!$Q16:$AD16,0,BD$4),LEN(OFFSET('Vacation Tracker'!$Q16:$AD16,0,BD$4))-1),0)))} -> 0 | BG13: {=SUM(IF(RIGHT(OFFSET('Vacation Tracker'!$Q16:$AD16,0,BD$4))=BG$8,IFERROR(--LEFT(OFFSET('Vacation Tracker'!$Q16:$AD16,0,BD$4),LEN(OFFSET('Vacation Tracker'!$Q16:$AD16,0,BD$4))-1),0)))} -> 0 | BH13: =SUM(OFFSET('Vacation Tracker'!$Q16:$AD16,0,BH$4)) -> 0 | BI13: =BH13-BJ13 -> 0 | BJ13: {=SUM(IF(RIGHT(OFFSET('Vacation Tracker'!$Q16:$AD16,0,BH$4))<>"O",IFERROR(--LEFT(OFFSET('Vacation Tracker'!$Q16:$AD16,0,BH$4),LEN(OFFSET('Vacation Tracker'!$Q16:$AD16,0,BH$4))-1),0)))} -> 0 | BK13: {=SUM(IF(RIGHT(OFFSET('Vacation Tracker'!$Q16:$AD16,0,BH$4))=BK$8,IFERROR(--LEFT(OFFSET('Vacation Tracker'!$Q16:$AD16,0,BH$4),LEN(OFFSET('Vacation Tracker'!$Q16:$AD16,0,BH$4))-1),0)))} -> 0 | BL13: =SUM(OFFSET('Vacation Tracker'!$Q16:$AD16,0,BL$4)) -> 0 | BM13: =BL13-BN13 -> 0 | BN13: {=SUM(IF(RIGHT(OFFSET('Vacation Tracker'!$Q16:$AD16,0,BL$4))<>"O",IFERROR(--LEFT(OFFSET('Vacation Tracker'!$Q16:$AD16,0,BL$4),LEN(OFFSET('Vacation Tracker'!$Q16:$AD16,0,BL$4))-1),0)))} -> 0 | BO13: {=SUM(IF(RIGHT(OFFSET('Vacation Tracker'!$Q16:$AD16,0,BL$4))=BO$8,IFERROR(--LEFT(OFFSET('Vacation Tracker'!$Q16:$AD16,0,BL$4),LEN(OFFSET('Vacation Tracker'!$Q16:$AD16,0,BL$4))-1),0)))} -> 0 | BP13: =SUM(OFFSET('Vacation Tracker'!$Q16:$AD16,0,BP$4)) -> 0 | BQ13: =BP13-BR13 -> 0 | BR13: {=SUM(IF(RIGHT(OFFSET('Vacation Tracker'!$Q16:$AD16,0,BP$4))<>"O",IFERROR(--LEFT(OFFSET('Vacation Tracker'!$Q16:$AD16,0,BP$4),LEN(OFFSET('Vacation Tracker'!$Q16:$AD16,0,BP$4))-1),0)))} -> 0 | BS13: {=SUM(IF(RIGHT(OFFSET('Vacation Tracker'!$Q16:$AD16,0,BP$4))=BS$8,IFERROR(--LEFT(OFFSET('Vacation Tracker'!$Q16:$AD16,0,BP$4),LEN(OFFSET('Vacation Tracker'!$Q16:$AD16,0,BP$4))-1),0)))} -> 0 | BT13: =SUM(OFFSET('Vacation Tracker'!$Q16:$AD16,0,BT$4)) -> 0 | BU13: =BT13-BV13 -> 0 | BV13: {=SUM(IF(RIGHT(OFFSET('Vacation Tracker'!$Q16:$AD16,0,BT$4))<>"O",IFERROR(--LEFT(OFFSET('Vacation Tracker'!$Q16:$AD16,0,BT$4),LEN(OFFSET('Vacation Tracker'!$Q16:$AD16,0,BT$4))-1),0)))} -> 0 | BW13: {=SUM(IF(RIGHT(OFFSET('Vacation Tracker'!$Q16:$AD16,0,BT$4))=BW$8,IFERROR(--LEFT(OFFSET('Vacation Tracker'!$Q16:$AD16,0,BT$4),LEN(OFFSET('Vacation Tracker'!$Q16:$AD16,0,BT$4))-1),0)))} -> 0 | BX13: =SUM(OFFSET('Vacation Tracker'!$Q16:$AD16,0,BX$4)) -> 0 | BY13: =BX13-BZ13 -> 0 | BZ13: {=SUM(IF(RIGHT(OFFSET('Vacation Tracker'!$Q16:$AD16,0,BX$4))<>"O",IFERROR(--LEFT(OFFSET('Vacation Tracker'!$Q16:$AD16,0,BX$4),LEN(OFFSET('Vacation Tracker'!$Q16:$AD16,0,BX$4))-1),0)))} -> 0 | CA13: {=SUM(IF(RIGHT(OFFSET('Vacation Tracker'!$Q16:$AD16,0,BX$4))=CA$8,IFERROR(--LEFT(OFFSET('Vacation Tracker'!$Q16:$AD16,0,BX$4),LEN(OFFSET('Vacation Tracker'!$Q16:$AD16,0,BX$4))-1),0)))} -> 0 | CB13: =SUM(OFFSET('Vacation Tracker'!$Q16:$AD16,0,CB$4)) -> 0 | CC13: =CB13-CD13 -> 0 | CD13: {=SUM(IF(RIGHT(OFFSET('Vacation Tracker'!$Q16:$AD16,0,CB$4))<>"O",IFERROR(--LEFT(OFFSET('Vacation Tracker'!$Q16:$AD16,0,CB$4),LEN(OFFSET('Vacation Tracker'!$Q16:$AD16,0,CB$4))-1),0)))} -> 0 | CE13: {=SUM(IF(RIGHT(OFFSET('Vacation Tracker'!$Q16:$AD16,0,CB$4))=CE$8,IFERROR(--LEFT(OFFSET('Vacation Tracker'!$Q16:$AD16,0,CB$4),LEN(OFFSET('Vacation Tracker'!$Q16:$AD16,0,CB$4))-1),0)))} -> 0 | CF13: =SUM(OFFSET('Vacation Tracker'!$Q16:$AD16,0,CF$4)) -> 0 | CG13: =CF13-CH13 -> 0 | CH13: {=SUM(IF(RIGHT(OFFSET('Vacation Tracker'!$Q16:$AD16,0,CF$4))<>"O",IFERROR(--LEFT(OFFSET('Vacation Tracker'!$Q16:$AD16,0,CF$4),LEN(OFFSET('Vacation Tracker'!$Q16:$AD16,0,CF$4))-1),0)))} -> 0 | CI13: {=SUM(IF(RIGHT(OFFSET('Vacation Tracker'!$Q16:$AD16,0,CF$4))=CI$8,IFERROR(--LEFT(OFFSET('Vacation Tracker'!$Q16:$AD16,0,CF$4),LEN(OFFSET('Vacation Tracker'!$Q16:$AD16,0,CF$4))-1),0)))} -> 0 | CJ13: =SUM(OFFSET('Vacation Tracker'!$Q16:$AD16,0,CJ$4)) -> 0 | CK13: =CJ13-CL13 -> 0 | CL13: {=SUM(IF(RIGHT(OFFSET('Vacation Tracker'!$Q16:$AD16,0,CJ$4))<>"O",IFERROR(--LEFT(OFFSET('Vacation Tracker'!$Q16:$AD16,0,CJ$4),LEN(OFFSET('Vacation Tracker'!$Q16:$AD16,0,CJ$4))-1),0)))} -> 0 | CM13: {=SUM(IF(RIGHT(OFFSET('Vacation Tracker'!$Q16:$AD16,0,CJ$4))=CM$8,IFERROR(--LEFT(OFFSET('Vacation Tracker'!$Q16:$AD16,0,CJ$4),LEN(OFFSET('Vacation Tracker'!$Q16:$AD16,0,CJ$4))-1),0)))} -> 0 | CN13: =SUM(OFFSET('Vacation Tracker'!$Q16:$AD16,0,CN$4)) -> 0 | CO13: =CN13-CP13 -> 0 | CP13: {=SUM(IF(RIGHT(OFFSET('Vacation Tracker'!$Q16:$AD16,0,CN$4))<>"O",IFERROR(--LEFT(OFFSET('Vacation Tracker'!$Q16:$AD16,0,CN$4),LEN(OFFSET('Vacation Tracker'!$Q16:$AD16,0,CN$4))-1),0)))} -> 0 | CQ13: {=SUM(IF(RIGHT(OFFSET('Vacation Tracker'!$Q16:$AD16,0,CN$4))=CQ$8,IFERROR(--LEFT(OFFSET('Vacation Tracker'!$Q16:$AD16,0,CN$4),LEN(OFFSET('Vacation Tracker'!$Q16:$AD16,0,CN$4))-1),0)))} -> 0 | CR13: =SUM(OFFSET('Vacation Tracker'!$Q16:$AD16,0,CR$4)) -> 0 | CS13: =CR13-CT13 -> 0 | CT13: {=SUM(IF(RIGHT(OFFSET('Vacation Tracker'!$Q16:$AD16,0,CR$4))<>"O",IFERROR(--LEFT(OFFSET('Vacation Tracker'!$Q16:$AD16,0,CR$4),LEN(OFFSET('Vacation Tracker'!$Q16:$AD16,0,CR$4))-1),0)))} -> 0 | CU13: {=SUM(IF(RIGHT(OFFSET('Vacation Tracker'!$Q16:$AD16,0,CR$4))=CU$8,IFERROR(--LEFT(OFFSET('Vacation Tracker'!$Q16:$AD16,0,CR$4),LEN(OFFSET('Vacation Tracker'!$Q16:$AD16,0,CR$4))-1),0)))} -> 0 | CV13: =SUM(OFFSET('Vacation Tracker'!$Q16:$AD16,0,CV$4)) -> 0 | CW13: =CV13-CX13 -> 0 | CX13: {=SUM(IF(RIGHT(OFFSET('Vacation Tracker'!$Q16:$AD16,0,CV$4))<>"O",IFERROR(--LEFT(OFFSET('Vacation Tracker'!$Q16:$AD16,0,CV$4),LEN(OFFSET('Vacation Tracker'!$Q16:$AD16,0,CV$4))-1),0)))} -> 0 | CY13: {=SUM(IF(RIGHT(OFFSET('Vacation Tracker'!$Q16:$AD16,0,CV$4))=CY$8,IFERROR(--LEFT(OFFSET('Vacation Tracker'!$Q16:$AD16,0,CV$4),LEN(OFFSET('Vacation Tracker'!$Q16:$AD16,0,CV$4))-1),0)))} -> 0 | CZ13: =SUM(OFFSET('Vacation Tracker'!$Q16:$AD16,0,CZ$4)) -> 0 | DA13: =CZ13-DB13 -> 0 | DB13: {=SUM(IF(RIGHT(OFFSET('Vacation Tracker'!$Q16:$AD16,0,CZ$4))<>"O",IFERROR(--LEFT(OFFSET('Vacation Tracker'!$Q16:$AD16,0,CZ$4),LEN(OFFSET('Vacation Tracker'!$Q16:$AD16,0,CZ$4))-1),0)))} -> 0 | DC13: {=SUM(IF(RIGHT(OFFSET('Vacation Tracker'!$Q16:$AD16,0,CZ$4))=DC$8,IFERROR(--LEFT(OFFSET('Vacation Tracker'!$Q16:$AD16,0,CZ$4),LEN(OFFSET('Vacation Tracker'!$Q16:$AD16,0,CZ$4))-1),0)))} -> 0 | DD13: =SUM(OFFSET('Vacation Tracker'!$Q16:$AD16,0,DD$4)) -> 0 | DE13: =DD13-DF13 -> 0 | DF13: {=SUM(IF(RIGHT(OFFSET('Vacation Tracker'!$Q16:$AD16,0,DD$4))<>"O",IFERROR(--LEFT(OFFSET('Vacation Tracker'!$Q16:$AD16,0,DD$4),LEN(OFFSET('Vacation Tracker'!$Q16:$AD16,0,DD$4))-1),0)))} -> 0 | DG13: {=SUM(IF(RIGHT(OFFSET('Vacation Tracker'!$Q16:$AD16,0,DD$4))=DG$8,IFERROR(--LEFT(OFFSET('Vacation Tracker'!$Q16:$AD16,0,DD$4),LEN(OFFSET('Vacation Tracker'!$Q16:$AD16,0,DD$4))-1),0)))} -> 0 | DH13: =SUM(OFFSET('Vacation Tracker'!$Q16:$AD16,0,DH$4)) -> 0 | DI13: =DH13-DJ13 -> 0 | DJ13: {=SUM(IF(RIGHT(OFFSET('Vacation Tracker'!$Q16:$AD16,0,DH$4))<>"O",IFERROR(--LEFT(OFFSET('Vacation Tracker'!$Q16:$AD16,0,DH$4),LEN(OFFSET('Vacation Tracker'!$Q16:$AD16,0,DH$4))-1),0)))} -> 0 | DK13: {=SUM(IF(RIGHT(OFFSET('Vacation Tracker'!$Q16:$AD16,0,DH$4))=DK$8,IFERROR(--LEFT(OFFSET('Vacation Tracker'!$Q16:$AD16,0,DH$4),LEN(OFFSET('Vacation Tracker'!$Q16:$AD16,0,DH$4))-1),0)))} -> 0 | DL13: =SUM(OFFSET('Vacation Tracker'!$Q16:$AD16,0,DL$4)) -> 0 | DM13: =DL13-DN13 -> 0 | DN13: {=SUM(IF(RIGHT(OFFSET('Vacation Tracker'!$Q16:$AD16,0,DL$4))<>"O",IFERROR(--LEFT(OFFSET('Vacation Tracker'!$Q16:$AD16,0,DL$4),LEN(OFFSET('Vacation Tracker'!$Q16:$AD16,0,DL$4))-1),0)))} -> 0 | DO13: {=SUM(IF(RIGHT(OFFSET('Vacation Tracker'!$Q16:$AD16,0,DL$4))=DO$8,IFERROR(--LEFT(OFFSET('Vacation Tracker'!$Q16:$AD16,0,DL$4),LEN(OFFSET('Vacation Tracker'!$Q16:$AD16,0,DL$4))-1),0)))} -> 0 | DP13: =SUM(OFFSET('Vacation Tracker'!$Q16:$AD16,0,DP$4)) -> 0 | DQ13: =DP13-DR13 -> 0 | DR13: {=SUM(IF(RIGHT(OFFSET('Vacation Tracker'!$Q16:$AD16,0,DP$4))<>"O",IFERROR(--LEFT(OFFSET('Vacation Tracker'!$Q16:$AD16,0,DP$4),LEN(OFFSET('Vacation Tracker'!$Q16:$AD16,0,DP$4))-1),0)))} -> 0 | DS13: {=SUM(IF(RIGHT(OFFSET('Vacation Tracker'!$Q16:$AD16,0,DP$4))=DS$8,IFERROR(--LEFT(OFFSET('Vacation Tracker'!$Q16:$AD16,0,DP$4),LEN(OFFSET('Vacation Tracker'!$Q16:$AD16,0,DP$4))-1),0)))} -> 0 | DT13: =SUM(OFFSET('Vacation Tracker'!$Q16:$AD16,0,DT$4)) -> 0 | DU13: =DT13-DV13 -> 0 | DV13: {=SUM(IF(RIGHT(OFFSET('Vacation Tracker'!$Q16:$AD16,0,DT$4))<>"O",IFERROR(--LEFT(OFFSET('Vacation Tracker'!$Q16:$AD16,0,DT$4),LEN(OFFSET('Vacation Tracker'!$Q16:$AD16,0,DT$4))-1),0)))} -> 0 | DW13: {=SUM(IF(RIGHT(OFFSET('Vacation Tracker'!$Q16:$AD16,0,DT$4))=DW$8,IFERROR(--LEFT(OFFSET('Vacation Tracker'!$Q16:$AD16,0,DT$4),LEN(OFFSET('Vacation Tracker'!$Q16:$AD16,0,DT$4))-1),0)))} -> 0 | DX13: =SUM(OFFSET('Vacation Tracker'!$Q16:$AD16,0,DX$4)) -> 0 | DY13: =DX13-DZ13 -> 0 | DZ13: {=SUM(IF(RIGHT(OFFSET('Vacation Tracker'!$Q16:$AD16,0,DX$4))<>"O",IFERROR(--LEFT(OFFSET('Vacation Tracker'!$Q16:$AD16,0,DX$4),LEN(OFFSET('Vacation Tracker'!$Q16:$AD16,0,DX$4))-1),0)))} -> 0 | EA13: {=SUM(IF(RIGHT(OFFSET('Vacation Tracker'!$Q16:$AD16,0,DX$4))=EA$8,IFERROR(--LEFT(OFFSET('Vacation Tracker'!$Q16:$AD16,0,DX$4),LEN(OFFSET('Vacation Tracker'!$Q16:$AD16,0,DX$4))-1),0)))} -> 0 | EB13: =SUM(OFFSET('Vacation Tracker'!$Q16:$AD16,0,EB$4)) -> 0 | EC13: =EB13-ED13 -> 0 | ED13: {=SUM(IF(RIGHT(OFFSET('Vacation Tracker'!$Q16:$AD16,0,EB$4))<>"O",IFERROR(--LEFT(OFFSET('Vacation Tracker'!$Q16:$AD16,0,EB$4),LEN(OFFSET('Vacation Tracker'!$Q16:$AD16,0,EB$4))-1),0)))} -> 0 | EE13: {=SUM(IF(RIGHT(OFFSET('Vacation Tracker'!$Q16:$AD16,0,EB$4))=EE$8,IFERROR(--LEFT(OFFSET('Vacation Tracker'!$Q16:$AD16,0,EB$4),LEN(OFFSET('Vacation Tracker'!$Q16:$AD16,0,EB$4))-1),0)))} -> 0 | EF13: =SUM(OFFSET('Vacation Tracker'!$Q16:$AD16,0,EF$4)) -> 0 | EG13: =EF13-EH13 -> 0 | EH13: {=SUM(IF(RIGHT(OFFSET('Vacation Tracker'!$Q16:$AD16,0,EF$4))<>"O",IFERROR(--LEFT(OFFSET('Vacation Tracker'!$Q16:$AD16,0,EF$4),LEN(OFFSET('Vacation Tracker'!$Q16:$AD16,0,EF$4))-1),0)))} -> 0 | EI13: {=SUM(IF(RIGHT(OFFSET('Vacation Tracker'!$Q16:$AD16,0,EF$4))=EI$8,IFERROR(--LEFT(OFFSET('Vacation Tracker'!$Q16:$AD16,0,EF$4),LEN(OFFSET('Vacation Tracker'!$Q16:$AD16,0,EF$4))-1),0)))} -> 0 | EJ13: =SUM(OFFSET('Vacation Tracker'!$Q16:$AD16,0,EJ$4)) -> 0 | EK13: =EJ13-EL13 -> 0 | EL13: {=SUM(IF(RIGHT(OFFSET('Vacation Tracker'!$Q16:$AD16,0,EJ$4))<>"O",IFERROR(--LEFT(OFFSET('Vacation Tracker'!$Q16:$AD16,0,EJ$4),LEN(OFFSET('Vacation Tracker'!$Q16:$AD16,0,EJ$4))-1),0)))} -> 0 | EM13: {=SUM(IF(RIGHT(OFFSET('Vacation Tracker'!$Q16:$AD16,0,EJ$4))=EM$8,IFERROR(--LEFT(OFFSET('Vacation Tracker'!$Q16:$AD16,0,EJ$4),LEN(OFFSET('Vacation Tracker'!$Q16:$AD16,0,EJ$4))-1),0)))} -> 0 | EN13: =SUM(OFFSET('Vacation Tracker'!$Q16:$AD16,0,EN$4)) -> 0 | EO13: =EN13-EP13 -> 0 | EP13: {=SUM(IF(RIGHT(OFFSET('Vacation Tracker'!$Q16:$AD16,0,EN$4))<>"O",IFERROR(--LEFT(OFFSET('Vacation Tracker'!$Q16:$AD16,0,EN$4),LEN(OFFSET('Vacation Tracker'!$Q16:$AD16,0,EN$4))-1),0)))} -> 0 | EQ13: {=SUM(IF(RIGHT(OFFSET('Vacation Tracker'!$Q16:$AD16,0,EN$4))=EQ$8,IFERROR(--LEFT(OFFSET('Vacation Tracker'!$Q16:$AD16,0,EN$4),LEN(OFFSET('Vacation Tracker'!$Q16:$AD16,0,EN$4))-1),0)))} -> 0 | ER13: =SUM(OFFSET('Vacation Tracker'!$Q16:$AD16,0,ER$4)) -> 0 | ES13: =ER13-ET13 -> 0 | ET13: {=SUM(IF(RIGHT(OFFSET('Vacation Tracker'!$Q16:$AD16,0,ER$4))<>"O",IFERROR(--LEFT(OFFSET('Vacation Tracker'!$Q16:$AD16,0,ER$4),LEN(OFFSET('Vacation Tracker'!$Q16:$AD16,0,ER$4))-1),0)))} -> 0 | EU13: {=SUM(IF(RIGHT(OFFSET('Vacation Tracker'!$Q16:$AD16,0,ER$4))=EU$8,IFERROR(--LEFT(OFFSET('Vacation Tracker'!$Q16:$AD16,0,ER$4),LEN(OFFSET('Vacation Tracker'!$Q16:$AD16,0,ER$4))-1),0)))} -> 0 | EV13: =SUM(OFFSET('Vacation Tracker'!$Q16:$AD16,0,EV$4)) -> 0 | EW13: =EV13-EX13 -> 0 | EX13: {=SUM(IF(RIGHT(OFFSET('Vacation Tracker'!$Q16:$AD16,0,EV$4))<>"O",IFERROR(--LEFT(OFFSET('Vacation Tracker'!$Q16:$AD16,0,EV$4),LEN(OFFSET('Vacation Tracker'!$Q16:$AD16,0,EV$4))-1),0)))} -> 0 | EY13: {=SUM(IF(RIGHT(OFFSET('Vacation Tracker'!$Q16:$AD16,0,EV$4))=EY$8,IFERROR(--LEFT(OFFSET('Vacation Tracker'!$Q16:$AD16,0,EV$4),LEN(OFFSET('Vacation Tracker'!$Q16:$AD16,0,EV$4))-1),0)))} -> 0 | EZ13: =SUM(OFFSET('Vacation Tracker'!$Q16:$AD16,0,EZ$4)) -> 0 | FA13: =EZ13-FB13 -> 0 | FB13: {=SUM(IF(RIGHT(OFFSET('Vacation Tracker'!$Q16:$AD16,0,EZ$4))<>"O",IFERROR(--LEFT(OFFSET('Vacation Tracker'!$Q16:$AD16,0,EZ$4),LEN(OFFSET('Vacation Tracker'!$Q16:$AD16,0,EZ$4))-1),0)))} -> 0 | FC13: {=SUM(IF(RIGHT(OFFSET('Vacation Tracker'!$Q16:$AD16,0,EZ$4))=FC$8,IFERROR(--LEFT(OFFSET('Vacation Tracker'!$Q16:$AD16,0,EZ$4),LEN(OFFSET('Vacation Tracker'!$Q16:$AD16,0,EZ$4))-1),0)))} -> 0 | FD13: =SUM(OFFSET('Vacation Tracker'!$Q16:$AD16,0,FD$4)) -> 0 | FE13: =FD13-FF13 -> 0 | FF13: {=SUM(IF(RIGHT(OFFSET('Vacation Tracker'!$Q16:$AD16,0,FD$4))<>"O",IFERROR(--LEFT(OFFSET('Vacation Tracker'!$Q16:$AD16,0,FD$4),LEN(OFFSET('Vacation Tracker'!$Q16:$AD16,0,FD$4))-1),0)))} -> 0 | FG13: {=SUM(IF(RIGHT(OFFSET('Vacation Tracker'!$Q16:$AD16,0,FD$4))=FG$8,IFERROR(--LEFT(OFFSET('Vacation Tracker'!$Q16:$AD16,0,FD$4),LEN(OFFSET('Vacation Tracker'!$Q16:$AD16,0,FD$4))-1),0)))} -> 0 | FH13: =SUM(OFFSET('Vacation Tracker'!$Q16:$AD16,0,FH$4)) -> 0 | FI13: =FH13-FJ13 -> 0 | FJ13: {=SUM(IF(RIGHT(OFFSET('Vacation Tracker'!$Q16:$AD16,0,FH$4))<>"O",IFERROR(--LEFT(OFFSET('Vacation Tracker'!$Q16:$AD16,0,FH$4),LEN(OFFSET('Vacation Tracker'!$Q16:$AD16,0,FH$4))-1),0)))} -> 0 | FK13: {=SUM(IF(RIGHT(OFFSET('Vacation Tracker'!$Q16:$AD16,0,FH$4))=FK$8,IFERROR(--LEFT(OFFSET('Vacation Tracker'!$Q16:$AD16,0,FH$4),LEN(OFFSET('Vacation Tracker'!$Q16:$AD16,0,FH$4))-1),0)))} -> 0 | FL13: =SUM(OFFSET('Vacation Tracker'!$Q16:$AD16,0,FL$4)) -> 0 | FM13: =FL13-FN13 -> 0 | FN13: {=SUM(IF(RIGHT(OFFSET('Vacation Tracker'!$Q16:$AD16,0,FL$4))<>"O",IFERROR(--LEFT(OFFSET('Vacation Tracker'!$Q16:$AD16,0,FL$4),LEN(OFFSET('Vacation Tracker'!$Q16:$AD16,0,FL$4))-1),0)))} -> 0 | FO13: {=SUM(IF(RIGHT(OFFSET('Vacation Tracker'!$Q16:$AD16,0,FL$4))=FO$8,IFERROR(--LEFT(OFFSET('Vacation Tracker'!$Q16:$AD16,0,FL$4),LEN(OFFSET('Vacation Tracker'!$Q16:$AD16,0,FL$4))-1),0)))} -> 0 | FP13: =SUM(OFFSET('Vacation Tracker'!$Q16:$AD16,0,FP$4)) -> 0 | FQ13: =FP13-FR13 -> 0 | FR13: {=SUM(IF(RIGHT(OFFSET('Vacation Tracker'!$Q16:$AD16,0,FP$4))<>"O",IFERROR(--LEFT(OFFSET('Vacation Tracker'!$Q16:$AD16,0,FP$4),LEN(OFFSET('Vacation Tracker'!$Q16:$AD16,0,FP$4))-1),0)))} -> 0 | FS13: {=SUM(IF(RIGHT(OFFSET('Vacation Tracker'!$Q16:$AD16,0,FP$4))=FS$8,IFERROR(--LEFT(OFFSET('Vacation Tracker'!$Q16:$AD16,0,FP$4),LEN(OFFSET('Vacation Tracker'!$Q16:$AD16,0,FP$4))-1),0)))} -> 0 | FT13: =SUM(OFFSET('Vacation Tracker'!$Q16:$AD16,0,FT$4)) -> 0 | FU13: =FT13-FV13 -> 0 | FV13: {=SUM(IF(RIGHT(OFFSET('Vacation Tracker'!$Q16:$AD16,0,FT$4))<>"O",IFERROR(--LEFT(OFFSET('Vacation Tracker'!$Q16:$AD16,0,FT$4),LEN(OFFSET('Vacation Tracker'!$Q16:$AD16,0,FT$4))-1),0)))} -> 0 | FW13: {=SUM(IF(RIGHT(OFFSET('Vacation Tracker'!$Q16:$AD16,0,FT$4))=FW$8,IFERROR(--LEFT(OFFSET('Vacation Tracker'!$Q16:$AD16,0,FT$4),LEN(OFFSET('Vacation Tracker'!$Q16:$AD16,0,FT$4))-1),0)))} -> 0 | FX13: =SUM(OFFSET('Vacation Tracker'!$Q16:$AD16,0,FX$4)) -> 0 | FY13: =FX13-FZ13 -> 0 | FZ13: {=SUM(IF(RIGHT(OFFSET('Vacation Tracker'!$Q16:$AD16,0,FX$4))<>"O",IFERROR(--LEFT(OFFSET('Vacation Tracker'!$Q16:$AD16,0,FX$4),LEN(OFFSET('Vacation Tracker'!$Q16:$AD16,0,FX$4))-1),0)))} -> 0 | GA13: {=SUM(IF(RIGHT(OFFSET('Vacation Tracker'!$Q16:$AD16,0,FX$4))=GA$8,IFERROR(--LEFT(OFFSET('Vacation Tracker'!$Q16:$AD16,0,FX$4),LEN(OFFSET('Vacation Tracker'!$Q16:$AD16,0,FX$4))-1),0)))} -> 0 | GB13: =SUM(OFFSET('Vacation Tracker'!$Q16:$AD16,0,GB$4)) -> 0 | GC13: =GB13-GD13 -> 0 | GD13: {=SUM(IF(RIGHT(OFFSET('Vacation Tracker'!$Q16:$AD16,0,GB$4))<>"O",IFERROR(--LEFT(OFFSET('Vacation Tracker'!$Q16:$AD16,0,GB$4),LEN(OFFSET('Vacation Tracker'!$Q16:$AD16,0,GB$4))-1),0)))} -> 0 | GE13: {=SUM(IF(RIGHT(OFFSET('Vacation Tracker'!$Q16:$AD16,0,GB$4))=GE$8,IFERROR(--LEFT(OFFSET('Vacation Tracker'!$Q16:$AD16,0,GB$4),LEN(OFFSET('Vacation Tracker'!$Q16:$AD16,0,GB$4))-1),0)))} -> 0 | GF13: =SUM(OFFSET('Vacation Tracker'!$Q16:$AD16,0,GF$4)) -> 0 | GG13: =GF13-GH13 -> 0 | GH13: {=SUM(IF(RIGHT(OFFSET('Vacation Tracker'!$Q16:$AD16,0,GF$4))<>"O",IFERROR(--LEFT(OFFSET('Vacation Tracker'!$Q16:$AD16,0,GF$4),LEN(OFFSET('Vacation Tracker'!$Q16:$AD16,0,GF$4))-1),0)))} -> 0 | GI13: {=SUM(IF(RIGHT(OFFSET('Vacation Tracker'!$Q16:$AD16,0,GF$4))=GI$8,IFERROR(--LEFT(OFFSET('Vacation Tracker'!$Q16:$AD16,0,GF$4),LEN(OFFSET('Vacation Tracker'!$Q16:$AD16,0,GF$4))-1),0)))} -> 0 | GJ13: =SUM(OFFSET('Vacation Tracker'!$Q16:$AD16,0,GJ$4)) -> 0 | GK13: =GJ13-GL13 -> 0 | GL13: {=SUM(IF(RIGHT(OFFSET('Vacation Tracker'!$Q16:$AD16,0,GJ$4))<>"O",IFERROR(--LEFT(OFFSET('Vacation Tracker'!$Q16:$AD16,0,GJ$4),LEN(OFFSET('Vacation Tracker'!$Q16:$AD16,0,GJ$4))-1),0)))} -> 0 | GM13: {=SUM(IF(RIGHT(OFFSET('Vacation Tracker'!$Q16:$AD16,0,GJ$4))=GM$8,IFERROR(--LEFT(OFFSET('Vacation Tracker'!$Q16:$AD16,0,GJ$4),LEN(OFFSET('Vacation Tracker'!$Q16:$AD16,0,GJ$4))-1),0)))} -> 0 | GN13: =SUM(OFFSET('Vacation Tracker'!$Q16:$AD16,0,GN$4)) -> 0 | GO13: =GN13-GP13 -> 0 | GP13: {=SUM(IF(RIGHT(OFFSET('Vacation Tracker'!$Q16:$AD16,0,GN$4))<>"O",IFERROR(--LEFT(OFFSET('Vacation Tracker'!$Q16:$AD16,0,GN$4),LEN(OFFSET('Vacation Tracker'!$Q16:$AD16,0,GN$4))-1),0)))} -> 0 | GQ13: {=SUM(IF(RIGHT(OFFSET('Vacation Tracker'!$Q16:$AD16,0,GN$4))=GQ$8,IFERROR(--LEFT(OFFSET('Vacation Tracker'!$Q16:$AD16,0,GN$4),LEN(OFFSET('Vacation Tracker'!$Q16:$AD16,0,GN$4))-1),0)))} -> 0 | GR13: =SUM(OFFSET('Vacation Tracker'!$Q16:$AD16,0,GR$4)) -> 0 | GS13: =GR13-GT13 -> 0 | GT13: {=SUM(IF(RIGHT(OFFSET('Vacation Tracker'!$Q16:$AD16,0,GR$4))<>"O",IFERROR(--LEFT(OFFSET('Vacation Tracker'!$Q16:$AD16,0,GR$4),LEN(OFFSET('Vacation Tracker'!$Q16:$AD16,0,GR$4))-1),0)))} -> 0 | GU13: {=SUM(IF(RIGHT(OFFSET('Vacation Tracker'!$Q16:$AD16,0,GR$4))=GU$8,IFERROR(--LEFT(OFFSET('Vacation Tracker'!$Q16:$AD16,0,GR$4),LEN(OFFSET('Vacation Tracker'!$Q16:$AD16,0,GR$4))-1),0)))} -> 0 | GV13: =SUM(OFFSET('Vacation Tracker'!$Q16:$AD16,0,GV$4)) -> 0 | GW13: =GV13-GX13 -> 0 | GX13: {=SUM(IF(RIGHT(OFFSET('Vacation Tracker'!$Q16:$AD16,0,GV$4))<>"O",IFERROR(--LEFT(OFFSET('Vacation Tracker'!$Q16:$AD16,0,GV$4),LEN(OFFSET('Vacation Tracker'!$Q16:$AD16,0,GV$4))-1),0)))} -> 0 | GY13: {=SUM(IF(RIGHT(OFFSET('Vacation Tracker'!$Q16:$AD16,0,GV$4))=GY$8,IFERROR(--LEFT(OFFSET('Vacation Tracker'!$Q16:$AD16,0,GV$4),LEN(OFFSET('Vacation Tracker'!$Q16:$AD16,0,GV$4))-1),0)))} -> 0 | GZ13: =SUM(OFFSET('Vacation Tracker'!$Q16:$AD16,0,GZ$4)) -> 0 | HA13: =GZ13-HB13 -> 0 | HB13: {=SUM(IF(RIGHT(OFFSET('Vacation Tracker'!$Q16:$AD16,0,GZ$4))<>"O",IFERROR(--LEFT(OFFSET('Vacation Tracker'!$Q16:$AD16,0,GZ$4),LEN(OFFSET('Vacation Tracker'!$Q16:$AD16,0,GZ$4))-1),0)))} -> 0 | HC13: {=SUM(IF(RIGHT(OFFSET('Vacation Tracker'!$Q16:$AD16,0,GZ$4))=HC$8,IFERROR(--LEFT(OFFSET('Vacation Tracker'!$Q16:$AD16,0,GZ$4),LEN(OFFSET('Vacation Tracker'!$Q16:$AD16,0,GZ$4))-1),0)))} -> 0 | HD13: =SUM(OFFSET('Vacation Tracker'!$Q16:$AD16,0,HD$4)) -> 0 | HE13: =HD13-HF13 -> 0 | HF13: {=SUM(IF(RIGHT(OFFSET('Vacation Tracker'!$Q16:$AD16,0,HD$4))<>"O",IFERROR(--LEFT(OFFSET('Vacation Tracker'!$Q16:$AD16,0,HD$4),LEN(OFFSET('Vacation Tracker'!$Q16:$AD16,0,HD$4))-1),0)))} -> 0 | HG13: {=SUM(IF(RIGHT(OFFSET('Vacation Tracker'!$Q16:$AD16,0,HD$4))=HG$8,IFERROR(--LEFT(OFFSET('Vacation Tracker'!$Q16:$AD16,0,HD$4),LEN(OFFSET('Vacation Tracker'!$Q16:$AD16,0,HD$4))-1),0)))} -> 0 | HH13: =SUM(OFFSET('Vacation Tracker'!$Q16:$AD16,0,HH$4)) -> 0 | HI13: =HH13-HJ13 -> 0 | HJ13: {=SUM(IF(RIGHT(OFFSET('Vacation Tracker'!$Q16:$AD16,0,HH$4))<>"O",IFERROR(--LEFT(OFFSET('Vacation Tracker'!$Q16:$AD16,0,HH$4),LEN(OFFSET('Vacation Tracker'!$Q16:$AD16,0,HH$4))-1),0)))} -> 0 | HK13: {=SUM(IF(RIGHT(OFFSET('Vacation Tracker'!$Q16:$AD16,0,HH$4))=HK$8,IFERROR(--LEFT(OFFSET('Vacation Tracker'!$Q16:$AD16,0,HH$4),LEN(OFFSET('Vacation Tracker'!$Q16:$AD16,0,HH$4))-1),0)))} -> 0 | HL13: =SUM(OFFSET('Vacation Tracker'!$Q16:$AD16,0,HL$4)) -> 0 | HM13: =HL13-HN13 -> 0 | HN13: {=SUM(IF(RIGHT(OFFSET('Vacation Tracker'!$Q16:$AD16,0,HL$4))<>"O",IFERROR(--LEFT(OFFSET('Vacation Tracker'!$Q16:$AD16,0,HL$4),LEN(OFFSET('Vacation Tracker'!$Q16:$AD16,0,HL$4))-1),0)))} -> 0 | HO13: {=SUM(IF(RIGHT(OFFSET('Vacation Tracker'!$Q16:$AD16,0,HL$4))=HO$8,IFERROR(--LEFT(OFFSET('Vacation Tracker'!$Q16:$AD16,0,HL$4),LEN(OFFSET('Vacation Tracker'!$Q16:$AD16,0,HL$4))-1),0)))} -> 0 | HP13: =SUM(OFFSET('Vacation Tracker'!$Q16:$AD16,0,HP$4)) -> 0 | HQ13: =HP13-HR13 -> 0 | HR13: {=SUM(IF(RIGHT(OFFSET('Vacation Tracker'!$Q16:$AD16,0,HP$4))<>"O",IFERROR(--LEFT(OFFSET('Vacation Tracker'!$Q16:$AD16,0,HP$4),LEN(OFFSET('Vacation Tracker'!$Q16:$AD16,0,HP$4))-1),0)))} -> 0 | HS13: {=SUM(IF(RIGHT(OFFSET('Vacation Tracker'!$Q16:$AD16,0,HP$4))=HS$8,IFERROR(--LEFT(OFFSET('Vacation Tracker'!$Q16:$AD16,0,HP$4),LEN(OFFSET('Vacation Tracker'!$Q16:$AD16,0,HP$4))-1),0)))} -> 0
B14: =IF('Vacation Tracker'!B17<>"",'Vacation Tracker'!B17,"") -> 6 | C14: =IF('Vacation Tracker'!C17<>"",'Vacation Tracker'!C17,"") | D14: =IF('Vacation Tracker'!D17<>"",'Vacation Tracker'!D17,"") | E14: =IF('Vacation Tracker'!E17<>"",'Vacation Tracker'!E17,"") | F14: =IF('Vacation Tracker'!F17<>"",'Vacation Tracker'!F17,"") | G14: =IF('Vacation Tracker'!G17<>"",'Vacation Tracker'!G17,"") | H14: =IF($C14<>"",SUMPRODUCT(($L$8:$FU$8=H$8)*$L14:$FU14),"") | I14: =IF($C14<>"",SUMPRODUCT(($L$8:$FU$8=I$8)*$L14:$FU14),"") | J14: =IF($C14<>"",SUMPRODUCT(($L$8:$FU$8=J$8)*$L14:$FU14),"") | K14: =IF($C14<>"",SUMPRODUCT(($L$8:$FU$8=K$8)*$L14:$FU14),"") | L14: =SUM(OFFSET('Vacation Tracker'!$Q17:$AD17,0,L$4)) -> 0 | M14: =L14-N14 -> 0 | N14: {=SUM(IF(RIGHT(OFFSET('Vacation Tracker'!$Q17:$AD17,0,L$4))<>"O",IFERROR(--LEFT(OFFSET('Vacation Tracker'!$Q17:$AD17,0,L$4),LEN(OFFSET('Vacation Tracker'!$Q17:$AD17,0,L$4))-1),0)))} -> 0 | O14: {=SUM(IF(RIGHT(OFFSET('Vacation Tracker'!$Q17:$AD17,0,L$4))=O$8,IFERROR(--LEFT(OFFSET('Vacation Tracker'!$Q17:$AD17,0,L$4),LEN(OFFSET('Vacation Tracker'!$Q17:$AD17,0,L$4))-1),0)))} -> 0 | P14: =SUM(OFFSET('Vacation Tracker'!$Q17:$AD17,0,P$4)) -> 0 | Q14: =P14-R14 -> 0 | R14: {=SUM(IF(RIGHT(OFFSET('Vacation Tracker'!$Q17:$AD17,0,P$4))<>"O",IFERROR(--LEFT(OFFSET('Vacation Tracker'!$Q17:$AD17,0,P$4),LEN(OFFSET('Vacation Tracker'!$Q17:$AD17,0,P$4))-1),0)))} -> 0 | S14: {=SUM(IF(RIGHT(OFFSET('Vacation Tracker'!$Q17:$AD17,0,P$4))=S$8,IFERROR(--LEFT(OFFSET('Vacation Tracker'!$Q17:$AD17,0,P$4),LEN(OFFSET('Vacation Tracker'!$Q17:$AD17,0,P$4))-1),0)))} -> 0 | T14: =SUM(OFFSET('Vacation Tracker'!$Q17:$AD17,0,T$4)) -> 0 | U14: =T14-V14 -> 0 | V14: {=SUM(IF(RIGHT(OFFSET('Vacation Tracker'!$Q17:$AD17,0,T$4))<>"O",IFERROR(--LEFT(OFFSET('Vacation Tracker'!$Q17:$AD17,0,T$4),LEN(OFFSET('Vacation Tracker'!$Q17:$AD17,0,T$4))-1),0)))} -> 0 | W14: {=SUM(IF(RIGHT(OFFSET('Vacation Tracker'!$Q17:$AD17,0,T$4))=W$8,IFERROR(--LEFT(OFFSET('Vacation Tracker'!$Q17:$AD17,0,T$4),LEN(OFFSET('Vacation Tracker'!$Q17:$AD17,0,T$4))-1),0)))} -> 0 | X14: =SUM(OFFSET('Vacation Tracker'!$Q17:$AD17,0,X$4)) -> 0 | Y14: =X14-Z14 -> 0 | Z14: {=SUM(IF(RIGHT(OFFSET('Vacation Tracker'!$Q17:$AD17,0,X$4))<>"O",IFERROR(--LEFT(OFFSET('Vacation Tracker'!$Q17:$AD17,0,X$4),LEN(OFFSET('Vacation Tracker'!$Q17:$AD17,0,X$4))-1),0)))} -> 0 | AA14: {=SUM(IF(RIGHT(OFFSET('Vacation Tracker'!$Q17:$AD17,0,X$4))=AA$8,IFERROR(--LEFT(OFFSET('Vacation Tracker'!$Q17:$AD17,0,X$4),LEN(OFFSET('Vacation Tracker'!$Q17:$AD17,0,X$4))-1),0)))} -> 0 | AB14: =SUM(OFFSET('Vacation Tracker'!$Q17:$AD17,0,AB$4)) -> 0 | AC14: =AB14-AD14 -> 0 | AD14: {=SUM(IF(RIGHT(OFFSET('Vacation Tracker'!$Q17:$AD17,0,AB$4))<>"O",IFERROR(--LEFT(OFFSET('Vacation Tracker'!$Q17:$AD17,0,AB$4),LEN(OFFSET('Vacation Tracker'!$Q17:$AD17,0,AB$4))-1),0)))} -> 0 | AE14: {=SUM(IF(RIGHT(OFFSET('Vacation Tracker'!$Q17:$AD17,0,AB$4))=AE$8,IFERROR(--LEFT(OFFSET('Vacation Tracker'!$Q17:$AD17,0,AB$4),LEN(OFFSET('Vacation Tracker'!$Q17:$AD17,0,AB$4))-1),0)))} -> 0 | AF14: =SUM(OFFSET('Vacation Tracker'!$Q17:$AD17,0,AF$4)) -> 0 | AG14: =AF14-AH14 -> 0 | AH14: {=SUM(IF(RIGHT(OFFSET('Vacation Tracker'!$Q17:$AD17,0,AF$4))<>"O",IFERROR(--LEFT(OFFSET('Vacation Tracker'!$Q17:$AD17,0,AF$4),LEN(OFFSET('Vacation Tracker'!$Q17:$AD17,0,AF$4))-1),0)))} -> 0 | AI14: {=SUM(IF(RIGHT(OFFSET('Vacation Tracker'!$Q17:$AD17,0,AF$4))=AI$8,IFERROR(--LEFT(OFFSET('Vacation Tracker'!$Q17:$AD17,0,AF$4),LEN(OFFSET('Vacation Tracker'!$Q17:$AD17,0,AF$4))-1),0)))} -> 0 | AJ14: =SUM(OFFSET('Vacation Tracker'!$Q17:$AD17,0,AJ$4)) -> 0 | AK14: =AJ14-AL14 -> 0 | AL14: {=SUM(IF(RIGHT(OFFSET('Vacation Tracker'!$Q17:$AD17,0,AJ$4))<>"O",IFERROR(--LEFT(OFFSET('Vacation Tracker'!$Q17:$AD17,0,AJ$4),LEN(OFFSET('Vacation Tracker'!$Q17:$AD17,0,AJ$4))-1),0)))} -> 0 | AM14: {=SUM(IF(RIGHT(OFFSET('Vacation Tracker'!$Q17:$AD17,0,AJ$4))=AM$8,IFERROR(--LEFT(OFFSET('Vacation Tracker'!$Q17:$AD17,0,AJ$4),LEN(OFFSET('Vacation Tracker'!$Q17:$AD17,0,AJ$4))-1),0)))} -> 0 | AN14: =SUM(OFFSET('Vacation Tracker'!$Q17:$AD17,0,AN$4)) -> 0 | AO14: =AN14-AP14 -> 0 | AP14: {=SUM(IF(RIGHT(OFFSET('Vacation Tracker'!$Q17:$AD17,0,AN$4))<>"O",IFERROR(--LEFT(OFFSET('Vacation Tracker'!$Q17:$AD17,0,AN$4),LEN(OFFSET('Vacation Tracker'!$Q17:$AD17,0,AN$4))-1),0)))} -> 0 | AQ14: {=SUM(IF(RIGHT(OFFSET('Vacation Tracker'!$Q17:$AD17,0,AN$4))=AQ$8,IFERROR(--LEFT(OFFSET('Vacation Tracker'!$Q17:$AD17,0,AN$4),LEN(OFFSET('Vacation Tracker'!$Q17:$AD17,0,AN$4))-1),0)))} -> 0 | AR14: =SUM(OFFSET('Vacation Tracker'!$Q17:$AD17,0,AR$4)) -> 0 | AS14: =AR14-AT14 -> 0 | AT14: {=SUM(IF(RIGHT(OFFSET('Vacation Tracker'!$Q17:$AD17,0,AR$4))<>"O",IFERROR(--LEFT(OFFSET('Vacation Tracker'!$Q17:$AD17,0,AR$4),LEN(OFFSET('Vacation Tracker'!$Q17:$AD17,0,AR$4))-1),0)))} -> 0 | AU14: {=SUM(IF(RIGHT(OFFSET('Vacation Tracker'!$Q17:$AD17,0,AR$4))=AU$8,IFERROR(--LEFT(OFFSET('Vacation Tracker'!$Q17:$AD17,0,AR$4),LEN(OFFSET('Vacation Tracker'!$Q17:$AD17,0,AR$4))-1),0)))} -> 0 | AV14: =SUM(OFFSET('Vacation Tracker'!$Q17:$AD17,0,AV$4)) -> 0 | AW14: =AV14-AX14 -> 0 | AX14: {=SUM(IF(RIGHT(OFFSET('Vacation Tracker'!$Q17:$AD17,0,AV$4))<>"O",IFERROR(--LEFT(OFFSET('Vacation Tracker'!$Q17:$AD17,0,AV$4),LEN(OFFSET('Vacation Tracker'!$Q17:$AD17,0,AV$4))-1),0)))} -> 0 | AY14: {=SUM(IF(RIGHT(OFFSET('Vacation Tracker'!$Q17:$AD17,0,AV$4))=AY$8,IFERROR(--LEFT(OFFSET('Vacation Tracker'!$Q17:$AD17,0,AV$4),LEN(OFFSET('Vacation Tracker'!$Q17:$AD17,0,AV$4))-1),0)))} -> 0 | AZ14: =SUM(OFFSET('Vacation Tracker'!$Q17:$AD17,0,AZ$4)) -> 0 | BA14: =AZ14-BB14 -> 0 | BB14: {=SUM(IF(RIGHT(OFFSET('Vacation Tracker'!$Q17:$AD17,0,AZ$4))<>"O",IFERROR(--LEFT(OFFSET('Vacation Tracker'!$Q17:$AD17,0,AZ$4),LEN(OFFSET('Vacation Tracker'!$Q17:$AD17,0,AZ$4))-1),0)))} -> 0 | BC14: {=SUM(IF(RIGHT(OFFSET('Vacation Tracker'!$Q17:$AD17,0,AZ$4))=BC$8,IFERROR(--LEFT(OFFSET('Vacation Tracker'!$Q17:$AD17,0,AZ$4),LEN(OFFSET('Vacation Tracker'!$Q17:$AD17,0,AZ$4))-1),0)))} -> 0 | BD14: =SUM(OFFSET('Vacation Tracker'!$Q17:$AD17,0,BD$4)) -> 0 | BE14: =BD14-BF14 -> 0 | BF14: {=SUM(IF(RIGHT(OFFSET('Vacation Tracker'!$Q17:$AD17,0,BD$4))<>"O",IFERROR(--LEFT(OFFSET('Vacation Tracker'!$Q17:$AD17,0,BD$4),LEN(OFFSET('Vacation Tracker'!$Q17:$AD17,0,BD$4))-1),0)))} -> 0 | BG14: {=SUM(IF(RIGHT(OFFSET('Vacation Tracker'!$Q17:$AD17,0,BD$4))=BG$8,IFERROR(--LEFT(OFFSET('Vacation Tracker'!$Q17:$AD17,0,BD$4),LEN(OFFSET('Vacation Tracker'!$Q17:$AD17,0,BD$4))-1),0)))} -> 0 | BH14: =SUM(OFFSET('Vacation Tracker'!$Q17:$AD17,0,BH$4)) -> 0 | BI14: =BH14-BJ14 -> 0 | BJ14: {=SUM(IF(RIGHT(OFFSET('Vacation Tracker'!$Q17:$AD17,0,BH$4))<>"O",IFERROR(--LEFT(OFFSET('Vacation Tracker'!$Q17:$AD17,0,BH$4),LEN(OFFSET('Vacation Tracker'!$Q17:$AD17,0,BH$4))-1),0)))} -> 0 | BK14: {=SUM(IF(RIGHT(OFFSET('Vacation Tracker'!$Q17:$AD17,0,BH$4))=BK$8,IFERROR(--LEFT(OFFSET('Vacation Tracker'!$Q17:$AD17,0,BH$4),LEN(OFFSET('Vacation Tracker'!$Q17:$AD17,0,BH$4))-1),0)))} -> 0 | BL14: =SUM(OFFSET('Vacation Tracker'!$Q17:$AD17,0,BL$4)) -> 0 | BM14: =BL14-BN14 -> 0 | BN14: {=SUM(IF(RIGHT(OFFSET('Vacation Tracker'!$Q17:$AD17,0,BL$4))<>"O",IFERROR(--LEFT(OFFSET('Vacation Tracker'!$Q17:$AD17,0,BL$4),LEN(OFFSET('Vacation Tracker'!$Q17:$AD17,0,BL$4))-1),0)))} -> 0 | BO14: {=SUM(IF(RIGHT(OFFSET('Vacation Tracker'!$Q17:$AD17,0,BL$4))=BO$8,IFERROR(--LEFT(OFFSET('Vacation Tracker'!$Q17:$AD17,0,BL$4),LEN(OFFSET('Vacation Tracker'!$Q17:$AD17,0,BL$4))-1),0)))} -> 0 | BP14: =SUM(OFFSET('Vacation Tracker'!$Q17:$AD17,0,BP$4)) -> 0 | BQ14: =BP14-BR14 -> 0 | BR14: {=SUM(IF(RIGHT(OFFSET('Vacation Tracker'!$Q17:$AD17,0,BP$4))<>"O",IFERROR(--LEFT(OFFSET('Vacation Tracker'!$Q17:$AD17,0,BP$4),LEN(OFFSET('Vacation Tracker'!$Q17:$AD17,0,BP$4))-1),0)))} -> 0 | BS14: {=SUM(IF(RIGHT(OFFSET('Vacation Tracker'!$Q17:$AD17,0,BP$4))=BS$8,IFERROR(--LEFT(OFFSET('Vacation Tracker'!$Q17:$AD17,0,BP$4),LEN(OFFSET('Vacation Tracker'!$Q17:$AD17,0,BP$4))-1),0)))} -> 0 | BT14: =SUM(OFFSET('Vacation Tracker'!$Q17:$AD17,0,BT$4)) -> 0 | BU14: =BT14-BV14 -> 0 | BV14: {=SUM(IF(RIGHT(OFFSET('Vacation Tracker'!$Q17:$AD17,0,BT$4))<>"O",IFERROR(--LEFT(OFFSET('Vacation Tracker'!$Q17:$AD17,0,BT$4),LEN(OFFSET('Vacation Tracker'!$Q17:$AD17,0,BT$4))-1),0)))} -> 0 | BW14: {=SUM(IF(RIGHT(OFFSET('Vacation Tracker'!$Q17:$AD17,0,BT$4))=BW$8,IFERROR(--LEFT(OFFSET('Vacation Tracker'!$Q17:$AD17,0,BT$4),LEN(OFFSET('Vacation Tracker'!$Q17:$AD17,0,BT$4))-1),0)))} -> 0 | BX14: =SUM(OFFSET('Vacation Tracker'!$Q17:$AD17,0,BX$4)) -> 0 | BY14: =BX14-BZ14 -> 0 | BZ14: {=SUM(IF(RIGHT(OFFSET('Vacation Tracker'!$Q17:$AD17,0,BX$4))<>"O",IFERROR(--LEFT(OFFSET('Vacation Tracker'!$Q17:$AD17,0,BX$4),LEN(OFFSET('Vacation Tracker'!$Q17:$AD17,0,BX$4))-1),0)))} -> 0 | CA14: {=SUM(IF(RIGHT(OFFSET('Vacation Tracker'!$Q17:$AD17,0,BX$4))=CA$8,IFERROR(--LEFT(OFFSET('Vacation Tracker'!$Q17:$AD17,0,BX$4),LEN(OFFSET('Vacation Tracker'!$Q17:$AD17,0,BX$4))-1),0)))} -> 0 | CB14: =SUM(OFFSET('Vacation Tracker'!$Q17:$AD17,0,CB$4)) -> 0 | CC14: =CB14-CD14 -> 0 | CD14: {=SUM(IF(RIGHT(OFFSET('Vacation Tracker'!$Q17:$AD17,0,CB$4))<>"O",IFERROR(--LEFT(OFFSET('Vacation Tracker'!$Q17:$AD17,0,CB$4),LEN(OFFSET('Vacation Tracker'!$Q17:$AD17,0,CB$4))-1),0)))} -> 0 | CE14: {=SUM(IF(RIGHT(OFFSET('Vacation Tracker'!$Q17:$AD17,0,CB$4))=CE$8,IFERROR(--LEFT(OFFSET('Vacation Tracker'!$Q17:$AD17,0,CB$4),LEN(OFFSET('Vacation Tracker'!$Q17:$AD17,0,CB$4))-1),0)))} -> 0 | CF14: =SUM(OFFSET('Vacation Tracker'!$Q17:$AD17,0,CF$4)) -> 0 | CG14: =CF14-CH14 -> 0 | CH14: {=SUM(IF(RIGHT(OFFSET('Vacation Tracker'!$Q17:$AD17,0,CF$4))<>"O",IFERROR(--LEFT(OFFSET('Vacation Tracker'!$Q17:$AD17,0,CF$4),LEN(OFFSET('Vacation Tracker'!$Q17:$AD17,0,CF$4))-1),0)))} -> 0 | CI14: {=SUM(IF(RIGHT(OFFSET('Vacation Tracker'!$Q17:$AD17,0,CF$4))=CI$8,IFERROR(--LEFT(OFFSET('Vacation Tracker'!$Q17:$AD17,0,CF$4),LEN(OFFSET('Vacation Tracker'!$Q17:$AD17,0,CF$4))-1),0)))} -> 0 | CJ14: =SUM(OFFSET('Vacation Tracker'!$Q17:$AD17,0,CJ$4)) -> 0 | CK14: =CJ14-CL14 -> 0 | CL14: {=SUM(IF(RIGHT(OFFSET('Vacation Tracker'!$Q17:$AD17,0,CJ$4))<>"O",IFERROR(--LEFT(OFFSET('Vacation Tracker'!$Q17:$AD17,0,CJ$4),LEN(OFFSET('Vacation Tracker'!$Q17:$AD17,0,CJ$4))-1),0)))} -> 0 | CM14: {=SUM(IF(RIGHT(OFFSET('Vacation Tracker'!$Q17:$AD17,0,CJ$4))=CM$8,IFERROR(--LEFT(OFFSET('Vacation Tracker'!$Q17:$AD17,0,CJ$4),LEN(OFFSET('Vacation Tracker'!$Q17:$AD17,0,CJ$4))-1),0)))} -> 0 | CN14: =SUM(OFFSET('Vacation Tracker'!$Q17:$AD17,0,CN$4)) -> 0 | CO14: =CN14-CP14 -> 0 | CP14: {=SUM(IF(RIGHT(OFFSET('Vacation Tracker'!$Q17:$AD17,0,CN$4))<>"O",IFERROR(--LEFT(OFFSET('Vacation Tracker'!$Q17:$AD17,0,CN$4),LEN(OFFSET('Vacation Tracker'!$Q17:$AD17,0,CN$4))-1),0)))} -> 0 | CQ14: {=SUM(IF(RIGHT(OFFSET('Vacation Tracker'!$Q17:$AD17,0,CN$4))=CQ$8,IFERROR(--LEFT(OFFSET('Vacation Tracker'!$Q17:$AD17,0,CN$4),LEN(OFFSET('Vacation Tracker'!$Q17:$AD17,0,CN$4))-1),0)))} -> 0 | CR14: =SUM(OFFSET('Vacation Tracker'!$Q17:$AD17,0,CR$4)) -> 0 | CS14: =CR14-CT14 -> 0 | CT14: {=SUM(IF(RIGHT(OFFSET('Vacation Tracker'!$Q17:$AD17,0,CR$4))<>"O",IFERROR(--LEFT(OFFSET('Vacation Tracker'!$Q17:$AD17,0,CR$4),LEN(OFFSET('Vacation Tracker'!$Q17:$AD17,0,CR$4))-1),0)))} -> 0 | CU14: {=SUM(IF(RIGHT(OFFSET('Vacation Tracker'!$Q17:$AD17,0,CR$4))=CU$8,IFERROR(--LEFT(OFFSET('Vacation Tracker'!$Q17:$AD17,0,CR$4),LEN(OFFSET('Vacation Tracker'!$Q17:$AD17,0,CR$4))-1),0)))} -> 0 | CV14: =SUM(OFFSET('Vacation Tracker'!$Q17:$AD17,0,CV$4)) -> 0 | CW14: =CV14-CX14 -> 0 | CX14: {=SUM(IF(RIGHT(OFFSET('Vacation Tracker'!$Q17:$AD17,0,CV$4))<>"O",IFERROR(--LEFT(OFFSET('Vacation Tracker'!$Q17:$AD17,0,CV$4),LEN(OFFSET('Vacation Tracker'!$Q17:$AD17,0,CV$4))-1),0)))} -> 0 | CY14: {=SUM(IF(RIGHT(OFFSET('Vacation Tracker'!$Q17:$AD17,0,CV$4))=CY$8,IFERROR(--LEFT(OFFSET('Vacation Tracker'!$Q17:$AD17,0,CV$4),LEN(OFFSET('Vacation Tracker'!$Q17:$AD17,0,CV$4))-1),0)))} -> 0 | CZ14: =SUM(OFFSET('Vacation Tracker'!$Q17:$AD17,0,CZ$4)) -> 0 | DA14: =CZ14-DB14 -> 0 | DB14: {=SUM(IF(RIGHT(OFFSET('Vacation Tracker'!$Q17:$AD17,0,CZ$4))<>"O",IFERROR(--LEFT(OFFSET('Vacation Tracker'!$Q17:$AD17,0,CZ$4),LEN(OFFSET('Vacation Tracker'!$Q17:$AD17,0,CZ$4))-1),0)))} -> 0 | DC14: {=SUM(IF(RIGHT(OFFSET('Vacation Tracker'!$Q17:$AD17,0,CZ$4))=DC$8,IFERROR(--LEFT(OFFSET('Vacation Tracker'!$Q17:$AD17,0,CZ$4),LEN(OFFSET('Vacation Tracker'!$Q17:$AD17,0,CZ$4))-1),0)))} -> 0 | DD14: =SUM(OFFSET('Vacation Tracker'!$Q17:$AD17,0,DD$4)) -> 0 | DE14: =DD14-DF14 -> 0 | DF14: {=SUM(IF(RIGHT(OFFSET('Vacation Tracker'!$Q17:$AD17,0,DD$4))<>"O",IFERROR(--LEFT(OFFSET('Vacation Tracker'!$Q17:$AD17,0,DD$4),LEN(OFFSET('Vacation Tracker'!$Q17:$AD17,0,DD$4))-1),0)))} -> 0 | DG14: {=SUM(IF(RIGHT(OFFSET('Vacation Tracker'!$Q17:$AD17,0,DD$4))=DG$8,IFERROR(--LEFT(OFFSET('Vacation Tracker'!$Q17:$AD17,0,DD$4),LEN(OFFSET('Vacation Tracker'!$Q17:$AD17,0,DD$4))-1),0)))} -> 0 | DH14: =SUM(OFFSET('Vacation Tracker'!$Q17:$AD17,0,DH$4)) -> 0 | DI14: =DH14-DJ14 -> 0 | DJ14: {=SUM(IF(RIGHT(OFFSET('Vacation Tracker'!$Q17:$AD17,0,DH$4))<>"O",IFERROR(--LEFT(OFFSET('Vacation Tracker'!$Q17:$AD17,0,DH$4),LEN(OFFSET('Vacation Tracker'!$Q17:$AD17,0,DH$4))-1),0)))} -> 0 | DK14: {=SUM(IF(RIGHT(OFFSET('Vacation Tracker'!$Q17:$AD17,0,DH$4))=DK$8,IFERROR(--LEFT(OFFSET('Vacation Tracker'!$Q17:$AD17,0,DH$4),LEN(OFFSET('Vacation Tracker'!$Q17:$AD17,0,DH$4))-1),0)))} -> 0 | DL14: =SUM(OFFSET('Vacation Tracker'!$Q17:$AD17,0,DL$4)) -> 0 | DM14: =DL14-DN14 -> 0 | DN14: {=SUM(IF(RIGHT(OFFSET('Vacation Tracker'!$Q17:$AD17,0,DL$4))<>"O",IFERROR(--LEFT(OFFSET('Vacation Tracker'!$Q17:$AD17,0,DL$4),LEN(OFFSET('Vacation Tracker'!$Q17:$AD17,0,DL$4))-1),0)))} -> 0 | DO14: {=SUM(IF(RIGHT(OFFSET('Vacation Tracker'!$Q17:$AD17,0,DL$4))=DO$8,IFERROR(--LEFT(OFFSET('Vacation Tracker'!$Q17:$AD17,0,DL$4),LEN(OFFSET('Vacation Tracker'!$Q17:$AD17,0,DL$4))-1),0)))} -> 0 | DP14: =SUM(OFFSET('Vacation Tracker'!$Q17:$AD17,0,DP$4)) -> 0 | DQ14: =DP14-DR14 -> 0 | DR14: {=SUM(IF(RIGHT(OFFSET('Vacation Tracker'!$Q17:$AD17,0,DP$4))<>"O",IFERROR(--LEFT(OFFSET('Vacation Tracker'!$Q17:$AD17,0,DP$4),LEN(OFFSET('Vacation Tracker'!$Q17:$AD17,0,DP$4))-1),0)))} -> 0 | DS14: {=SUM(IF(RIGHT(OFFSET('Vacation Tracker'!$Q17:$AD17,0,DP$4))=DS$8,IFERROR(--LEFT(OFFSET('Vacation Tracker'!$Q17:$AD17,0,DP$4),LEN(OFFSET('Vacation Tracker'!$Q17:$AD17,0,DP$4))-1),0)))} -> 0 | DT14: =SUM(OFFSET('Vacation Tracker'!$Q17:$AD17,0,DT$4)) -> 0 | DU14: =DT14-DV14 -> 0 | DV14: {=SUM(IF(RIGHT(OFFSET('Vacation Tracker'!$Q17:$AD17,0,DT$4))<>"O",IFERROR(--LEFT(OFFSET('Vacation Tracker'!$Q17:$AD17,0,DT$4),LEN(OFFSET('Vacation Tracker'!$Q17:$AD17,0,DT$4))-1),0)))} -> 0 | DW14: {=SUM(IF(RIGHT(OFFSET('Vacation Tracker'!$Q17:$AD17,0,DT$4))=DW$8,IFERROR(--LEFT(OFFSET('Vacation Tracker'!$Q17:$AD17,0,DT$4),LEN(OFFSET('Vacation Tracker'!$Q17:$AD17,0,DT$4))-1),0)))} -> 0 | DX14: =SUM(OFFSET('Vacation Tracker'!$Q17:$AD17,0,DX$4)) -> 0 | DY14: =DX14-DZ14 -> 0 | DZ14: {=SUM(IF(RIGHT(OFFSET('Vacation Tracker'!$Q17:$AD17,0,DX$4))<>"O",IFERROR(--LEFT(OFFSET('Vacation Tracker'!$Q17:$AD17,0,DX$4),LEN(OFFSET('Vacation Tracker'!$Q17:$AD17,0,DX$4))-1),0)))} -> 0 | EA14: {=SUM(IF(RIGHT(OFFSET('Vacation Tracker'!$Q17:$AD17,0,DX$4))=EA$8,IFERROR(--LEFT(OFFSET('Vacation Tracker'!$Q17:$AD17,0,DX$4),LEN(OFFSET('Vacation Tracker'!$Q17:$AD17,0,DX$4))-1),0)))} -> 0 | EB14: =SUM(OFFSET('Vacation Tracker'!$Q17:$AD17,0,EB$4)) -> 0 | EC14: =EB14-ED14 -> 0 | ED14: {=SUM(IF(RIGHT(OFFSET('Vacation Tracker'!$Q17:$AD17,0,EB$4))<>"O",IFERROR(--LEFT(OFFSET('Vacation Tracker'!$Q17:$AD17,0,EB$4),LEN(OFFSET('Vacation Tracker'!$Q17:$AD17,0,EB$4))-1),0)))} -> 0 | EE14: {=SUM(IF(RIGHT(OFFSET('Vacation Tracker'!$Q17:$AD17,0,EB$4))=EE$8,IFERROR(--LEFT(OFFSET('Vacation Tracker'!$Q17:$AD17,0,EB$4),LEN(OFFSET('Vacation Tracker'!$Q17:$AD17,0,EB$4))-1),0)))} -> 0 | EF14: =SUM(OFFSET('Vacation Tracker'!$Q17:$AD17,0,EF$4)) -> 0 | EG14: =EF14-EH14 -> 0 | EH14: {=SUM(IF(RIGHT(OFFSET('Vacation Tracker'!$Q17:$AD17,0,EF$4))<>"O",IFERROR(--LEFT(OFFSET('Vacation Tracker'!$Q17:$AD17,0,EF$4),LEN(OFFSET('Vacation Tracker'!$Q17:$AD17,0,EF$4))-1),0)))} -> 0 | EI14: {=SUM(IF(RIGHT(OFFSET('Vacation Tracker'!$Q17:$AD17,0,EF$4))=EI$8,IFERROR(--LEFT(OFFSET('Vacation Tracker'!$Q17:$AD17,0,EF$4),LEN(OFFSET('Vacation Tracker'!$Q17:$AD17,0,EF$4))-1),0)))} -> 0 | EJ14: =SUM(OFFSET('Vacation Tracker'!$Q17:$AD17,0,EJ$4)) -> 0 | EK14: =EJ14-EL14 -> 0 | EL14: {=SUM(IF(RIGHT(OFFSET('Vacation Tracker'!$Q17:$AD17,0,EJ$4))<>"O",IFERROR(--LEFT(OFFSET('Vacation Tracker'!$Q17:$AD17,0,EJ$4),LEN(OFFSET('Vacation Tracker'!$Q17:$AD17,0,EJ$4))-1),0)))} -> 0 | EM14: {=SUM(IF(RIGHT(OFFSET('Vacation Tracker'!$Q17:$AD17,0,EJ$4))=EM$8,IFERROR(--LEFT(OFFSET('Vacation Tracker'!$Q17:$AD17,0,EJ$4),LEN(OFFSET('Vacation Tracker'!$Q17:$AD17,0,EJ$4))-1),0)))} -> 0 | EN14: =SUM(OFFSET('Vacation Tracker'!$Q17:$AD17,0,EN$4)) -> 0 | EO14: =EN14-EP14 -> 0 | EP14: {=SUM(IF(RIGHT(OFFSET('Vacation Tracker'!$Q17:$AD17,0,EN$4))<>"O",IFERROR(--LEFT(OFFSET('Vacation Tracker'!$Q17:$AD17,0,EN$4),LEN(OFFSET('Vacation Tracker'!$Q17:$AD17,0,EN$4))-1),0)))} -> 0 | EQ14: {=SUM(IF(RIGHT(OFFSET('Vacation Tracker'!$Q17:$AD17,0,EN$4))=EQ$8,IFERROR(--LEFT(OFFSET('Vacation Tracker'!$Q17:$AD17,0,EN$4),LEN(OFFSET('Vacation Tracker'!$Q17:$AD17,0,EN$4))-1),0)))} -> 0 | ER14: =SUM(OFFSET('Vacation Tracker'!$Q17:$AD17,0,ER$4)) -> 0 | ES14: =ER14-ET14 -> 0 | ET14: {=SUM(IF(RIGHT(OFFSET('Vacation Tracker'!$Q17:$AD17,0,ER$4))<>"O",IFERROR(--LEFT(OFFSET('Vacation Tracker'!$Q17:$AD17,0,ER$4),LEN(OFFSET('Vacation Tracker'!$Q17:$AD17,0,ER$4))-1),0)))} -> 0 | EU14: {=SUM(IF(RIGHT(OFFSET('Vacation Tracker'!$Q17:$AD17,0,ER$4))=EU$8,IFERROR(--LEFT(OFFSET('Vacation Tracker'!$Q17:$AD17,0,ER$4),LEN(OFFSET('Vacation Tracker'!$Q17:$AD17,0,ER$4))-1),0)))} -> 0 | EV14: =SUM(OFFSET('Vacation Tracker'!$Q17:$AD17,0,EV$4)) -> 0 | EW14: =EV14-EX14 -> 0 | EX14: {=SUM(IF(RIGHT(OFFSET('Vacation Tracker'!$Q17:$AD17,0,EV$4))<>"O",IFERROR(--LEFT(OFFSET('Vacation Tracker'!$Q17:$AD17,0,EV$4),LEN(OFFSET('Vacation Tracker'!$Q17:$AD17,0,EV$4))-1),0)))} -> 0 | EY14: {=SUM(IF(RIGHT(OFFSET('Vacation Tracker'!$Q17:$AD17,0,EV$4))=EY$8,IFERROR(--LEFT(OFFSET('Vacation Tracker'!$Q17:$AD17,0,EV$4),LEN(OFFSET('Vacation Tracker'!$Q17:$AD17,0,EV$4))-1),0)))} -> 0 | EZ14: =SUM(OFFSET('Vacation Tracker'!$Q17:$AD17,0,EZ$4)) -> 0 | FA14: =EZ14-FB14 -> 0 | FB14: {=SUM(IF(RIGHT(OFFSET('Vacation Tracker'!$Q17:$AD17,0,EZ$4))<>"O",IFERROR(--LEFT(OFFSET('Vacation Tracker'!$Q17:$AD17,0,EZ$4),LEN(OFFSET('Vacation Tracker'!$Q17:$AD17,0,EZ$4))-1),0)))} -> 0 | FC14: {=SUM(IF(RIGHT(OFFSET('Vacation Tracker'!$Q17:$AD17,0,EZ$4))=FC$8,IFERROR(--LEFT(OFFSET('Vacation Tracker'!$Q17:$AD17,0,EZ$4),LEN(OFFSET('Vacation Tracker'!$Q17:$AD17,0,EZ$4))-1),0)))} -> 0 | FD14: =SUM(OFFSET('Vacation Tracker'!$Q17:$AD17,0,FD$4)) -> 0 | FE14: =FD14-FF14 -> 0 | FF14: {=SUM(IF(RIGHT(OFFSET('Vacation Tracker'!$Q17:$AD17,0,FD$4))<>"O",IFERROR(--LEFT(OFFSET('Vacation Tracker'!$Q17:$AD17,0,FD$4),LEN(OFFSET('Vacation Tracker'!$Q17:$AD17,0,FD$4))-1),0)))} -> 0 | FG14: {=SUM(IF(RIGHT(OFFSET('Vacation Tracker'!$Q17:$AD17,0,FD$4))=FG$8,IFERROR(--LEFT(OFFSET('Vacation Tracker'!$Q17:$AD17,0,FD$4),LEN(OFFSET('Vacation Tracker'!$Q17:$AD17,0,FD$4))-1),0)))} -> 0 | FH14: =SUM(OFFSET('Vacation Tracker'!$Q17:$AD17,0,FH$4)) -> 0 | FI14: =FH14-FJ14 -> 0 | FJ14: {=SUM(IF(RIGHT(OFFSET('Vacation Tracker'!$Q17:$AD17,0,FH$4))<>"O",IFERROR(--LEFT(OFFSET('Vacation Tracker'!$Q17:$AD17,0,FH$4),LEN(OFFSET('Vacation Tracker'!$Q17:$AD17,0,FH$4))-1),0)))} -> 0 | FK14: {=SUM(IF(RIGHT(OFFSET('Vacation Tracker'!$Q17:$AD17,0,FH$4))=FK$8,IFERROR(--LEFT(OFFSET('Vacation Tracker'!$Q17:$AD17,0,FH$4),LEN(OFFSET('Vacation Tracker'!$Q17:$AD17,0,FH$4))-1),0)))} -> 0 | FL14: =SUM(OFFSET('Vacation Tracker'!$Q17:$AD17,0,FL$4)) -> 0 | FM14: =FL14-FN14 -> 0 | FN14: {=SUM(IF(RIGHT(OFFSET('Vacation Tracker'!$Q17:$AD17,0,FL$4))<>"O",IFERROR(--LEFT(OFFSET('Vacation Tracker'!$Q17:$AD17,0,FL$4),LEN(OFFSET('Vacation Tracker'!$Q17:$AD17,0,FL$4))-1),0)))} -> 0 | FO14: {=SUM(IF(RIGHT(OFFSET('Vacation Tracker'!$Q17:$AD17,0,FL$4))=FO$8,IFERROR(--LEFT(OFFSET('Vacation Tracker'!$Q17:$AD17,0,FL$4),LEN(OFFSET('Vacation Tracker'!$Q17:$AD17,0,FL$4))-1),0)))} -> 0 | FP14: =SUM(OFFSET('Vacation Tracker'!$Q17:$AD17,0,FP$4)) -> 0 | FQ14: =FP14-FR14 -> 0 | FR14: {=SUM(IF(RIGHT(OFFSET('Vacation Tracker'!$Q17:$AD17,0,FP$4))<>"O",IFERROR(--LEFT(OFFSET('Vacation Tracker'!$Q17:$AD17,0,FP$4),LEN(OFFSET('Vacation Tracker'!$Q17:$AD17,0,FP$4))-1),0)))} -> 0 | FS14: {=SUM(IF(RIGHT(OFFSET('Vacation Tracker'!$Q17:$AD17,0,FP$4))=FS$8,IFERROR(--LEFT(OFFSET('Vacation Tracker'!$Q17:$AD17,0,FP$4),LEN(OFFSET('Vacation Tracker'!$Q17:$AD17,0,FP$4))-1),0)))} -> 0 | FT14: =SUM(OFFSET('Vacation Tracker'!$Q17:$AD17,0,FT$4)) -> 0 | FU14: =FT14-FV14 -> 0 | FV14: {=SUM(IF(RIGHT(OFFSET('Vacation Tracker'!$Q17:$AD17,0,FT$4))<>"O",IFERROR(--LEFT(OFFSET('Vacation Tracker'!$Q17:$AD17,0,FT$4),LEN(OFFSET('Vacation Tracker'!$Q17:$AD17,0,FT$4))-1),0)))} -> 0 | FW14: {=SUM(IF(RIGHT(OFFSET('Vacation Tracker'!$Q17:$AD17,0,FT$4))=FW$8,IFERROR(--LEFT(OFFSET('Vacation Tracker'!$Q17:$AD17,0,FT$4),LEN(OFFSET('Vacation Tracker'!$Q17:$AD17,0,FT$4))-1),0)))} -> 0 | FX14: =SUM(OFFSET('Vacation Tracker'!$Q17:$AD17,0,FX$4)) -> 0 | FY14: =FX14-FZ14 -> 0 | FZ14: {=SUM(IF(RIGHT(OFFSET('Vacation Tracker'!$Q17:$AD17,0,FX$4))<>"O",IFERROR(--LEFT(OFFSET('Vacation Tracker'!$Q17:$AD17,0,FX$4),LEN(OFFSET('Vacation Tracker'!$Q17:$AD17,0,FX$4))-1),0)))} -> 0 | GA14: {=SUM(IF(RIGHT(OFFSET('Vacation Tracker'!$Q17:$AD17,0,FX$4))=GA$8,IFERROR(--LEFT(OFFSET('Vacation Tracker'!$Q17:$AD17,0,FX$4),LEN(OFFSET('Vacation Tracker'!$Q17:$AD17,0,FX$4))-1),0)))} -> 0 | GB14: =SUM(OFFSET('Vacation Tracker'!$Q17:$AD17,0,GB$4)) -> 0 | GC14: =GB14-GD14 -> 0 | GD14: {=SUM(IF(RIGHT(OFFSET('Vacation Tracker'!$Q17:$AD17,0,GB$4))<>"O",IFERROR(--LEFT(OFFSET('Vacation Tracker'!$Q17:$AD17,0,GB$4),LEN(OFFSET('Vacation Tracker'!$Q17:$AD17,0,GB$4))-1),0)))} -> 0 | GE14: {=SUM(IF(RIGHT(OFFSET('Vacation Tracker'!$Q17:$AD17,0,GB$4))=GE$8,IFERROR(--LEFT(OFFSET('Vacation Tracker'!$Q17:$AD17,0,GB$4),LEN(OFFSET('Vacation Tracker'!$Q17:$AD17,0,GB$4))-1),0)))} -> 0 | GF14: =SUM(OFFSET('Vacation Tracker'!$Q17:$AD17,0,GF$4)) -> 0 | GG14: =GF14-GH14 -> 0 | GH14: {=SUM(IF(RIGHT(OFFSET('Vacation Tracker'!$Q17:$AD17,0,GF$4))<>"O",IFERROR(--LEFT(OFFSET('Vacation Tracker'!$Q17:$AD17,0,GF$4),LEN(OFFSET('Vacation Tracker'!$Q17:$AD17,0,GF$4))-1),0)))} -> 0 | GI14: {=SUM(IF(RIGHT(OFFSET('Vacation Tracker'!$Q17:$AD17,0,GF$4))=GI$8,IFERROR(--LEFT(OFFSET('Vacation Tracker'!$Q17:$AD17,0,GF$4),LEN(OFFSET('Vacation Tracker'!$Q17:$AD17,0,GF$4))-1),0)))} -> 0 | GJ14: =SUM(OFFSET('Vacation Tracker'!$Q17:$AD17,0,GJ$4)) -> 0 | GK14: =GJ14-GL14 -> 0 | GL14: {=SUM(IF(RIGHT(OFFSET('Vacation Tracker'!$Q17:$AD17,0,GJ$4))<>"O",IFERROR(--LEFT(OFFSET('Vacation Tracker'!$Q17:$AD17,0,GJ$4),LEN(OFFSET('Vacation Tracker'!$Q17:$AD17,0,GJ$4))-1),0)))} -> 0 | GM14: {=SUM(IF(RIGHT(OFFSET('Vacation Tracker'!$Q17:$AD17,0,GJ$4))=GM$8,IFERROR(--LEFT(OFFSET('Vacation Tracker'!$Q17:$AD17,0,GJ$4),LEN(OFFSET('Vacation Tracker'!$Q17:$AD17,0,GJ$4))-1),0)))} -> 0 | GN14: =SUM(OFFSET('Vacation Tracker'!$Q17:$AD17,0,GN$4)) -> 0 | GO14: =GN14-GP14 -> 0 | GP14: {=SUM(IF(RIGHT(OFFSET('Vacation Tracker'!$Q17:$AD17,0,GN$4))<>"O",IFERROR(--LEFT(OFFSET('Vacation Tracker'!$Q17:$AD17,0,GN$4),LEN(OFFSET('Vacation Tracker'!$Q17:$AD17,0,GN$4))-1),0)))} -> 0 | GQ14: {=SUM(IF(RIGHT(OFFSET('Vacation Tracker'!$Q17:$AD17,0,GN$4))=GQ$8,IFERROR(--LEFT(OFFSET('Vacation Tracker'!$Q17:$AD17,0,GN$4),LEN(OFFSET('Vacation Tracker'!$Q17:$AD17,0,GN$4))-1),0)))} -> 0 | GR14: =SUM(OFFSET('Vacation Tracker'!$Q17:$AD17,0,GR$4)) -> 0 | GS14: =GR14-GT14 -> 0 | GT14: {=SUM(IF(RIGHT(OFFSET('Vacation Tracker'!$Q17:$AD17,0,GR$4))<>"O",IFERROR(--LEFT(OFFSET('Vacation Tracker'!$Q17:$AD17,0,GR$4),LEN(OFFSET('Vacation Tracker'!$Q17:$AD17,0,GR$4))-1),0)))} -> 0 | GU14: {=SUM(IF(RIGHT(OFFSET('Vacation Tracker'!$Q17:$AD17,0,GR$4))=GU$8,IFERROR(--LEFT(OFFSET('Vacation Tracker'!$Q17:$AD17,0,GR$4),LEN(OFFSET('Vacation Tracker'!$Q17:$AD17,0,GR$4))-1),0)))} -> 0 | GV14: =SUM(OFFSET('Vacation Tracker'!$Q17:$AD17,0,GV$4)) -> 0 | GW14: =GV14-GX14 -> 0 | GX14: {=SUM(IF(RIGHT(OFFSET('Vacation Tracker'!$Q17:$AD17,0,GV$4))<>"O",IFERROR(--LEFT(OFFSET('Vacation Tracker'!$Q17:$AD17,0,GV$4),LEN(OFFSET('Vacation Tracker'!$Q17:$AD17,0,GV$4))-1),0)))} -> 0 | GY14: {=SUM(IF(RIGHT(OFFSET('Vacation Tracker'!$Q17:$AD17,0,GV$4))=GY$8,IFERROR(--LEFT(OFFSET('Vacation Tracker'!$Q17:$AD17,0,GV$4),LEN(OFFSET('Vacation Tracker'!$Q17:$AD17,0,GV$4))-1),0)))} -> 0 | GZ14: =SUM(OFFSET('Vacation Tracker'!$Q17:$AD17,0,GZ$4)) -> 0 | HA14: =GZ14-HB14 -> 0 | HB14: {=SUM(IF(RIGHT(OFFSET('Vacation Tracker'!$Q17:$AD17,0,GZ$4))<>"O",IFERROR(--LEFT(OFFSET('Vacation Tracker'!$Q17:$AD17,0,GZ$4),LEN(OFFSET('Vacation Tracker'!$Q17:$AD17,0,GZ$4))-1),0)))} -> 0 | HC14: {=SUM(IF(RIGHT(OFFSET('Vacation Tracker'!$Q17:$AD17,0,GZ$4))=HC$8,IFERROR(--LEFT(OFFSET('Vacation Tracker'!$Q17:$AD17,0,GZ$4),LEN(OFFSET('Vacation Tracker'!$Q17:$AD17,0,GZ$4))-1),0)))} -> 0 | HD14: =SUM(OFFSET('Vacation Tracker'!$Q17:$AD17,0,HD$4)) -> 0 | HE14: =HD14-HF14 -> 0 | HF14: {=SUM(IF(RIGHT(OFFSET('Vacation Tracker'!$Q17:$AD17,0,HD$4))<>"O",IFERROR(--LEFT(OFFSET('Vacation Tracker'!$Q17:$AD17,0,HD$4),LEN(OFFSET('Vacation Tracker'!$Q17:$AD17,0,HD$4))-1),0)))} -> 0 | HG14: {=SUM(IF(RIGHT(OFFSET('Vacation Tracker'!$Q17:$AD17,0,HD$4))=HG$8,IFERROR(--LEFT(OFFSET('Vacation Tracker'!$Q17:$AD17,0,HD$4),LEN(OFFSET('Vacation Tracker'!$Q17:$AD17,0,HD$4))-1),0)))} -> 0 | HH14: =SUM(OFFSET('Vacation Tracker'!$Q17:$AD17,0,HH$4)) -> 0 | HI14: =HH14-HJ14 -> 0 | HJ14: {=SUM(IF(RIGHT(OFFSET('Vacation Tracker'!$Q17:$AD17,0,HH$4))<>"O",IFERROR(--LEFT(OFFSET('Vacation Tracker'!$Q17:$AD17,0,HH$4),LEN(OFFSET('Vacation Tracker'!$Q17:$AD17,0,HH$4))-1),0)))} -> 0 | HK14: {=SUM(IF(RIGHT(OFFSET('Vacation Tracker'!$Q17:$AD17,0,HH$4))=HK$8,IFERROR(--LEFT(OFFSET('Vacation Tracker'!$Q17:$AD17,0,HH$4),LEN(OFFSET('Vacation Tracker'!$Q17:$AD17,0,HH$4))-1),0)))} -> 0 | HL14: =SUM(OFFSET('Vacation Tracker'!$Q17:$AD17,0,HL$4)) -> 0 | HM14: =HL14-HN14 -> 0 | HN14: {=SUM(IF(RIGHT(OFFSET('Vacation Tracker'!$Q17:$AD17,0,HL$4))<>"O",IFERROR(--LEFT(OFFSET('Vacation Tracker'!$Q17:$AD17,0,HL$4),LEN(OFFSET('Vacation Tracker'!$Q17:$AD17,0,HL$4))-1),0)))} -> 0 | HO14: {=SUM(IF(RIGHT(OFFSET('Vacation Tracker'!$Q17:$AD17,0,HL$4))=HO$8,IFERROR(--LEFT(OFFSET('Vacation Tracker'!$Q17:$AD17,0,HL$4),LEN(OFFSET('Vacation Tracker'!$Q17:$AD17,0,HL$4))-1),0)))} -> 0 | HP14: =SUM(OFFSET('Vacation Tracker'!$Q17:$AD17,0,HP$4)) -> 0 | HQ14: =HP14-HR14 -> 0 | HR14: {=SUM(IF(RIGHT(OFFSET('Vacation Tracker'!$Q17:$AD17,0,HP$4))<>"O",IFERROR(--LEFT(OFFSET('Vacation Tracker'!$Q17:$AD17,0,HP$4),LEN(OFFSET('Vacation Tracker'!$Q17:$AD17,0,HP$4))-1),0)))} -> 0 | HS14: {=SUM(IF(RIGHT(OFFSET('Vacation Tracker'!$Q17:$AD17,0,HP$4))=HS$8,IFERROR(--LEFT(OFFSET('Vacation Tracker'!$Q17:$AD17,0,HP$4),LEN(OFFSET('Vacation Tracker'!$Q17:$AD17,0,HP$4))-1),0)))} -> 0
B15: =IF('Vacation Tracker'!B18<>"",'Vacation Tracker'!B18,"") -> 7 | C15: =IF('Vacation Tracker'!C18<>"",'Vacation Tracker'!C18,"") | D15: =IF('Vacation Tracker'!D18<>"",'Vacation Tracker'!D18,"") | E15: =IF('Vacation Tracker'!E18<>"",'Vacation Tracker'!E18,"") | F15: =IF('Vacation Tracker'!F18<>"",'Vacation Tracker'!F18,"") | G15: =IF('Vacation Tracker'!G18<>"",'Vacation Tracker'!G18,"") | H15: =IF($C15<>"",SUMPRODUCT(($L$8:$FU$8=H$8)*$L15:$FU15),"") | I15: =IF($C15<>"",SUMPRODUCT(($L$8:$FU$8=I$8)*$L15:$FU15),"") | J15: =IF($C15<>"",SUMPRODUCT(($L$8:$FU$8=J$8)*$L15:$FU15),"") | K15: =IF($C15<>"",SUMPRODUCT(($L$8:$FU$8=K$8)*$L15:$FU15),"") | L15: =SUM(OFFSET('Vacation Tracker'!$Q18:$AD18,0,L$4)) -> 0 | M15: =L15-N15 -> 0 | N15: {=SUM(IF(RIGHT(OFFSET('Vacation Tracker'!$Q18:$AD18,0,L$4))<>"O",IFERROR(--LEFT(OFFSET('Vacation Tracker'!$Q18:$AD18,0,L$4),LEN(OFFSET('Vacation Tracker'!$Q18:$AD18,0,L$4))-1),0)))} -> 0 | O15: {=SUM(IF(RIGHT(OFFSET('Vacation Tracker'!$Q18:$AD18,0,L$4))=O$8,IFERROR(--LEFT(OFFSET('Vacation Tracker'!$Q18:$AD18,0,L$4),LEN(OFFSET('Vacation Tracker'!$Q18:$AD18,0,L$4))-1),0)))} -> 0 | P15: =SUM(OFFSET('Vacation Tracker'!$Q18:$AD18,0,P$4)) -> 0 | Q15: =P15-R15 -> 0 | R15: {=SUM(IF(RIGHT(OFFSET('Vacation Tracker'!$Q18:$AD18,0,P$4))<>"O",IFERROR(--LEFT(OFFSET('Vacation Tracker'!$Q18:$AD18,0,P$4),LEN(OFFSET('Vacation Tracker'!$Q18:$AD18,0,P$4))-1),0)))} -> 0 | S15: {=SUM(IF(RIGHT(OFFSET('Vacation Tracker'!$Q18:$AD18,0,P$4))=S$8,IFERROR(--LEFT(OFFSET('Vacation Tracker'!$Q18:$AD18,0,P$4),LEN(OFFSET('Vacation Tracker'!$Q18:$AD18,0,P$4))-1),0)))} -> 0 | T15: =SUM(OFFSET('Vacation Tracker'!$Q18:$AD18,0,T$4)) -> 0 | U15: =T15-V15 -> 0 | V15: {=SUM(IF(RIGHT(OFFSET('Vacation Tracker'!$Q18:$AD18,0,T$4))<>"O",IFERROR(--LEFT(OFFSET('Vacation Tracker'!$Q18:$AD18,0,T$4),LEN(OFFSET('Vacation Tracker'!$Q18:$AD18,0,T$4))-1),0)))} -> 0 | W15: {=SUM(IF(RIGHT(OFFSET('Vacation Tracker'!$Q18:$AD18,0,T$4))=W$8,IFERROR(--LEFT(OFFSET('Vacation Tracker'!$Q18:$AD18,0,T$4),LEN(OFFSET('Vacation Tracker'!$Q18:$AD18,0,T$4))-1),0)))} -> 0 | X15: =SUM(OFFSET('Vacation Tracker'!$Q18:$AD18,0,X$4)) -> 0 | Y15: =X15-Z15 -> 0 | Z15: {=SUM(IF(RIGHT(OFFSET('Vacation Tracker'!$Q18:$AD18,0,X$4))<>"O",IFERROR(--LEFT(OFFSET('Vacation Tracker'!$Q18:$AD18,0,X$4),LEN(OFFSET('Vacation Tracker'!$Q18:$AD18,0,X$4))-1),0)))} -> 0 | AA15: {=SUM(IF(RIGHT(OFFSET('Vacation Tracker'!$Q18:$AD18,0,X$4))=AA$8,IFERROR(--LEFT(OFFSET('Vacation Tracker'!$Q18:$AD18,0,X$4),LEN(OFFSET('Vacation Tracker'!$Q18:$AD18,0,X$4))-1),0)))} -> 0 | AB15: =SUM(OFFSET('Vacation Tracker'!$Q18:$AD18,0,AB$4)) -> 0 | AC15: =AB15-AD15 -> 0 | AD15: {=SUM(IF(RIGHT(OFFSET('Vacation Tracker'!$Q18:$AD18,0,AB$4))<>"O",IFERROR(--LEFT(OFFSET('Vacation Tracker'!$Q18:$AD18,0,AB$4),LEN(OFFSET('Vacation Tracker'!$Q18:$AD18,0,AB$4))-1),0)))} -> 0 | AE15: {=SUM(IF(RIGHT(OFFSET('Vacation Tracker'!$Q18:$AD18,0,AB$4))=AE$8,IFERROR(--LEFT(OFFSET('Vacation Tracker'!$Q18:$AD18,0,AB$4),LEN(OFFSET('Vacation Tracker'!$Q18:$AD18,0,AB$4))-1),0)))} -> 0 | AF15: =SUM(OFFSET('Vacation Tracker'!$Q18:$AD18,0,AF$4)) -> 0 | AG15: =AF15-AH15 -> 0 | AH15: {=SUM(IF(RIGHT(OFFSET('Vacation Tracker'!$Q18:$AD18,0,AF$4))<>"O",IFERROR(--LEFT(OFFSET('Vacation Tracker'!$Q18:$AD18,0,AF$4),LEN(OFFSET('Vacation Tracker'!$Q18:$AD18,0,AF$4))-1),0)))} -> 0 | AI15: {=SUM(IF(RIGHT(OFFSET('Vacation Tracker'!$Q18:$AD18,0,AF$4))=AI$8,IFERROR(--LEFT(OFFSET('Vacation Tracker'!$Q18:$AD18,0,AF$4),LEN(OFFSET('Vacation Tracker'!$Q18:$AD18,0,AF$4))-1),0)))} -> 0 | AJ15: =SUM(OFFSET('Vacation Tracker'!$Q18:$AD18,0,AJ$4)) -> 0 | AK15: =AJ15-AL15 -> 0 | AL15: {=SUM(IF(RIGHT(OFFSET('Vacation Tracker'!$Q18:$AD18,0,AJ$4))<>"O",IFERROR(--LEFT(OFFSET('Vacation Tracker'!$Q18:$AD18,0,AJ$4),LEN(OFFSET('Vacation Tracker'!$Q18:$AD18,0,AJ$4))-1),0)))} -> 0 | AM15: {=SUM(IF(RIGHT(OFFSET('Vacation Tracker'!$Q18:$AD18,0,AJ$4))=AM$8,IFERROR(--LEFT(OFFSET('Vacation Tracker'!$Q18:$AD18,0,AJ$4),LEN(OFFSET('Vacation Tracker'!$Q18:$AD18,0,AJ$4))-1),0)))} -> 0 | AN15: =SUM(OFFSET('Vacation Tracker'!$Q18:$AD18,0,AN$4)) -> 0 | AO15: =AN15-AP15 -> 0 | AP15: {=SUM(IF(RIGHT(OFFSET('Vacation Tracker'!$Q18:$AD18,0,AN$4))<>"O",IFERROR(--LEFT(OFFSET('Vacation Tracker'!$Q18:$AD18,0,AN$4),LEN(OFFSET('Vacation Tracker'!$Q18:$AD18,0,AN$4))-1),0)))} -> 0 | AQ15: {=SUM(IF(RIGHT(OFFSET('Vacation Tracker'!$Q18:$AD18,0,AN$4))=AQ$8,IFERROR(--LEFT(OFFSET('Vacation Tracker'!$Q18:$AD18,0,AN$4),LEN(OFFSET('Vacation Tracker'!$Q18:$AD18,0,AN$4))-1),0)))} -> 0 | AR15: =SUM(OFFSET('Vacation Tracker'!$Q18:$AD18,0,AR$4)) -> 0 | AS15: =AR15-AT15 -> 0 | AT15: {=SUM(IF(RIGHT(OFFSET('Vacation Tracker'!$Q18:$AD18,0,AR$4))<>"O",IFERROR(--LEFT(OFFSET('Vacation Tracker'!$Q18:$AD18,0,AR$4),LEN(OFFSET('Vacation Tracker'!$Q18:$AD18,0,AR$4))-1),0)))} -> 0 | AU15: {=SUM(IF(RIGHT(OFFSET('Vacation Tracker'!$Q18:$AD18,0,AR$4))=AU$8,IFERROR(--LEFT(OFFSET('Vacation Tracker'!$Q18:$AD18,0,AR$4),LEN(OFFSET('Vacation Tracker'!$Q18:$AD18,0,AR$4))-1),0)))} -> 0 | AV15: =SUM(OFFSET('Vacation Tracker'!$Q18:$AD18,0,AV$4)) -> 0 | AW15: =AV15-AX15 -> 0 | AX15: {=SUM(IF(RIGHT(OFFSET('Vacation Tracker'!$Q18:$AD18,0,AV$4))<>"O",IFERROR(--LEFT(OFFSET('Vacation Tracker'!$Q18:$AD18,0,AV$4),LEN(OFFSET('Vacation Tracker'!$Q18:$AD18,0,AV$4))-1),0)))} -> 0 | AY15: {=SUM(IF(RIGHT(OFFSET('Vacation Tracker'!$Q18:$AD18,0,AV$4))=AY$8,IFERROR(--LEFT(OFFSET('Vacation Tracker'!$Q18:$AD18,0,AV$4),LEN(OFFSET('Vacation Tracker'!$Q18:$AD18,0,AV$4))-1),0)))} -> 0 | AZ15: =SUM(OFFSET('Vacation Tracker'!$Q18:$AD18,0,AZ$4)) -> 0 | BA15: =AZ15-BB15 -> 0 | BB15: {=SUM(IF(RIGHT(OFFSET('Vacation Tracker'!$Q18:$AD18,0,AZ$4))<>"O",IFERROR(--LEFT(OFFSET('Vacation Tracker'!$Q18:$AD18,0,AZ$4),LEN(OFFSET('Vacation Tracker'!$Q18:$AD18,0,AZ$4))-1),0)))} -> 0 | BC15: {=SUM(IF(RIGHT(OFFSET('Vacation Tracker'!$Q18:$AD18,0,AZ$4))=BC$8,IFERROR(--LEFT(OFFSET('Vacation Tracker'!$Q18:$AD18,0,AZ$4),LEN(OFFSET('Vacation Tracker'!$Q18:$AD18,0,AZ$4))-1),0)))} -> 0 | BD15: =SUM(OFFSET('Vacation Tracker'!$Q18:$AD18,0,BD$4)) -> 0 | BE15: =BD15-BF15 -> 0 | BF15: {=SUM(IF(RIGHT(OFFSET('Vacation Tracker'!$Q18:$AD18,0,BD$4))<>"O",IFERROR(--LEFT(OFFSET('Vacation Tracker'!$Q18:$AD18,0,BD$4),LEN(OFFSET('Vacation Tracker'!$Q18:$AD18,0,BD$4))-1),0)))} -> 0 | BG15: {=SUM(IF(RIGHT(OFFSET('Vacation Tracker'!$Q18:$AD18,0,BD$4))=BG$8,IFERROR(--LEFT(OFFSET('Vacation Tracker'!$Q18:$AD18,0,BD$4),LEN(OFFSET('Vacation Tracker'!$Q18:$AD18,0,BD$4))-1),0)))} -> 0 | BH15: =SUM(OFFSET('Vacation Tracker'!$Q18:$AD18,0,BH$4)) -> 0 | BI15: =BH15-BJ15 -> 0 | BJ15: {=SUM(IF(RIGHT(OFFSET('Vacation Tracker'!$Q18:$AD18,0,BH$4))<>"O",IFERROR(--LEFT(OFFSET('Vacation Tracker'!$Q18:$AD18,0,BH$4),LEN(OFFSET('Vacation Tracker'!$Q18:$AD18,0,BH$4))-1),0)))} -> 0 | BK15: {=SUM(IF(RIGHT(OFFSET('Vacation Tracker'!$Q18:$AD18,0,BH$4))=BK$8,IFERROR(--LEFT(OFFSET('Vacation Tracker'!$Q18:$AD18,0,BH$4),LEN(OFFSET('Vacation Tracker'!$Q18:$AD18,0,BH$4))-1),0)))} -> 0 | BL15: =SUM(OFFSET('Vacation Tracker'!$Q18:$AD18,0,BL$4)) -> 0 | BM15: =BL15-BN15 -> 0 | BN15: {=SUM(IF(RIGHT(OFFSET('Vacation Tracker'!$Q18:$AD18,0,BL$4))<>"O",IFERROR(--LEFT(OFFSET('Vacation Tracker'!$Q18:$AD18,0,BL$4),LEN(OFFSET('Vacation Tracker'!$Q18:$AD18,0,BL$4))-1),0)))} -> 0 | BO15: {=SUM(IF(RIGHT(OFFSET('Vacation Tracker'!$Q18:$AD18,0,BL$4))=BO$8,IFERROR(--LEFT(OFFSET('Vacation Tracker'!$Q18:$AD18,0,BL$4),LEN(OFFSET('Vacation Tracker'!$Q18:$AD18,0,BL$4))-1),0)))} -> 0 | BP15: =SUM(OFFSET('Vacation Tracker'!$Q18:$AD18,0,BP$4)) -> 0 | BQ15: =BP15-BR15 -> 0 | BR15: {=SUM(IF(RIGHT(OFFSET('Vacation Tracker'!$Q18:$AD18,0,BP$4))<>"O",IFERROR(--LEFT(OFFSET('Vacation Tracker'!$Q18:$AD18,0,BP$4),LEN(OFFSET('Vacation Tracker'!$Q18:$AD18,0,BP$4))-1),0)))} -> 0 | BS15: {=SUM(IF(RIGHT(OFFSET('Vacation Tracker'!$Q18:$AD18,0,BP$4))=BS$8,IFERROR(--LEFT(OFFSET('Vacation Tracker'!$Q18:$AD18,0,BP$4),LEN(OFFSET('Vacation Tracker'!$Q18:$AD18,0,BP$4))-1),0)))} -> 0 | BT15: =SUM(OFFSET('Vacation Tracker'!$Q18:$AD18,0,BT$4)) -> 0 | BU15: =BT15-BV15 -> 0 | BV15: {=SUM(IF(RIGHT(OFFSET('Vacation Tracker'!$Q18:$AD18,0,BT$4))<>"O",IFERROR(--LEFT(OFFSET('Vacation Tracker'!$Q18:$AD18,0,BT$4),LEN(OFFSET('Vacation Tracker'!$Q18:$AD18,0,BT$4))-1),0)))} -> 0 | BW15: {=SUM(IF(RIGHT(OFFSET('Vacation Tracker'!$Q18:$AD18,0,BT$4))=BW$8,IFERROR(--LEFT(OFFSET('Vacation Tracker'!$Q18:$AD18,0,BT$4),LEN(OFFSET('Vacation Tracker'!$Q18:$AD18,0,BT$4))-1),0)))} -> 0 | BX15: =SUM(OFFSET('Vacation Tracker'!$Q18:$AD18,0,BX$4)) -> 0 | BY15: =BX15-BZ15 -> 0 | BZ15: {=SUM(IF(RIGHT(OFFSET('Vacation Tracker'!$Q18:$AD18,0,BX$4))<>"O",IFERROR(--LEFT(OFFSET('Vacation Tracker'!$Q18:$AD18,0,BX$4),LEN(OFFSET('Vacation Tracker'!$Q18:$AD18,0,BX$4))-1),0)))} -> 0 | CA15: {=SUM(IF(RIGHT(OFFSET('Vacation Tracker'!$Q18:$AD18,0,BX$4))=CA$8,IFERROR(--LEFT(OFFSET('Vacation Tracker'!$Q18:$AD18,0,BX$4),LEN(OFFSET('Vacation Tracker'!$Q18:$AD18,0,BX$4))-1),0)))} -> 0 | CB15: =SUM(OFFSET('Vacation Tracker'!$Q18:$AD18,0,CB$4)) -> 0 | CC15: =CB15-CD15 -> 0 | CD15: {=SUM(IF(RIGHT(OFFSET('Vacation Tracker'!$Q18:$AD18,0,CB$4))<>"O",IFERROR(--LEFT(OFFSET('Vacation Tracker'!$Q18:$AD18,0,CB$4),LEN(OFFSET('Vacation Tracker'!$Q18:$AD18,0,CB$4))-1),0)))} -> 0 | CE15: {=SUM(IF(RIGHT(OFFSET('Vacation Tracker'!$Q18:$AD18,0,CB$4))=CE$8,IFERROR(--LEFT(OFFSET('Vacation Tracker'!$Q18:$AD18,0,CB$4),LEN(OFFSET('Vacation Tracker'!$Q18:$AD18,0,CB$4))-1),0)))} -> 0 | CF15: =SUM(OFFSET('Vacation Tracker'!$Q18:$AD18,0,CF$4)) -> 0 | CG15: =CF15-CH15 -> 0 | CH15: {=SUM(IF(RIGHT(OFFSET('Vacation Tracker'!$Q18:$AD18,0,CF$4))<>"O",IFERROR(--LEFT(OFFSET('Vacation Tracker'!$Q18:$AD18,0,CF$4),LEN(OFFSET('Vacation Tracker'!$Q18:$AD18,0,CF$4))-1),0)))} -> 0 | CI15: {=SUM(IF(RIGHT(OFFSET('Vacation Tracker'!$Q18:$AD18,0,CF$4))=CI$8,IFERROR(--LEFT(OFFSET('Vacation Tracker'!$Q18:$AD18,0,CF$4),LEN(OFFSET('Vacation Tracker'!$Q18:$AD18,0,CF$4))-1),0)))} -> 0 | CJ15: =SUM(OFFSET('Vacation Tracker'!$Q18:$AD18,0,CJ$4)) -> 0 | CK15: =CJ15-CL15 -> 0 | CL15: {=SUM(IF(RIGHT(OFFSET('Vacation Tracker'!$Q18:$AD18,0,CJ$4))<>"O",IFERROR(--LEFT(OFFSET('Vacation Tracker'!$Q18:$AD18,0,CJ$4),LEN(OFFSET('Vacation Tracker'!$Q18:$AD18,0,CJ$4))-1),0)))} -> 0 | CM15: {=SUM(IF(RIGHT(OFFSET('Vacation Tracker'!$Q18:$AD18,0,CJ$4))=CM$8,IFERROR(--LEFT(OFFSET('Vacation Tracker'!$Q18:$AD18,0,CJ$4),LEN(OFFSET('Vacation Tracker'!$Q18:$AD18,0,CJ$4))-1),0)))} -> 0 | CN15: =SUM(OFFSET('Vacation Tracker'!$Q18:$AD18,0,CN$4)) -> 0 | CO15: =CN15-CP15 -> 0 | CP15: {=SUM(IF(RIGHT(OFFSET('Vacation Tracker'!$Q18:$AD18,0,CN$4))<>"O",IFERROR(--LEFT(OFFSET('Vacation Tracker'!$Q18:$AD18,0,CN$4),LEN(OFFSET('Vacation Tracker'!$Q18:$AD18,0,CN$4))-1),0)))} -> 0 | CQ15: {=SUM(IF(RIGHT(OFFSET('Vacation Tracker'!$Q18:$AD18,0,CN$4))=CQ$8,IFERROR(--LEFT(OFFSET('Vacation Tracker'!$Q18:$AD18,0,CN$4),LEN(OFFSET('Vacation Tracker'!$Q18:$AD18,0,CN$4))-1),0)))} -> 0 | CR15: =SUM(OFFSET('Vacation Tracker'!$Q18:$AD18,0,CR$4)) -> 0 | CS15: =CR15-CT15 -> 0 | CT15: {=SUM(IF(RIGHT(OFFSET('Vacation Tracker'!$Q18:$AD18,0,CR$4))<>"O",IFERROR(--LEFT(OFFSET('Vacation Tracker'!$Q18:$AD18,0,CR$4),LEN(OFFSET('Vacation Tracker'!$Q18:$AD18,0,CR$4))-1),0)))} -> 0 | CU15: {=SUM(IF(RIGHT(OFFSET('Vacation Tracker'!$Q18:$AD18,0,CR$4))=CU$8,IFERROR(--LEFT(OFFSET('Vacation Tracker'!$Q18:$AD18,0,CR$4),LEN(OFFSET('Vacation Tracker'!$Q18:$AD18,0,CR$4))-1),0)))} -> 0 | CV15: =SUM(OFFSET('Vacation Tracker'!$Q18:$AD18,0,CV$4)) -> 0 | CW15: =CV15-CX15 -> 0 | CX15: {=SUM(IF(RIGHT(OFFSET('Vacation Tracker'!$Q18:$AD18,0,CV$4))<>"O",IFERROR(--LEFT(OFFSET('Vacation Tracker'!$Q18:$AD18,0,CV$4),LEN(OFFSET('Vacation Tracker'!$Q18:$AD18,0,CV$4))-1),0)))} -> 0 | CY15: {=SUM(IF(RIGHT(OFFSET('Vacation Tracker'!$Q18:$AD18,0,CV$4))=CY$8,IFERROR(--LEFT(OFFSET('Vacation Tracker'!$Q18:$AD18,0,CV$4),LEN(OFFSET('Vacation Tracker'!$Q18:$AD18,0,CV$4))-1),0)))} -> 0 | CZ15: =SUM(OFFSET('Vacation Tracker'!$Q18:$AD18,0,CZ$4)) -> 0 | DA15: =CZ15-DB15 -> 0 | DB15: {=SUM(IF(RIGHT(OFFSET('Vacation Tracker'!$Q18:$AD18,0,CZ$4))<>"O",IFERROR(--LEFT(OFFSET('Vacation Tracker'!$Q18:$AD18,0,CZ$4),LEN(OFFSET('Vacation Tracker'!$Q18:$AD18,0,CZ$4))-1),0)))} -> 0 | DC15: {=SUM(IF(RIGHT(OFFSET('Vacation Tracker'!$Q18:$AD18,0,CZ$4))=DC$8,IFERROR(--LEFT(OFFSET('Vacation Tracker'!$Q18:$AD18,0,CZ$4),LEN(OFFSET('Vacation Tracker'!$Q18:$AD18,0,CZ$4))-1),0)))} -> 0 | DD15: =SUM(OFFSET('Vacation Tracker'!$Q18:$AD18,0,DD$4)) -> 0 | DE15: =DD15-DF15 -> 0 | DF15: {=SUM(IF(RIGHT(OFFSET('Vacation Tracker'!$Q18:$AD18,0,DD$4))<>"O",IFERROR(--LEFT(OFFSET('Vacation Tracker'!$Q18:$AD18,0,DD$4),LEN(OFFSET('Vacation Tracker'!$Q18:$AD18,0,DD$4))-1),0)))} -> 0 | DG15: {=SUM(IF(RIGHT(OFFSET('Vacation Tracker'!$Q18:$AD18,0,DD$4))=DG$8,IFERROR(--LEFT(OFFSET('Vacation Tracker'!$Q18:$AD18,0,DD$4),LEN(OFFSET('Vacation Tracker'!$Q18:$AD18,0,DD$4))-1),0)))} -> 0 | DH15: =SUM(OFFSET('Vacation Tracker'!$Q18:$AD18,0,DH$4)) -> 0 | DI15: =DH15-DJ15 -> 0 | DJ15: {=SUM(IF(RIGHT(OFFSET('Vacation Tracker'!$Q18:$AD18,0,DH$4))<>"O",IFERROR(--LEFT(OFFSET('Vacation Tracker'!$Q18:$AD18,0,DH$4),LEN(OFFSET('Vacation Tracker'!$Q18:$AD18,0,DH$4))-1),0)))} -> 0 | DK15: {=SUM(IF(RIGHT(OFFSET('Vacation Tracker'!$Q18:$AD18,0,DH$4))=DK$8,IFERROR(--LEFT(OFFSET('Vacation Tracker'!$Q18:$AD18,0,DH$4),LEN(OFFSET('Vacation Tracker'!$Q18:$AD18,0,DH$4))-1),0)))} -> 0 | DL15: =SUM(OFFSET('Vacation Tracker'!$Q18:$AD18,0,DL$4)) -> 0 | DM15: =DL15-DN15 -> 0 | DN15: {=SUM(IF(RIGHT(OFFSET('Vacation Tracker'!$Q18:$AD18,0,DL$4))<>"O",IFERROR(--LEFT(OFFSET('Vacation Tracker'!$Q18:$AD18,0,DL$4),LEN(OFFSET('Vacation Tracker'!$Q18:$AD18,0,DL$4))-1),0)))} -> 0 | DO15: {=SUM(IF(RIGHT(OFFSET('Vacation Tracker'!$Q18:$AD18,0,DL$4))=DO$8,IFERROR(--LEFT(OFFSET('Vacation Tracker'!$Q18:$AD18,0,DL$4),LEN(OFFSET('Vacation Tracker'!$Q18:$AD18,0,DL$4))-1),0)))} -> 0 | DP15: =SUM(OFFSET('Vacation Tracker'!$Q18:$AD18,0,DP$4)) -> 0 | DQ15: =DP15-DR15 -> 0 | DR15: {=SUM(IF(RIGHT(OFFSET('Vacation Tracker'!$Q18:$AD18,0,DP$4))<>"O",IFERROR(--LEFT(OFFSET('Vacation Tracker'!$Q18:$AD18,0,DP$4),LEN(OFFSET('Vacation Tracker'!$Q18:$AD18,0,DP$4))-1),0)))} -> 0 | DS15: {=SUM(IF(RIGHT(OFFSET('Vacation Tracker'!$Q18:$AD18,0,DP$4))=DS$8,IFERROR(--LEFT(OFFSET('Vacation Tracker'!$Q18:$AD18,0,DP$4),LEN(OFFSET('Vacation Tracker'!$Q18:$AD18,0,DP$4))-1),0)))} -> 0 | DT15: =SUM(OFFSET('Vacation Tracker'!$Q18:$AD18,0,DT$4)) -> 0 | DU15: =DT15-DV15 -> 0 | DV15: {=SUM(IF(RIGHT(OFFSET('Vacation Tracker'!$Q18:$AD18,0,DT$4))<>"O",IFERROR(--LEFT(OFFSET('Vacation Tracker'!$Q18:$AD18,0,DT$4),LEN(OFFSET('Vacation Tracker'!$Q18:$AD18,0,DT$4))-1),0)))} -> 0 | DW15: {=SUM(IF(RIGHT(OFFSET('Vacation Tracker'!$Q18:$AD18,0,DT$4))=DW$8,IFERROR(--LEFT(OFFSET('Vacation Tracker'!$Q18:$AD18,0,DT$4),LEN(OFFSET('Vacation Tracker'!$Q18:$AD18,0,DT$4))-1),0)))} -> 0 | DX15: =SUM(OFFSET('Vacation Tracker'!$Q18:$AD18,0,DX$4)) -> 0 | DY15: =DX15-DZ15 -> 0 | DZ15: {=SUM(IF(RIGHT(OFFSET('Vacation Tracker'!$Q18:$AD18,0,DX$4))<>"O",IFERROR(--LEFT(OFFSET('Vacation Tracker'!$Q18:$AD18,0,DX$4),LEN(OFFSET('Vacation Tracker'!$Q18:$AD18,0,DX$4))-1),0)))} -> 0 | EA15: {=SUM(IF(RIGHT(OFFSET('Vacation Tracker'!$Q18:$AD18,0,DX$4))=EA$8,IFERROR(--LEFT(OFFSET('Vacation Tracker'!$Q18:$AD18,0,DX$4),LEN(OFFSET('Vacation Tracker'!$Q18:$AD18,0,DX$4))-1),0)))} -> 0 | EB15: =SUM(OFFSET('Vacation Tracker'!$Q18:$AD18,0,EB$4)) -> 0 | EC15: =EB15-ED15 -> 0 | ED15: {=SUM(IF(RIGHT(OFFSET('Vacation Tracker'!$Q18:$AD18,0,EB$4))<>"O",IFERROR(--LEFT(OFFSET('Vacation Tracker'!$Q18:$AD18,0,EB$4),LEN(OFFSET('Vacation Tracker'!$Q18:$AD18,0,EB$4))-1),0)))} -> 0 | EE15: {=SUM(IF(RIGHT(OFFSET('Vacation Tracker'!$Q18:$AD18,0,EB$4))=EE$8,IFERROR(--LEFT(OFFSET('Vacation Tracker'!$Q18:$AD18,0,EB$4),LEN(OFFSET('Vacation Tracker'!$Q18:$AD18,0,EB$4))-1),0)))} -> 0 | EF15: =SUM(OFFSET('Vacation Tracker'!$Q18:$AD18,0,EF$4)) -> 0 | EG15: =EF15-EH15 -> 0 | EH15: {=SUM(IF(RIGHT(OFFSET('Vacation Tracker'!$Q18:$AD18,0,EF$4))<>"O",IFERROR(--LEFT(OFFSET('Vacation Tracker'!$Q18:$AD18,0,EF$4),LEN(OFFSET('Vacation Tracker'!$Q18:$AD18,0,EF$4))-1),0)))} -> 0 | EI15: {=SUM(IF(RIGHT(OFFSET('Vacation Tracker'!$Q18:$AD18,0,EF$4))=EI$8,IFERROR(--LEFT(OFFSET('Vacation Tracker'!$Q18:$AD18,0,EF$4),LEN(OFFSET('Vacation Tracker'!$Q18:$AD18,0,EF$4))-1),0)))} -> 0 | EJ15: =SUM(OFFSET('Vacation Tracker'!$Q18:$AD18,0,EJ$4)) -> 0 | EK15: =EJ15-EL15 -> 0 | EL15: {=SUM(IF(RIGHT(OFFSET('Vacation Tracker'!$Q18:$AD18,0,EJ$4))<>"O",IFERROR(--LEFT(OFFSET('Vacation Tracker'!$Q18:$AD18,0,EJ$4),LEN(OFFSET('Vacation Tracker'!$Q18:$AD18,0,EJ$4))-1),0)))} -> 0 | EM15: {=SUM(IF(RIGHT(OFFSET('Vacation Tracker'!$Q18:$AD18,0,EJ$4))=EM$8,IFERROR(--LEFT(OFFSET('Vacation Tracker'!$Q18:$AD18,0,EJ$4),LEN(OFFSET('Vacation Tracker'!$Q18:$AD18,0,EJ$4))-1),0)))} -> 0 | EN15: =SUM(OFFSET('Vacation Tracker'!$Q18:$AD18,0,EN$4)) -> 0 | EO15: =EN15-EP15 -> 0 | EP15: {=SUM(IF(RIGHT(OFFSET('Vacation Tracker'!$Q18:$AD18,0,EN$4))<>"O",IFERROR(--LEFT(OFFSET('Vacation Tracker'!$Q18:$AD18,0,EN$4),LEN(OFFSET('Vacation Tracker'!$Q18:$AD18,0,EN$4))-1),0)))} -> 0 | EQ15: {=SUM(IF(RIGHT(OFFSET('Vacation Tracker'!$Q18:$AD18,0,EN$4))=EQ$8,IFERROR(--LEFT(OFFSET('Vacation Tracker'!$Q18:$AD18,0,EN$4),LEN(OFFSET('Vacation Tracker'!$Q18:$AD18,0,EN$4))-1),0)))} -> 0 | ER15: =SUM(OFFSET('Vacation Tracker'!$Q18:$AD18,0,ER$4)) -> 0 | ES15: =ER15-ET15 -> 0 | ET15: {=SUM(IF(RIGHT(OFFSET('Vacation Tracker'!$Q18:$AD18,0,ER$4))<>"O",IFERROR(--LEFT(OFFSET('Vacation Tracker'!$Q18:$AD18,0,ER$4),LEN(OFFSET('Vacation Tracker'!$Q18:$AD18,0,ER$4))-1),0)))} -> 0 | EU15: {=SUM(IF(RIGHT(OFFSET('Vacation Tracker'!$Q18:$AD18,0,ER$4))=EU$8,IFERROR(--LEFT(OFFSET('Vacation Tracker'!$Q18:$AD18,0,ER$4),LEN(OFFSET('Vacation Tracker'!$Q18:$AD18,0,ER$4))-1),0)))} -> 0 | EV15: =SUM(OFFSET('Vacation Tracker'!$Q18:$AD18,0,EV$4)) -> 0 | EW15: =EV15-EX15 -> 0 | EX15: {=SUM(IF(RIGHT(OFFSET('Vacation Tracker'!$Q18:$AD18,0,EV$4))<>"O",IFERROR(--LEFT(OFFSET('Vacation Tracker'!$Q18:$AD18,0,EV$4),LEN(OFFSET('Vacation Tracker'!$Q18:$AD18,0,EV$4))-1),0)))} -> 0 | EY15: {=SUM(IF(RIGHT(OFFSET('Vacation Tracker'!$Q18:$AD18,0,EV$4))=EY$8,IFERROR(--LEFT(OFFSET('Vacation Tracker'!$Q18:$AD18,0,EV$4),LEN(OFFSET('Vacation Tracker'!$Q18:$AD18,0,EV$4))-1),0)))} -> 0 | EZ15: =SUM(OFFSET('Vacation Tracker'!$Q18:$AD18,0,EZ$4)) -> 0 | FA15: =EZ15-FB15 -> 0 | FB15: {=SUM(IF(RIGHT(OFFSET('Vacation Tracker'!$Q18:$AD18,0,EZ$4))<>"O",IFERROR(--LEFT(OFFSET('Vacation Tracker'!$Q18:$AD18,0,EZ$4),LEN(OFFSET('Vacation Tracker'!$Q18:$AD18,0,EZ$4))-1),0)))} -> 0 | FC15: {=SUM(IF(RIGHT(OFFSET('Vacation Tracker'!$Q18:$AD18,0,EZ$4))=FC$8,IFERROR(--LEFT(OFFSET('Vacation Tracker'!$Q18:$AD18,0,EZ$4),LEN(OFFSET('Vacation Tracker'!$Q18:$AD18,0,EZ$4))-1),0)))} -> 0 | FD15: =SUM(OFFSET('Vacation Tracker'!$Q18:$AD18,0,FD$4)) -> 0 | FE15: =FD15-FF15 -> 0 | FF15: {=SUM(IF(RIGHT(OFFSET('Vacation Tracker'!$Q18:$AD18,0,FD$4))<>"O",IFERROR(--LEFT(OFFSET('Vacation Tracker'!$Q18:$AD18,0,FD$4),LEN(OFFSET('Vacation Tracker'!$Q18:$AD18,0,FD$4))-1),0)))} -> 0 | FG15: {=SUM(IF(RIGHT(OFFSET('Vacation Tracker'!$Q18:$AD18,0,FD$4))=FG$8,IFERROR(--LEFT(OFFSET('Vacation Tracker'!$Q18:$AD18,0,FD$4),LEN(OFFSET('Vacation Tracker'!$Q18:$AD18,0,FD$4))-1),0)))} -> 0 | FH15: =SUM(OFFSET('Vacation Tracker'!$Q18:$AD18,0,FH$4)) -> 0 | FI15: =FH15-FJ15 -> 0 | FJ15: {=SUM(IF(RIGHT(OFFSET('Vacation Tracker'!$Q18:$AD18,0,FH$4))<>"O",IFERROR(--LEFT(OFFSET('Vacation Tracker'!$Q18:$AD18,0,FH$4),LEN(OFFSET('Vacation Tracker'!$Q18:$AD18,0,FH$4))-1),0)))} -> 0 | FK15: {=SUM(IF(RIGHT(OFFSET('Vacation Tracker'!$Q18:$AD18,0,FH$4))=FK$8,IFERROR(--LEFT(OFFSET('Vacation Tracker'!$Q18:$AD18,0,FH$4),LEN(OFFSET('Vacation Tracker'!$Q18:$AD18,0,FH$4))-1),0)))} -> 0 | FL15: =SUM(OFFSET('Vacation Tracker'!$Q18:$AD18,0,FL$4)) -> 0 | FM15: =FL15-FN15 -> 0 | FN15: {=SUM(IF(RIGHT(OFFSET('Vacation Tracker'!$Q18:$AD18,0,FL$4))<>"O",IFERROR(--LEFT(OFFSET('Vacation Tracker'!$Q18:$AD18,0,FL$4),LEN(OFFSET('Vacation Tracker'!$Q18:$AD18,0,FL$4))-1),0)))} -> 0 | FO15: {=SUM(IF(RIGHT(OFFSET('Vacation Tracker'!$Q18:$AD18,0,FL$4))=FO$8,IFERROR(--LEFT(OFFSET('Vacation Tracker'!$Q18:$AD18,0,FL$4),LEN(OFFSET('Vacation Tracker'!$Q18:$AD18,0,FL$4))-1),0)))} -> 0 | FP15: =SUM(OFFSET('Vacation Tracker'!$Q18:$AD18,0,FP$4)) -> 0 | FQ15: =FP15-FR15 -> 0 | FR15: {=SUM(IF(RIGHT(OFFSET('Vacation Tracker'!$Q18:$AD18,0,FP$4))<>"O",IFERROR(--LEFT(OFFSET('Vacation Tracker'!$Q18:$AD18,0,FP$4),LEN(OFFSET('Vacation Tracker'!$Q18:$AD18,0,FP$4))-1),0)))} -> 0 | FS15: {=SUM(IF(RIGHT(OFFSET('Vacation Tracker'!$Q18:$AD18,0,FP$4))=FS$8,IFERROR(--LEFT(OFFSET('Vacation Tracker'!$Q18:$AD18,0,FP$4),LEN(OFFSET('Vacation Tracker'!$Q18:$AD18,0,FP$4))-1),0)))} -> 0 | FT15: =SUM(OFFSET('Vacation Tracker'!$Q18:$AD18,0,FT$4)) -> 0 | FU15: =FT15-FV15 -> 0 | FV15: {=SUM(IF(RIGHT(OFFSET('Vacation Tracker'!$Q18:$AD18,0,FT$4))<>"O",IFERROR(--LEFT(OFFSET('Vacation Tracker'!$Q18:$AD18,0,FT$4),LEN(OFFSET('Vacation Tracker'!$Q18:$AD18,0,FT$4))-1),0)))} -> 0 | FW15: {=SUM(IF(RIGHT(OFFSET('Vacation Tracker'!$Q18:$AD18,0,FT$4))=FW$8,IFERROR(--LEFT(OFFSET('Vacation Tracker'!$Q18:$AD18,0,FT$4),LEN(OFFSET('Vacation Tracker'!$Q18:$AD18,0,FT$4))-1),0)))} -> 0 | FX15: =SUM(OFFSET('Vacation Tracker'!$Q18:$AD18,0,FX$4)) -> 0 | FY15: =FX15-FZ15 -> 0 | FZ15: {=SUM(IF(RIGHT(OFFSET('Vacation Tracker'!$Q18:$AD18,0,FX$4))<>"O",IFERROR(--LEFT(OFFSET('Vacation Tracker'!$Q18:$AD18,0,FX$4),LEN(OFFSET('Vacation Tracker'!$Q18:$AD18,0,FX$4))-1),0)))} -> 0 | GA15: {=SUM(IF(RIGHT(OFFSET('Vacation Tracker'!$Q18:$AD18,0,FX$4))=GA$8,IFERROR(--LEFT(OFFSET('Vacation Tracker'!$Q18:$AD18,0,FX$4),LEN(OFFSET('Vacation Tracker'!$Q18:$AD18,0,FX$4))-1),0)))} -> 0 | GB15: =SUM(OFFSET('Vacation Tracker'!$Q18:$AD18,0,GB$4)) -> 0 | GC15: =GB15-GD15 -> 0 | GD15: {=SUM(IF(RIGHT(OFFSET('Vacation Tracker'!$Q18:$AD18,0,GB$4))<>"O",IFERROR(--LEFT(OFFSET('Vacation Tracker'!$Q18:$AD18,0,GB$4),LEN(OFFSET('Vacation Tracker'!$Q18:$AD18,0,GB$4))-1),0)))} -> 0 | GE15: {=SUM(IF(RIGHT(OFFSET('Vacation Tracker'!$Q18:$AD18,0,GB$4))=GE$8,IFERROR(--LEFT(OFFSET('Vacation Tracker'!$Q18:$AD18,0,GB$4),LEN(OFFSET('Vacation Tracker'!$Q18:$AD18,0,GB$4))-1),0)))} -> 0 | GF15: =SUM(OFFSET('Vacation Tracker'!$Q18:$AD18,0,GF$4)) -> 0 | GG15: =GF15-GH15 -> 0 | GH15: {=SUM(IF(RIGHT(OFFSET('Vacation Tracker'!$Q18:$AD18,0,GF$4))<>"O",IFERROR(--LEFT(OFFSET('Vacation Tracker'!$Q18:$AD18,0,GF$4),LEN(OFFSET('Vacation Tracker'!$Q18:$AD18,0,GF$4))-1),0)))} -> 0 | GI15: {=SUM(IF(RIGHT(OFFSET('Vacation Tracker'!$Q18:$AD18,0,GF$4))=GI$8,IFERROR(--LEFT(OFFSET('Vacation Tracker'!$Q18:$AD18,0,GF$4),LEN(OFFSET('Vacation Tracker'!$Q18:$AD18,0,GF$4))-1),0)))} -> 0 | GJ15: =SUM(OFFSET('Vacation Tracker'!$Q18:$AD18,0,GJ$4)) -> 0 | GK15: =GJ15-GL15 -> 0 | GL15: {=SUM(IF(RIGHT(OFFSET('Vacation Tracker'!$Q18:$AD18,0,GJ$4))<>"O",IFERROR(--LEFT(OFFSET('Vacation Tracker'!$Q18:$AD18,0,GJ$4),LEN(OFFSET('Vacation Tracker'!$Q18:$AD18,0,GJ$4))-1),0)))} -> 0 | GM15: {=SUM(IF(RIGHT(OFFSET('Vacation Tracker'!$Q18:$AD18,0,GJ$4))=GM$8,IFERROR(--LEFT(OFFSET('Vacation Tracker'!$Q18:$AD18,0,GJ$4),LEN(OFFSET('Vacation Tracker'!$Q18:$AD18,0,GJ$4))-1),0)))} -> 0 | GN15: =SUM(OFFSET('Vacation Tracker'!$Q18:$AD18,0,GN$4)) -> 0 | GO15: =GN15-GP15 -> 0 | GP15: {=SUM(IF(RIGHT(OFFSET('Vacation Tracker'!$Q18:$AD18,0,GN$4))<>"O",IFERROR(--LEFT(OFFSET('Vacation Tracker'!$Q18:$AD18,0,GN$4),LEN(OFFSET('Vacation Tracker'!$Q18:$AD18,0,GN$4))-1),0)))} -> 0 | GQ15: {=SUM(IF(RIGHT(OFFSET('Vacation Tracker'!$Q18:$AD18,0,GN$4))=GQ$8,IFERROR(--LEFT(OFFSET('Vacation Tracker'!$Q18:$AD18,0,GN$4),LEN(OFFSET('Vacation Tracker'!$Q18:$AD18,0,GN$4))-1),0)))} -> 0 | GR15: =SUM(OFFSET('Vacation Tracker'!$Q18:$AD18,0,GR$4)) -> 0 | GS15: =GR15-GT15 -> 0 | GT15: {=SUM(IF(RIGHT(OFFSET('Vacation Tracker'!$Q18:$AD18,0,GR$4))<>"O",IFERROR(--LEFT(OFFSET('Vacation Tracker'!$Q18:$AD18,0,GR$4),LEN(OFFSET('Vacation Tracker'!$Q18:$AD18,0,GR$4))-1),0)))} -> 0 | GU15: {=SUM(IF(RIGHT(OFFSET('Vacation Tracker'!$Q18:$AD18,0,GR$4))=GU$8,IFERROR(--LEFT(OFFSET('Vacation Tracker'!$Q18:$AD18,0,GR$4),LEN(OFFSET('Vacation Tracker'!$Q18:$AD18,0,GR$4))-1),0)))} -> 0 | GV15: =SUM(OFFSET('Vacation Tracker'!$Q18:$AD18,0,GV$4)) -> 0 | GW15: =GV15-GX15 -> 0 | GX15: {=SUM(IF(RIGHT(OFFSET('Vacation Tracker'!$Q18:$AD18,0,GV$4))<>"O",IFERROR(--LEFT(OFFSET('Vacation Tracker'!$Q18:$AD18,0,GV$4),LEN(OFFSET('Vacation Tracker'!$Q18:$AD18,0,GV$4))-1),0)))} -> 0 | GY15: {=SUM(IF(RIGHT(OFFSET('Vacation Tracker'!$Q18:$AD18,0,GV$4))=GY$8,IFERROR(--LEFT(OFFSET('Vacation Tracker'!$Q18:$AD18,0,GV$4),LEN(OFFSET('Vacation Tracker'!$Q18:$AD18,0,GV$4))-1),0)))} -> 0 | GZ15: =SUM(OFFSET('Vacation Tracker'!$Q18:$AD18,0,GZ$4)) -> 0 | HA15: =GZ15-HB15 -> 0 | HB15: {=SUM(IF(RIGHT(OFFSET('Vacation Tracker'!$Q18:$AD18,0,GZ$4))<>"O",IFERROR(--LEFT(OFFSET('Vacation Tracker'!$Q18:$AD18,0,GZ$4),LEN(OFFSET('Vacation Tracker'!$Q18:$AD18,0,GZ$4))-1),0)))} -> 0 | HC15: {=SUM(IF(RIGHT(OFFSET('Vacation Tracker'!$Q18:$AD18,0,GZ$4))=HC$8,IFERROR(--LEFT(OFFSET('Vacation Tracker'!$Q18:$AD18,0,GZ$4),LEN(OFFSET('Vacation Tracker'!$Q18:$AD18,0,GZ$4))-1),0)))} -> 0 | HD15: =SUM(OFFSET('Vacation Tracker'!$Q18:$AD18,0,HD$4)) -> 0 | HE15: =HD15-HF15 -> 0 | HF15: {=SUM(IF(RIGHT(OFFSET('Vacation Tracker'!$Q18:$AD18,0,HD$4))<>"O",IFERROR(--LEFT(OFFSET('Vacation Tracker'!$Q18:$AD18,0,HD$4),LEN(OFFSET('Vacation Tracker'!$Q18:$AD18,0,HD$4))-1),0)))} -> 0 | HG15: {=SUM(IF(RIGHT(OFFSET('Vacation Tracker'!$Q18:$AD18,0,HD$4))=HG$8,IFERROR(--LEFT(OFFSET('Vacation Tracker'!$Q18:$AD18,0,HD$4),LEN(OFFSET('Vacation Tracker'!$Q18:$AD18,0,HD$4))-1),0)))} -> 0 | HH15: =SUM(OFFSET('Vacation Tracker'!$Q18:$AD18,0,HH$4)) -> 0 | HI15: =HH15-HJ15 -> 0 | HJ15: {=SUM(IF(RIGHT(OFFSET('Vacation Tracker'!$Q18:$AD18,0,HH$4))<>"O",IFERROR(--LEFT(OFFSET('Vacation Tracker'!$Q18:$AD18,0,HH$4),LEN(OFFSET('Vacation Tracker'!$Q18:$AD18,0,HH$4))-1),0)))} -> 0 | HK15: {=SUM(IF(RIGHT(OFFSET('Vacation Tracker'!$Q18:$AD18,0,HH$4))=HK$8,IFERROR(--LEFT(OFFSET('Vacation Tracker'!$Q18:$AD18,0,HH$4),LEN(OFFSET('Vacation Tracker'!$Q18:$AD18,0,HH$4))-1),0)))} -> 0 | HL15: =SUM(OFFSET('Vacation Tracker'!$Q18:$AD18,0,HL$4)) -> 0 | HM15: =HL15-HN15 -> 0 | HN15: {=SUM(IF(RIGHT(OFFSET('Vacation Tracker'!$Q18:$AD18,0,HL$4))<>"O",IFERROR(--LEFT(OFFSET('Vacation Tracker'!$Q18:$AD18,0,HL$4),LEN(OFFSET('Vacation Tracker'!$Q18:$AD18,0,HL$4))-1),0)))} -> 0 | HO15: {=SUM(IF(RIGHT(OFFSET('Vacation Tracker'!$Q18:$AD18,0,HL$4))=HO$8,IFERROR(--LEFT(OFFSET('Vacation Tracker'!$Q18:$AD18,0,HL$4),LEN(OFFSET('Vacation Tracker'!$Q18:$AD18,0,HL$4))-1),0)))} -> 0 | HP15: =SUM(OFFSET('Vacation Tracker'!$Q18:$AD18,0,HP$4)) -> 0 | HQ15: =HP15-HR15 -> 0 | HR15: {=SUM(IF(RIGHT(OFFSET('Vacation Tracker'!$Q18:$AD18,0,HP$4))<>"O",IFERROR(--LEFT(OFFSET('Vacation Tracker'!$Q18:$AD18,0,HP$4),LEN(OFFSET('Vacation Tracker'!$Q18:$AD18,0,HP$4))-1),0)))} -> 0 | HS15: {=SUM(IF(RIGHT(OFFSET('Vacation Tracker'!$Q18:$AD18,0,HP$4))=HS$8,IFERROR(--LEFT(OFFSET('Vacation Tracker'!$Q18:$AD18,0,HP$4),LEN(OFFSET('Vacation Tracker'!$Q18:$AD18,0,HP$4))-1),0)))} -> 0
