Workbook

Sheet Vacation Summary
B3: RINGKASAN CUTI KARYAWAN
B9: No | C9: Nama Karyawan | D9: Tanggal Dipekerjakan | E9: Tanggal Pengunduran Diri | F9: Departemen | G9: Hari/Jam Kerja | H9: Hari Kerja | O9: ='Vacation Tracker'!PO9 -> 44927 | Q9: ='Vacation Tracker'!QI9 -> 44958 | S9: ='Vacation Tracker'!RC9 -> 44986 | U9: ='Vacation Tracker'!RW9 -> 45017 | W9: ='Vacation Tracker'!SQ9 -> 45047 | Y9: ='Vacation Tracker'!TK9 -> 45078 | AA9: ='Vacation Tracker'!UE9 -> 45108 | AC9: ='Vacation Tracker'!UY9 -> 45139 | AE9: ='Vacation Tracker'!VS9 -> 45170 | AG9: ='Vacation Tracker'!WM9 -> 45200 | AI9: ='Vacation Tracker'!XG9 -> 45231 | AK9: ='Vacation Tracker'!YA9 -> 45261
G10: (Jam) | H10: Sen | I10: Sel | J10: Rab | K10: Kam | L10: Jum | M10: Sab | N10: Min | O10: Hadir | P10: Tidak Hadir | Q10: Hadir | R10: Tidak Hadir | S10: Hadir | T10: Tidak Hadir | U10: Hadir | V10: Tidak Hadir | W10: Hadir | X10: Tidak Hadir | Y10: Hadir | Z10: Tidak Hadir | AA10: Hadir | AB10: Tidak Hadir | AC10: Hadir | AD10: Tidak Hadir | AE10: Hadir | AF10: Tidak Hadir | AG10: Hadir | AH10: Tidak Hadir | AI10: Hadir | AJ10: Tidak Hadir | AK10: Hadir | AL10: Tidak Hadir
B11: =IF('Vacation Tracker'!B11<>"",'Vacation Tracker'!B11,"") -> 1 | C11: =IF('Vacation Tracker'!C11<>"",'Vacation Tracker'!C11,"") -> John Doe 1 | D11: =IF('Vacation Tracker'!D11<>"",'Vacation Tracker'!D11,"") -> 42005 | E11: =IF('Vacation Tracker'!E11<>"",'Vacation Tracker'!E11,"") | F11: =IF('Vacation Tracker'!F11<>"",'Vacation Tracker'!F11,"") -> Marketing | G11: =IF('Vacation Tracker'!G11<>"",'Vacation Tracker'!G11,"") -> 8 | H11: =IF('Vacation Tracker'!H11<>"",'Vacation Tracker'!H11,"") -> v | I11: =IF('Vacation Tracker'!I11<>"",'Vacation Tracker'!I11,"") -> v | ... N11: =IF('Vacation Tracker'!N11<>"",'Vacation Tracker'!N11,"") | O11: ='Vacation Tracker'!QG11 -> 21 | P11: =SUM('Vacation Tracker'!PY11:QF11) -> 0 | Q11: ='Vacation Tracker'!RA11 -> 19 | R11: =SUM('Vacation Tracker'!QS11:QZ11) -> 0 | S11: ='Vacation Tracker'!RU11 -> 21 | T11: =SUM('Vacation Tracker'!RM11:RT11) -> 0 | U11: ='Vacation Tracker'!SO11 -> 19 | V11: =SUM('Vacation Tracker'!SG11:SN11) -> 0 | W11: ='Vacation Tracker'!TI11 -> 21 | X11: =SUM('Vacation Tracker'!TA11:TH11) -> 0 | Y11: ='Vacation Tracker'!UC11 -> 18 | Z11: =SUM('Vacation Tracker'!TU11:UB11) -> 0 | AA11: ='Vacation Tracker'!UW11 -> 19 | AB11: =SUM('Vacation Tracker'!UO11:UV11) -> 0 | AC11: ='Vacation Tracker'!VQ11 -> 21 | AD11: =SUM('Vacation Tracker'!VI11:VP11) -> 0 | AE11: ='Vacation Tracker'!WK11 -> 20 | AF11: =SUM('Vacation Tracker'!WC11:WJ11) -> 0 | AG11: ='Vacation Tracker'!XE11 -> 18 | AH11: =SUM('Vacation Tracker'!WW11:XD11) -> 0 | AI11: ='Vacation Tracker'!XY11 -> 20 | AJ11: =SUM('Vacation Tracker'!XQ11:XX11) -> 0 | AK11: ='Vacation Tracker'!YS11 -> 20 | AL11: =SUM('Vacation Tracker'!YK11:YR11) -> 0
B12: =IF('Vacation Tracker'!B12<>"",'Vacation Tracker'!B12,"") -> 2 | C12: =IF('Vacation Tracker'!C12<>"",'Vacation Tracker'!C12,"") -> John Doe 2 | D12: =IF('Vacation Tracker'!D12<>"",'Vacation Tracker'!D12,"") -> 41985 | E12: =IF('Vacation Tracker'!E12<>"",'Vacation Tracker'!E12,"") -> 42128 | F12: =IF('Vacation Tracker'!F12<>"",'Vacation Tracker'!F12,"") -> Marketing | G12: =IF('Vacation Tracker'!G12<>"",'Vacation Tracker'!G12,"") -> 8 | H12: =IF('Vacation Tracker'!H12<>"",'Vacation Tracker'!H12,"") -> v | I12: =IF('Vacation Tracker'!I12<>"",'Vacation Tracker'!I12,"") -> v | ... N12: =IF('Vacation Tracker'!N12<>"",'Vacation Tracker'!N12,"") | O12: ='Vacation Tracker'!QG12 -> 0 | P12: =SUM('Vacation Tracker'!PY12:QF12) -> 0 | Q12: ='Vacation Tracker'!RA12 -> 0 | R12: =SUM('Vacation Tracker'!QS12:QZ12) -> 0 | S12: ='Vacation Tracker'!RU12 -> 0 | T12: =SUM('Vacation Tracker'!RM12:RT12) -> 0 | U12: ='Vacation Tracker'!SO12 -> 0 | V12: =SUM('Vacation Tracker'!SG12:SN12) -> 0 | W12: ='Vacation Tracker'!TI12 -> 0 | X12: =SUM('Vacation Tracker'!TA12:TH12) -> 0 | Y12: ='Vacation Tracker'!UC12 -> 0 | Z12: =SUM('Vacation Tracker'!TU12:UB12) -> 0 | AA12: ='Vacation Tracker'!UW12 -> 0 | AB12: =SUM('Vacation Tracker'!UO12:UV12) -> 0 | AC12: ='Vacation Tracker'!VQ12 -> 0 | AD12: =SUM('Vacation Tracker'!VI12:VP12) -> 0 | AE12: ='Vacation Tracker'!WK12 -> 0 | AF12: =SUM('Vacation Tracker'!WC12:WJ12) -> 0 | AG12: ='Vacation Tracker'!XE12 -> 0 | AH12: =SUM('Vacation Tracker'!WW12:XD12) -> 0 | AI12: ='Vacation Tracker'!XY12 -> 0 | AJ12: =SUM('Vacation Tracker'!XQ12:XX12) -> 0 | AK12: ='Vacation Tracker'!YS12 -> 0 | AL12: =SUM('Vacation Tracker'!YK12:YR12) -> 0
B13: =IF('Vacation Tracker'!B13<>"",'Vacation Tracker'!B13,"") -> 3 | C13: =IF('Vacation Tracker'!C13<>"",'Vacation Tracker'!C13,"") -> John Doe 3 | D13: =IF('Vacation Tracker'!D13<>"",'Vacation Tracker'!D13,"") -> 41974 | E13: =IF('Vacation Tracker'!E13<>"",'Vacation Tracker'!E13,"") -> 42128 | F13: =IF('Vacation Tracker'!F13<>"",'Vacation Tracker'!F13,"") -> Marketing | G13: =IF('Vacation Tracker'!G13<>"",'Vacation Tracker'!G13,"") -> 8 | H13: =IF('Vacation Tracker'!H13<>"",'Vacation Tracker'!H13,"") -> v | I13: =IF('Vacation Tracker'!I13<>"",'Vacation Tracker'!I13,"") -> v | ... N13: =IF('Vacation Tracker'!N13<>"",'Vacation Tracker'!N13,"") | O13: ='Vacation Tracker'!QG13 -> 0 | P13: =SUM('Vacation Tracker'!PY13:QF13) -> 0 | Q13: ='Vacation Tracker'!RA13 -> 0 | R13: =SUM('Vacation Tracker'!QS13:QZ13) -> 0 | S13: ='Vacation Tracker'!RU13 -> 0 | T13: =SUM('Vacation Tracker'!RM13:RT13) -> 0 | U13: ='Vacation Tracker'!SO13 -> 0 | V13: =SUM('Vacation Tracker'!SG13:SN13) -> 0 | W13: ='Vacation Tracker'!TI13 -> 0 | X13: =SUM('Vacation Tracker'!TA13:TH13) -> 0 | Y13: ='Vacation Tracker'!UC13 -> 0 | Z13: =SUM('Vacation Tracker'!TU13:UB13) -> 0 | AA13: ='Vacation Tracker'!UW13 -> 0 | AB13: =SUM('Vacation Tracker'!UO13:UV13) -> 0 | AC13: ='Vacation Tracker'!VQ13 -> 0 | AD13: =SUM('Vacation Tracker'!VI13:VP13) -> 0 | AE13: ='Vacation Tracker'!WK13 -> 0 | AF13: =SUM('Vacation Tracker'!WC13:WJ13) -> 0 | AG13: ='Vacation Tracker'!XE13 -> 0 | AH13: =SUM('Vacation Tracker'!WW13:XD13) -> 0 | AI13: ='Vacation Tracker'!XY13 -> 0 | AJ13: =SUM('Vacation Tracker'!XQ13:XX13) -> 0 | AK13: ='Vacation Tracker'!YS13 -> 0 | AL13: =SUM('Vacation Tracker'!YK13:YR13) -> 0
B14: =IF('Vacation Tracker'!B14<>"",'Vacation Tracker'!B14,"") -> 4 | C14: =IF('Vacation Tracker'!C14<>"",'Vacation Tracker'!C14,"") -> John Doe 4 | D14: =IF('Vacation Tracker'!D14<>"",'Vacation Tracker'!D14,"") -> 42040 | E14: =IF('Vacation Tracker'!E14<>"",'Vacation Tracker'!E14,"") -> 42128 | F14: =IF('Vacation Tracker'!F14<>"",'Vacation Tracker'!F14,"") -> Technical | G14: =IF('Vacation Tracker'!G14<>"",'Vacation Tracker'!G14,"") -> 8 | H14: =IF('Vacation Tracker'!H14<>"",'Vacation Tracker'!H14,"") -> v | I14: =IF('Vacation Tracker'!I14<>"",'Vacation Tracker'!I14,"") -> v | ... N14: =IF('Vacation Tracker'!N14<>"",'Vacation Tracker'!N14,"") | O14: ='Vacation Tracker'!QG14 -> 0 | P14: =SUM('Vacation Tracker'!PY14:QF14) -> 0 | Q14: ='Vacation Tracker'!RA14 -> 0 | R14: =SUM('Vacation Tracker'!QS14:QZ14) -> 0 | S14: ='Vacation Tracker'!RU14 -> 0 | T14: =SUM('Vacation Tracker'!RM14:RT14) -> 0 | U14: ='Vacation Tracker'!SO14 -> 0 | V14: =SUM('Vacation Tracker'!SG14:SN14) -> 0 | W14: ='Vacation Tracker'!TI14 -> 0 | X14: =SUM('Vacation Tracker'!TA14:TH14) -> 0 | Y14: ='Vacation Tracker'!UC14 -> 0 | Z14: =SUM('Vacation Tracker'!TU14:UB14) -> 0 | AA14: ='Vacation Tracker'!UW14 -> 0 | AB14: =SUM('Vacation Tracker'!UO14:UV14) -> 0 | AC14: ='Vacation Tracker'!VQ14 -> 0 | AD14: =SUM('Vacation Tracker'!VI14:VP14) -> 0 | AE14: ='Vacation Tracker'!WK14 -> 0 | AF14: =SUM('Vacation Tracker'!WC14:WJ14) -> 0 | AG14: ='Vacation Tracker'!XE14 -> 0 | AH14: =SUM('Vacation Tracker'!WW14:XD14) -> 0 | AI14: ='Vacation Tracker'!XY14 -> 0 | AJ14: =SUM('Vacation Tracker'!XQ14:XX14) -> 0 | AK14: ='Vacation Tracker'!YS14 -> 0 | AL14: =SUM('Vacation Tracker'!YK14:YR14) -> 0
B15: =IF('Vacation Tracker'!B15<>"",'Vacation Tracker'!B15,"") -> 5 | C15: =IF('Vacation Tracker'!C15<>"",'Vacation Tracker'!C15,"") -> John Doe 5 | D15: =IF('Vacation Tracker'!D15<>"",'Vacation Tracker'!D15,"") -> 41985 | E15: =IF('Vacation Tracker'!E15<>"",'Vacation Tracker'!E15,"") -> 42217 | F15: =IF('Vacation Tracker'!F15<>"",'Vacation Tracker'!F15,"") -> Technical | G15: =IF('Vacation Tracker'!G15<>"",'Vacation Tracker'!G15,"") -> 4 | H15: =IF('Vacation Tracker'!H15<>"",'Vacation Tracker'!H15,"") | I15: =IF('Vacation Tracker'!I15<>"",'Vacation Tracker'!I15,"") | ... N15: =IF('Vacation Tracker'!N15<>"",'Vacation Tracker'!N15,"") -> v | O15: ='Vacation Tracker'!QG15 -> 0 | P15: =SUM('Vacation Tracker'!PY15:QF15) -> 0 | Q15: ='Vacation Tracker'!RA15 -> 0 | R15: =SUM('Vacation Tracker'!QS15:QZ15) -> 0 | S15: ='Vacation Tracker'!RU15 -> 0 | T15: =SUM('Vacation Tracker'!RM15:RT15) -> 0 | U15: ='Vacation Tracker'!SO15 -> 0 | V15: =SUM('Vacation Tracker'!SG15:SN15) -> 0 | W15: ='Vacation Tracker'!TI15 -> 0 | X15: =SUM('Vacation Tracker'!TA15:TH15) -> 0 | Y15: ='Vacation Tracker'!UC15 -> 0 | Z15: =SUM('Vacation Tracker'!TU15:UB15) -> 0 | AA15: ='Vacation Tracker'!UW15 -> 0 | AB15: =SUM('Vacation Tracker'!UO15:UV15) -> 0 | AC15: ='Vacation Tracker'!VQ15 -> 0 | AD15: =SUM('Vacation Tracker'!VI15:VP15) -> 0 | AE15: ='Vacation Tracker'!WK15 -> 0 | AF15: =SUM('Vacation Tracker'!WC15:WJ15) -> 0 | AG15: ='Vacation Tracker'!XE15 -> 0 | AH15: =SUM('Vacation Tracker'!WW15:XD15) -> 0 | AI15: ='Vacation Tracker'!XY15 -> 0 | AJ15: =SUM('Vacation Tracker'!XQ15:XX15) -> 0 | AK15: ='Vacation Tracker'!YS15 -> 0 | AL15: =SUM('Vacation Tracker'!YK15:YR15) -> 0
B16: =IF('Vacation Tracker'!B16<>"",'Vacation Tracker'!B16,"") -> 6 | C16: =IF('Vacation Tracker'!C16<>"",'Vacation Tracker'!C16,"") -> John Doe 6 | D16: =IF('Vacation Tracker'!D16<>"",'Vacation Tracker'!D16,"") -> 41974 | E16: =IF('Vacation Tracker'!E16<>"",'Vacation Tracker'!E16,"") -> 42217 | F16: =IF('Vacation Tracker'!F16<>"",'Vacation Tracker'!F16,"") -> Technical | G16: =IF('Vacation Tracker'!G16<>"",'Vacation Tracker'!G16,"") -> 4 | H16: =IF('Vacation Tracker'!H16<>"",'Vacation Tracker'!H16,"") | I16: =IF('Vacation Tracker'!I16<>"",'Vacation Tracker'!I16,"") | ... N16: =IF('Vacation Tracker'!N16<>"",'Vacation Tracker'!N16,"") -> v | O16: ='Vacation Tracker'!QG16 -> 0 | P16: =SUM('Vacation Tracker'!PY16:QF16) -> 0 | Q16: ='Vacation Tracker'!RA16 -> 0 | R16: =SUM('Vacation Tracker'!QS16:QZ16) -> 0 | S16: ='Vacation Tracker'!RU16 -> 0 | T16: =SUM('Vacation Tracker'!RM16:RT16) -> 0 | U16: ='Vacation Tracker'!SO16 -> 0 | V16: =SUM('Vacation Tracker'!SG16:SN16) -> 0 | W16: ='Vacation Tracker'!TI16 -> 0 | X16: =SUM('Vacation Tracker'!TA16:TH16) -> 0 | Y16: ='Vacation Tracker'!UC16 -> 0 | Z16: =SUM('Vacation Tracker'!TU16:UB16) -> 0 | AA16: ='Vacation Tracker'!UW16 -> 0 | AB16: =SUM('Vacation Tracker'!UO16:UV16) -> 0 | AC16: ='Vacation Tracker'!VQ16 -> 0 | AD16: =SUM('Vacation Tracker'!VI16:VP16) -> 0 | AE16: ='Vacation Tracker'!WK16 -> 0 | AF16: =SUM('Vacation Tracker'!WC16:WJ16) -> 0 | AG16: ='Vacation Tracker'!XE16 -> 0 | AH16: =SUM('Vacation Tracker'!WW16:XD16) -> 0 | AI16: ='Vacation Tracker'!XY16 -> 0 | AJ16: =SUM('Vacation Tracker'!XQ16:XX16) -> 0 | AK16: ='Vacation Tracker'!YS16 -> 0 | AL16: =SUM('Vacation Tracker'!YK16:YR16) -> 0
B17: =IF('Vacation Tracker'!B17<>"",'Vacation Tracker'!B17,"") -> 7 | C17: =IF('Vacation Tracker'!C17<>"",'Vacation Tracker'!C17,"") -> John Doe 7 | D17: =IF('Vacation Tracker'!D17<>"",'Vacation Tracker'!D17,"") -> 42040 | E17: =IF('Vacation Tracker'!E17<>"",'Vacation Tracker'!E17,"") -> 42217 | F17: =IF('Vacation Tracker'!F17<>"",'Vacation Tracker'!F17,"") -> Operational | G17: =IF('Vacation Tracker'!G17<>"",'Vacation Tracker'!G17,"") -> 4 | H17: =IF('Vacation Tracker'!H17<>"",'Vacation Tracker'!H17,"") | I17: =IF('Vacation Tracker'!I17<>"",'Vacation Tracker'!I17,"") | ... N17: =IF('Vacation Tracker'!N17<>"",'Vacation Tracker'!N17,"") -> v | O17: ='Vacation Tracker'!QG17 -> 0 | P17: =SUM('Vacation Tracker'!PY17:QF17) -> 0 | Q17: ='Vacation Tracker'!RA17 -> 0 | R17: =SUM('Vacation Tracker'!QS17:QZ17) -> 0 | S17: ='Vacation Tracker'!RU17 -> 0 | T17: =SUM('Vacation Tracker'!RM17:RT17) -> 0 | U17: ='Vacation Tracker'!SO17 -> 0 | V17: =SUM('Vacation Tracker'!SG17:SN17) -> 0 | W17: ='Vacation Tracker'!TI17 -> 0 | X17: =SUM('Vacation Tracker'!TA17:TH17) -> 0 | Y17: ='Vacation Tracker'!UC17 -> 0 | Z17: =SUM('Vacation Tracker'!TU17:UB17) -> 0 | AA17: ='Vacation Tracker'!UW17 -> 0 | AB17: =SUM('Vacation Tracker'!UO17:UV17) -> 0 | AC17: ='Vacation Tracker'!VQ17 -> 0 | AD17: =SUM('Vacation Tracker'!VI17:VP17) -> 0 | AE17: ='Vacation Tracker'!WK17 -> 0 | AF17: =SUM('Vacation Tracker'!WC17:WJ17) -> 0 | AG17: ='Vacation Tracker'!XE17 -> 0 | AH17: =SUM('Vacation Tracker'!WW17:XD17) -> 0 | AI17: ='Vacation Tracker'!XY17 -> 0 | AJ17: =SUM('Vacation Tracker'!XQ17:XX17) -> 0 | AK17: ='Vacation Tracker'!YS17 -> 0 | AL17: =SUM('Vacation Tracker'!YK17:YR17) -> 0
B18: =IF('Vacation Tracker'!B18<>"",'Vacation Tracker'!B18,"") -> 8 | C18: =IF('Vacation Tracker'!C18<>"",'Vacation Tracker'!C18,"") -> John Doe 8 | D18: =IF('Vacation Tracker'!D18<>"",'Vacation Tracker'!D18,"") | E18: =IF('Vacation Tracker'!E18<>"",'Vacation Tracker'!E18,"") -> 42128 | F18: =IF('Vacation Tracker'!F18<>"",'Vacation Tracker'!F18,"") -> Operational | G18: =IF('Vacation Tracker'!G18<>"",'Vacation Tracker'!G18,"") -> 4 | H18: =IF('Vacation Tracker'!H18<>"",'Vacation Tracker'!H18,"") | I18: =IF('Vacation Tracker'!I18<>"",'Vacation Tracker'!I18,"") | ... N18: =IF('Vacation Tracker'!N18<>"",'Vacation Tracker'!N18,"") -> v | O18: ='Vacation Tracker'!QG18 -> 0 | P18: =SUM('Vacation Tracker'!PY18:QF18) -> 0 | Q18: ='Vacation Tracker'!RA18 -> 0 | R18: =SUM('Vacation Tracker'!QS18:QZ18) -> 0 | S18: ='Vacation Tracker'!RU18 -> 0 | T18: =SUM('Vacation Tracker'!RM18:RT18) -> 0 | U18: ='Vacation Tracker'!SO18 -> 0 | V18: =SUM('Vacation Tracker'!SG18:SN18) -> 0 | W18: ='Vacation Tracker'!TI18 -> 0 | X18: =SUM('Vacation Tracker'!TA18:TH18) -> 0 | Y18: ='Vacation Tracker'!UC18 -> 0 | Z18: =SUM('Vacation Tracker'!TU18:UB18) -> 0 | AA18: ='Vacation Tracker'!UW18 -> 0 | AB18: =SUM('Vacation Tracker'!UO18:UV18) -> 0 | AC18: ='Vacation Tracker'!VQ18 -> 0 | AD18: =SUM('Vacation Tracker'!VI18:VP18) -> 0 | AE18: ='Vacation Tracker'!WK18 -> 0 | AF18: =SUM('Vacation Tracker'!WC18:WJ18) -> 0 | AG18: ='Vacation Tracker'!XE18 -> 0 | AH18: =SUM('Vacation Tracker'!WW18:XD18) -> 0 | AI18: ='Vacation Tracker'!XY18 -> 0 | AJ18: =SUM('Vacation Tracker'!XQ18:XX18) -> 0 | AK18: ='Vacation Tracker'!YS18 -> 0 | AL18: =SUM('Vacation Tracker'!YK18:YR18) -> 0
B19: =IF('Vacation Tracker'!B19<>"",'Vacation Tracker'!B19,"") -> 9 | C19: =IF('Vacation Tracker'!C19<>"",'Vacation Tracker'!C19,"") -> John Doe 9 | D19: =IF('Vacation Tracker'!D19<>"",'Vacation Tracker'!D19,"") | E19: =IF('Vacation Tracker'!E19<>"",'Vacation Tracker'!E19,"") -> 42217 | F19: =IF('Vacation Tracker'!F19<>"",'Vacation Tracker'!F19,"") -> Operational | G19: =IF('Vacation Tracker'!G19<>"",'Vacation Tracker'!G19,"") -> 8 | H19: =IF('Vacation Tracker'!H19<>"",'Vacation Tracker'!H19,"") | I19: =IF('Vacation Tracker'!I19<>"",'Vacation Tracker'!I19,"") | ... N19: =IF('Vacation Tracker'!N19<>"",'Vacation Tracker'!N19,"") -> v | O19: ='Vacation Tracker'!QG19 -> 0 | P19: =SUM('Vacation Tracker'!PY19:QF19) -> 0 | Q19: ='Vacation Tracker'!RA19 -> 0 | R19: =SUM('Vacation Tracker'!QS19:QZ19) -> 0 | S19: ='Vacation Tracker'!RU19 -> 0 | T19: =SUM('Vacation Tracker'!RM19:RT19) -> 0 | U19: ='Vacation Tracker'!SO19 -> 0 | V19: =SUM('Vacation Tracker'!SG19:SN19) -> 0 | W19: ='Vacation Tracker'!TI19 -> 0 | X19: =SUM('Vacation Tracker'!TA19:TH19) -> 0 | Y19: ='Vacation Tracker'!UC19 -> 0 | Z19: =SUM('Vacation Tracker'!TU19:UB19) -> 0 | AA19: ='Vacation Tracker'!UW19 -> 0 | AB19: =SUM('Vacation Tracker'!UO19:UV19) -> 0 | AC19: ='Vacation Tracker'!VQ19 -> 0 | AD19: =SUM('Vacation Tracker'!VI19:VP19) -> 0 | AE19: ='Vacation Tracker'!WK19 -> 0 | AF19: =SUM('Vacation Tracker'!WC19:WJ19) -> 0 | AG19: ='Vacation Tracker'!XE19 -> 0 | AH19: =SUM('Vacation Tracker'!WW19:XD19) -> 0 | AI19: ='Vacation Tracker'!XY19 -> 0 | AJ19: =SUM('Vacation Tracker'!XQ19:XX19) -> 0 | AK19: ='Vacation Tracker'!YS19 -> 0 | AL19: =SUM('Vacation Tracker'!YK19:YR19) -> 0
B20: =IF('Vacation Tracker'!B20<>"",'Vacation Tracker'!B20,"") -> 10 | C20: =IF('Vacation Tracker'!C20<>"",'Vacation Tracker'!C20,"") -> John Doe 10 | D20: =IF('Vacation Tracker'!D20<>"",'Vacation Tracker'!D20,"") -> 45272 | E20: =IF('Vacation Tracker'!E20<>"",'Vacation Tracker'!E20,"") | F20: =IF('Vacation Tracker'!F20<>"",'Vacation Tracker'!F20,"") -> Sales | G20: =IF('Vacation Tracker'!G20<>"",'Vacation Tracker'!G20,"") -> 8 | H20: =IF('Vacation Tracker'!H20<>"",'Vacation Tracker'!H20,"") -> v | I20: =IF('Vacation Tracker'!I20<>"",'Vacation Tracker'!I20,"") -> v | ... N20: =IF('Vacation Tracker'!N20<>"",'Vacation Tracker'!N20,"") | O20: ='Vacation Tracker'!QG20 -> 0 | P20: =SUM('Vacation Tracker'!PY20:QF20) -> 0 | Q20: ='Vacation Tracker'!RA20 -> 0 | R20: =SUM('Vacation Tracker'!QS20:QZ20) -> 0 | S20: ='Vacation Tracker'!RU20 -> 0 | T20: =SUM('Vacation Tracker'!RM20:RT20) -> 0 | U20: ='Vacation Tracker'!SO20 -> 0 | V20: =SUM('Vacation Tracker'!SG20:SN20) -> 0 | W20: ='Vacation Tracker'!TI20 -> 0 | X20: =SUM('Vacation Tracker'!TA20:TH20) -> 0 | Y20: ='Vacation Tracker'!UC20 -> 0 | Z20: =SUM('Vacation Tracker'!TU20:UB20) -> 0 | AA20: ='Vacation Tracker'!UW20 -> 0 | AB20: =SUM('Vacation Tracker'!UO20:UV20) -> 0 | AC20: ='Vacation Tracker'!VQ20 -> 0 | AD20: =SUM('Vacation Tracker'!VI20:VP20) -> 0 | AE20: ='Vacation Tracker'!WK20 -> 0 | AF20: =SUM('Vacation Tracker'!WC20:WJ20) -> 0 | AG20: ='Vacation Tracker'!XE20 -> 0 | AH20: =SUM('Vacation Tracker'!WW20:XD20) -> 0 | AI20: ='Vacation Tracker'!XY20 -> 0 | AJ20: =SUM('Vacation Tracker'!XQ20:XX20) -> 0 | AK20: ='Vacation Tracker'!YS20 -> 13 | AL20: =SUM('Vacation Tracker'!YK20:YR20) -> 0
B21: =IF('Vacation Tracker'!B21<>"",'Vacation Tracker'!B21,"") -> 11 | C21: =IF('Vacation Tracker'!C21<>"",'Vacation Tracker'!C21,"") -> John Doe 11 | D21: =IF('Vacation Tracker'!D21<>"",'Vacation Tracker'!D21,"") -> 44962 | E21: =IF('Vacation Tracker'!E21<>"",'Vacation Tracker'!E21,"") | F21: =IF('Vacation Tracker'!F21<>"",'Vacation Tracker'!F21,"") -> Sales | G21: =IF('Vacation Tracker'!G21<>"",'Vacation Tracker'!G21,"") -> 8 | H21: =IF('Vacation Tracker'!H21<>"",'Vacation Tracker'!H21,"") -> v | I21: =IF('Vacation Tracker'!I21<>"",'Vacation Tracker'!I21,"") -> v | ... N21: =IF('Vacation Tracker'!N21<>"",'Vacation Tracker'!N21,"") | O21: ='Vacation Tracker'!QG21 -> 0 | P21: =SUM('Vacation Tracker'!PY21:QF21) -> 0 | Q21: ='Vacation Tracker'!RA21 -> 16 | R21: =SUM('Vacation Tracker'!QS21:QZ21) -> 0 | S21: ='Vacation Tracker'!RU21 -> 21 | T21: =SUM('Vacation Tracker'!RM21:RT21) -> 0 | U21: ='Vacation Tracker'!SO21 -> 19 | V21: =SUM('Vacation Tracker'!SG21:SN21) -> 0 | W21: ='Vacation Tracker'!TI21 -> 21 | X21: =SUM('Vacation Tracker'!TA21:TH21) -> 0 | Y21: ='Vacation Tracker'!UC21 -> 18 | Z21: =SUM('Vacation Tracker'!TU21:UB21) -> 0 | AA21: ='Vacation Tracker'!UW21 -> 20 | AB21: =SUM('Vacation Tracker'!UO21:UV21) -> 0 | AC21: ='Vacation Tracker'!VQ21 -> 21 | AD21: =SUM('Vacation Tracker'!VI21:VP21) -> 0 | AE21: ='Vacation Tracker'!WK21 -> 20 | AF21: =SUM('Vacation Tracker'!WC21:WJ21) -> 0 | AG21: ='Vacation Tracker'!XE21 -> 19 | AH21: =SUM('Vacation Tracker'!WW21:XD21) -> 0 | AI21: ='Vacation Tracker'!XY21 -> 20 | AJ21: =SUM('Vacation Tracker'!XQ21:XX21) -> 0 | AK21: ='Vacation Tracker'!YS21 -> 20 | AL21: =SUM('Vacation Tracker'!YK21:YR21) -> 0
B22: =IF('Vacation Tracker'!B22<>"",'Vacation Tracker'!B22,"") -> 12 | C22: =IF('Vacation Tracker'!C22<>"",'Vacation Tracker'!C22,"") -> John Doe 12 | D22: =IF('Vacation Tracker'!D22<>"",'Vacation Tracker'!D22,"") | E22: =IF('Vacation Tracker'!E22<>"",'Vacation Tracker'!E22,"") | F22: =IF('Vacation Tracker'!F22<>"",'Vacation Tracker'!F22,"") -> Sales | G22: =IF('Vacation Tracker'!G22<>"",'Vacation Tracker'!G22,"") -> 8 | H22: =IF('Vacation Tracker'!H22<>"",'Vacation Tracker'!H22,"") -> v | I22: =IF('Vacation Tracker'!I22<>"",'Vacation Tracker'!I22,"") -> v | ... N22: =IF('Vacation Tracker'!N22<>"",'Vacation Tracker'!N22,"") | O22: ='Vacation Tracker'!QG22 -> 21 | P22: =SUM('Vacation Tracker'!PY22:QF22) -> 0 | Q22: ='Vacation Tracker'!RA22 -> 19 | R22: =SUM('Vacation Tracker'!QS22:QZ22) -> 0 | S22: ='Vacation Tracker'!RU22 -> 21 | T22: =SUM('Vacation Tracker'!RM22:RT22) -> 0 | U22: ='Vacation Tracker'!SO22 -> 19 | V22: =SUM('Vacation Tracker'!SG22:SN22) -> 0 | W22: ='Vacation Tracker'!TI22 -> 21 | X22: =SUM('Vacation Tracker'!TA22:TH22) -> 0 | Y22: ='Vacation Tracker'!UC22 -> 18 | Z22: =SUM('Vacation Tracker'!TU22:UB22) -> 0 | AA22: ='Vacation Tracker'!UW22 -> 19 | AB22: =SUM('Vacation Tracker'!UO22:UV22) -> 0 | AC22: ='Vacation Tracker'!VQ22 -> 21 | AD22: =SUM('Vacation Tracker'!VI22:VP22) -> 0 | AE22: ='Vacation Tracker'!WK22 -> 20 | AF22: =SUM('Vacation Tracker'!WC22:WJ22) -> 0 | AG22: ='Vacation Tracker'!XE22 -> 18 | AH22: =SUM('Vacation Tracker'!WW22:XD22) -> 0 | AI22: ='Vacation Tracker'!XY22 -> 20 | AJ22: =SUM('Vacation Tracker'!XQ22:XX22) -> 0 | AK22: ='Vacation Tracker'!YS22 -> 20 | AL22: =SUM('Vacation Tracker'!YK22:YR22) -> 0
... B260: =IF('Vacation Tracker'!B260<>"",'Vacation Tracker'!B260,"") -> 250 | C260: =IF('Vacation Tracker'!C260<>"",'Vacation Tracker'!C260,"") | D260: =IF('Vacation Tracker'!D260<>"",'Vacation Tracker'!D260,"") | E260: =IF('Vacation Tracker'!E260<>"",'Vacation Tracker'!E260,"") | F260: =IF('Vacation Tracker'!F260<>"",'Vacation Tracker'!F260,"") | G260: =IF('Vacation Tracker'!G260<>"",'Vacation Tracker'!G260,"") | H260: =IF('Vacation Tracker'!H260<>"",'Vacation Tracker'!H260,"") | I260: =IF('Vacation Tracker'!I260<>"",'Vacation Tracker'!I260,"") | ... N260: =IF('Vacation Tracker'!N260<>"",'Vacation Tracker'!N260,"") | O260: ='Vacation Tracker'!QG260 -> 0 | P260: =SUM('Vacation Tracker'!PY260:QF260) -> 0 | Q260: ='Vacation Tracker'!RA260 -> 0 | R260: =SUM('Vacation Tracker'!QS260:QZ260) -> 0 | S260: ='Vacation Tracker'!RU260 -> 0 | T260: =SUM('Vacation Tracker'!RM260:RT260) -> 0 | U260: ='Vacation Tracker'!SO260 -> 0 | V260: =SUM('Vacation Tracker'!SG260:SN260) -> 0 | W260: ='Vacation Tracker'!TI260 -> 0 | X260: =SUM('Vacation Tracker'!TA260:TH260) -> 0 | Y260: ='Vacation Tracker'!UC260 -> 0 | Z260: =SUM('Vacation Tracker'!TU260:UB260) -> 0 | AA260: ='Vacation Tracker'!UW260 -> 0 | AB260: =SUM('Vacation Tracker'!UO260:UV260) -> 0 | AC260: ='Vacation Tracker'!VQ260 -> 0 | AD260: =SUM('Vacation Tracker'!VI260:VP260) -> 0 | AE260: ='Vacation Tracker'!WK260 -> 0 | AF260: =SUM('Vacation Tracker'!WC260:WJ260) -> 0 | AG260: ='Vacation Tracker'!XE260 -> 0 | AH260: =SUM('Vacation Tracker'!WW260:XD260) -> 0 | AI260: ='Vacation Tracker'!XY260 -> 0 | AJ260: =SUM('Vacation Tracker'!XQ260:XX260) -> 0 | AK260: ='Vacation Tracker'!YS260 -> 0 | AL260: =SUM('Vacation Tracker'!YK260:YR260) -> 0

Sheet Vacation Tracker
OP1: =WEEKDAY(PC11) -> 1
B3: PERENCANA DAN PELACAK CUTI KARYAWAN | H3: Kode Vacation | V3: Kode Liburan
H4: A | I4: : | J4: Vacation Code 1 | O4: E | P4: : | Q4: Vacation Code 5 | V4: R | W4: : | X4: Holiday Code
H5: B | I5: : | J5: Vacation Code 2 | O5: F | P5: : | Q5: Vacation Code 6
C6: Periode Mulai | D6: 44927 | H6: C | I6: : | J6: Vacation Code 3 | O6: G | P6: : | Q6: Vacation Code 7 | V6: Warna Bukan Hari Kerja
C7: Periode Pengamatan | D7: Today | H7: D | I7: : | J7: Vacation Code 4 | O7: H | P7: : | Q7: Vacation Code 8
B9: No | C9: Nama Karyawan | D9: Tanggal Dipekerjakan | E9: Tanggal Pengunduran Diri | F9: Departemen | G9: Hari/Jam Kerja | H9: Hari Kerja | O9: Alokasi Vacation per Tahun | W9: =D6 -> 44927 | X9: =W9+1 -> 44928 | Y9: =X9+1 -> 44929 | Z9: =Y9+1 -> 44930 | AA9: =Z9+1 -> 44931 | AB9: =AA9+1 -> 44932 | AC9: =AB9+1 -> 44933 | AD9: =AC9+1 -> 44934 | AE9: =AD9+1 -> 44935 | ... NW9: =NV9+1 -> 45291 | NX9: =IF(MONTH(NW9)<>MONTH(NW9+1),"",NW9+1) | NY9: Vacation Digunakan | OG9: Vacation Left | OO9: Total Hari Kerja hingga saat ini | OP9: Total Hadir sampai saat ini : | PN9: 1 | PO9: =W9 -> 44927 | PP9: =EOMONTH(PO9,0) -> 44957 | QH9: =PN9+1 -> 2 | QI9: =PP9+1 -> 44958 | QJ9: =EOMONTH(QI9,0) -> 44985 | RB9: =QH9+1 -> 3 | RC9: =QJ9+1 -> 44986 | RD9: =EOMONTH(RC9,0) -> 45016 | RV9: =RB9+1 -> 4 | RW9: =RD9+1 -> 45017 | RX9: =EOMONTH(RW9,0) -> 45046 | SP9: =RV9+1 -> 5 | SQ9: =RX9+1 -> 45047 | SR9: =EOMONTH(SQ9,0) -> 45077 | TJ9: =SP9+1 -> 6 | TK9: =SR9+1 -> 45078 | TL9: =EOMONTH(TK9,0) -> 45107 | UD9: =TJ9+1 -> 7 | UE9: =TL9+1 -> 45108 | UF9: =EOMONTH(UE9,0) -> 45138 | UX9: =UD9+1 -> 8 | UY9: =UF9+1 -> 45139 | UZ9: =EOMONTH(UY9,0) -> 45169 | VR9: =UX9+1 -> 9 | VS9: =UZ9+1 -> 45170 | VT9: =EOMONTH(VS9,0) -> 45199 | WL9: =VR9+1 -> 10 | WM9: =VT9+1 -> 45200 | WN9: =EOMONTH(WM9,0) -> 45230 | XF9: =WL9+1 -> 11 | XG9: =WN9+1 -> 45231 | XH9: =EOMONTH(XG9,0) -> 45260 | XZ9: =XF9+1 -> 12 | YA9: =XH9+1 -> 45261 | YB9: =EOMONTH(YA9,0) -> 45291
G10: (Jam) | H10: Sen | I10: Sel | J10: Rab | K10: Kam | L10: Jum | M10: Sab | N10: Min | O10: =H4 -> A | P10: =H5 -> B | Q10: =H6 -> C | R10: =H7 -> D | S10: =O4 -> E | T10: =O5 -> F | U10: =O6 -> G | V10: =O7 -> H | W10: =W9 -> 44927 | X10: =X9 -> 44928 | Y10: =Y9 -> 44929 | Z10: =Z9 -> 44930 | AA10: =AA9 -> 44931 | AB10: =AB9 -> 44932 | AC10: =AC9 -> 44933 | AD10: =AD9 -> 44934 | ... NX10: =NX9 | NY10: =O10 -> A | NZ10: =P10 -> B | OA10: =Q10 -> C | OB10: =R10 -> D | OC10: =S10 -> E | OD10: =T10 -> F | OE10: =U10 -> G | OF10: =V10 -> H | OG10: =NY10 -> A | OH10: =NZ10 -> B | OI10: =OA10 -> C | OJ10: =OB10 -> D | OK10: =OC10 -> E | OL10: =OD10 -> F | OM10: =OE10 -> G | ON10: =OF10 -> H | OO10: =IF(PC10=1,TODAY(),PD10) -> 45488 | OP10: =OO10 -> 45488 | PC10: =IF(D7="Today",1,0) -> 1 | PD10: =IF(NX10<>"",NX10,NW10) -> 45291 | PE10: M | PF10: T | PG10: W | PH10: T | PI10: F | PJ10: S | PK10: S | PL10: T | PO10: =PC10 -> 1 | PP10: =PD10 -> 45291 | PQ10: M | PR10: T | PS10: W | PT10: T | PU10: F | PV10: S | PW10: S | PX10: T | PY10: =OG10 -> A | PZ10: =OH10 -> B | QA10: =OI10 -> C | QB10: =OJ10 -> D | QC10: =OK10 -> E | QD10: =OL10 -> F | QE10: =OM10 -> G | QF10: =ON10 -> H | QI10: =PO10 -> 1 | QJ10: =PP10 -> 45291 | QK10: M | QL10: T | QM10: W | QN10: T | QO10: F | QP10: S | QQ10: S | QR10: T | QS10: =PY10 -> A | QT10: =PZ10 -> B | QU10: =QA10 -> C | QV10: =QB10 -> D | QW10: =QC10 -> E | QX10: =QD10 -> F | QY10: =QE10 -> G | QZ10: =QF10 -> H | RC10: =QI10 -> 1 | RD10: =QJ10 -> 45291 | RE10: M | RF10: T | RG10: W | RH10: T | RI10: F | RJ10: S | RK10: S | RL10: T | RM10: =QS10 -> A | RN10: =QT10 -> B | RO10: =QU10 -> C | RP10: =QV10 -> D | RQ10: =QW10 -> E | RR10: =QX10 -> F | RS10: =QY10 -> G | RT10: =QZ10 -> H | RW10: =RC10 -> 1 | RX10: =RD10 -> 45291 | RY10: M | RZ10: T | SA10: W | SB10: T | SC10: F | SD10: S | SE10: S | SF10: T | SG10: =RM10 -> A | SH10: =RN10 -> B | SI10: =RO10 -> C | SJ10: =RP10 -> D | SK10: =RQ10 -> E | SL10: =RR10 -> F | SM10: =RS10 -> G | SN10: =RT10 -> H | SQ10: =RW10 -> 1 | SR10: =RX10 -> 45291 | SS10: M | ST10: T | SU10: W | SV10: T | SW10: F | SX10: S | SY10: S | SZ10: T | TA10: =SG10 -> A | TB10: =SH10 -> B | TC10: =SI10 -> C | TD10: =SJ10 -> D | TE10: =SK10 -> E | TF10: =SL10 -> F | TG10: =SM10 -> G | TH10: =SN10 -> H | TK10: =SQ10 -> 1 | TL10: =SR10 -> 45291 | TM10: M | TN10: T | TO10: W | TP10: T | TQ10: F | TR10: S | TS10: S | TT10: T | TU10: =TA10 -> A | TV10: =TB10 -> B | TW10: =TC10 -> C | TX10: =TD10 -> D | TY10: =TE10 -> E | TZ10: =TF10 -> F | UA10: =TG10 -> G | UB10: =TH10 -> H | UE10: =TK10 -> 1 | UF10: =TL10 -> 45291 | UG10: M | UH10: T | UI10: W | UJ10: T | UK10: F | UL10: S | UM10: S | UN10: T | UO10: =TU10 -> A | UP10: =TV10 -> B | UQ10: =TW10 -> C | UR10: =TX10 -> D | US10: =TY10 -> E | UT10: =TZ10 -> F | UU10: =UA10 -> G | UV10: =UB10 -> H | UY10: =UE10 -> 1 | UZ10: =UF10 -> 45291 | VA10: M | VB10: T | VC10: W | VD10: T | VE10: F | VF10: S | VG10: S | VH10: T | VI10: =UO10 -> A | VJ10: =UP10 -> B | VK10: =UQ10 -> C | VL10: =UR10 -> D | VM10: =US10 -> E | VN10: =UT10 -> F | VO10: =UU10 -> G | VP10: =UV10 -> H | VS10: =UY10 -> 1 | VT10: =UZ10 -> 45291 | VU10: M | VV10: T | VW10: W | VX10: T | VY10: F | VZ10: S | WA10: S | WB10: T | WC10: =VI10 -> A | WD10: =VJ10 -> B | WE10: =VK10 -> C | WF10: =VL10 -> D | WG10: =VM10 -> E | WH10: =VN10 -> F | WI10: =VO10 -> G | WJ10: =VP10 -> H | WM10: =VS10 -> 1 | WN10: =VT10 -> 45291 | WO10: M | WP10: T | WQ10: W | WR10: T | WS10: F | WT10: S | WU10: S | WV10: T | WW10: =WC10 -> A | WX10: =WD10 -> B | WY10: =WE10 -> C | WZ10: =WF10 -> D | XA10: =WG10 -> E | XB10: =WH10 -> F | XC10: =WI10 -> G | XD10: =WJ10 -> H | XG10: =WM10 -> 1 | XH10: =WN10 -> 45291 | XI10: M | XJ10: T | XK10: W | XL10: T | XM10: F | XN10: S | XO10: S | XP10: T | XQ10: =WW10 -> A | XR10: =WX10 -> B | XS10: =WY10 -> C | XT10: =WZ10 -> D | XU10: =XA10 -> E | XV10: =XB10 -> F | XW10: =XC10 -> G | XX10: =XD10 -> H | YA10: =XG10 -> 1 | YB10: =XH10 -> 45291 | YC10: M | YD10: T | YE10: W | YF10: T | YG10: F | YH10: S | YI10: S | YJ10: T | YK10: =XQ10 -> A | YL10: =XR10 -> B | YM10: =XS10 -> C | YN10: =XT10 -> D | YO10: =XU10 -> E | YP10: =XV10 -> F | YQ10: =XW10 -> G | YR10: =XX10 -> H
B11: 1 | C11: John Doe 1 | D11: 42005 | F11: Marketing | G11: 8 | H11: v | I11: v | J11: v | K11: v | L11: v | BB11: R | DM11: R | GS11: R | GT11: R | GZ11: R | HX11: R | KX11: R | LA11: R | LI11: R | NE11: R | NY11: =COUNTIF($W11:$NX11,"1/8"&NY$10)*0.125+COUNTIF($W11:$NX11,"1/4"&NY$10)*0.25+COUNTIF($W11:$NX11,"1/2"&NY$10)*0.5+COUNTIF($W11:$NX11,NY$10) -> 0 | NZ11: =COUNTIF($W11:$NX11,"1/8"&NZ$10)*0.125+COUNTIF($W11:$NX11,"1/4"&NZ$10)*0.25+COUNTIF($W11:$NX11,"1/2"&NZ$10)*0.5+COUNTIF($W11:$NX11,NZ$10) -> 0 | OA11: =COUNTIF($W11:$NX11,"1/8"&OA$10)*0.125+COUNTIF($W11:$NX11,"1/4"&OA$10)*0.25+COUNTIF($W11:$NX11,"1/2"&OA$10)*0.5+COUNTIF($W11:$NX11,OA$10) -> 0 | OB11: =COUNTIF($W11:$NX11,"1/8"&OB$10)*0.125+COUNTIF($W11:$NX11,"1/4"&OB$10)*0.25+COUNTIF($W11:$NX11,"1/2"&OB$10)*0.5+COUNTIF($W11:$NX11,OB$10) -> 0 | OC11: =COUNTIF($W11:$NX11,"1/8"&OC$10)*0.125+COUNTIF($W11:$NX11,"1/4"&OC$10)*0.25+COUNTIF($W11:$NX11,"1/2"&OC$10)*0.5+COUNTIF($W11:$NX11,OC$10) -> 0 | OD11: =COUNTIF($W11:$NX11,"1/8"&OD$10)*0.125+COUNTIF($W11:$NX11,"1/4"&OD$10)*0.25+COUNTIF($W11:$NX11,"1/2"&OD$10)*0.5+COUNTIF($W11:$NX11,OD$10) -> 0 | OE11: =COUNTIF($W11:$NX11,"1/8"&OE$10)*0.125+COUNTIF($W11:$NX11,"1/4"&OE$10)*0.25+COUNTIF($W11:$NX11,"1/2"&OE$10)*0.5+COUNTIF($W11:$NX11,OE$10) -> 0 | OF11: =COUNTIF($W11:$NX11,"1/8"&OF$10)*0.125+COUNTIF($W11:$NX11,"1/4"&OF$10)*0.25+COUNTIF($W11:$NX11,"1/2"&OF$10)*0.5+COUNTIF($W11:$NX11,OF$10) -> 0 | OG11: =O11-NY11 -> 0 | OH11: =P11-NZ11 -> 0 | OI11: =Q11-OA11 -> 0 | OJ11: =R11-OB11 -> 0 | OK11: =S11-OC11 -> 0 | OL11: =T11-OD11 -> 0 | OM11: =U11-OE11 -> 0 | ON11: =V11-OF11 -> 0 | OO11: =PL11 -> 250 | OP11: =OO11-SUM(NY11:OF11) -> 250 | PB11: =SUMPRODUCT(($W$10:$NO$10>=PC11)*($W$10:$NO$10<=PD11)*($W11:$NO11=$V$4)) -> 10 | PC11: =IF(D11<>"",IF(D11<$W$10,$W$10,D11),$W$10) -> 44927 | PD11: =IF(E11<>"",IF(E11<$OP$10,E11,$OP$10),$OP$10) -> 45488 | PE11: =IFERROR(IF(H11<>"",SUMPRODUCT(($W$9:$NW$9>=$PC11)*($W$9:$NW$9<=$PD11)*(WEEKDAY($W$9:$NW$9)=2)),0),0) -> 52 | PF11: =IFERROR(IF(I11<>"",SUMPRODUCT(($W$9:$NW$9>=$PC11)*($W$9:$NW$9<=$PD11)*(WEEKDAY($W$9:$NW$9)=3)),0),0) -> 52 | PG11: =IFERROR(IF(J11<>"",SUMPRODUCT(($W$9:$NW$9>=$PC11)*($W$9:$NW$9<=$PD11)*(WEEKDAY($W$9:$NW$9)=4)),0),0) -> 52 | PH11: =IFERROR(IF(K11<>"",SUMPRODUCT(($W$9:$NW$9>=$PC11)*($W$9:$NW$9<=$PD11)*(WEEKDAY($W$9:$NW$9)=5)),0),0) -> 52 | PI11: =IFERROR(IF(L11<>"",SUMPRODUCT(($W$9:$NW$9>=$PC11)*($W$9:$NW$9<=$PD11)*(WEEKDAY($W$9:$NW$9)=6)),0),0) -> 52 | PJ11: =IFERROR(IF(M11<>"",SUMPRODUCT(($W$9:$NW$9>=$PC11)*($W$9:$NW$9<=$PD11)*(WEEKDAY($W$9:$NW$9)=7)),0),0) -> 0 | PK11: =IFERROR(IF(N11<>"",SUMPRODUCT(($W$9:$NW$9>=$PC11)*($W$9:$NW$9<=$PD11)*(WEEKDAY($W$9:$NW$9)=8)),0),0) -> 0 | PL11: =SUM(PE11:PK11)-PB11 -> 250 | PM11: =PL11-SUM(NY11:OF11) -> 250 | PN11: =SUMPRODUCT(($W$10:$NO$10>=PO11)*($W$10:$NO$10<=PP11)*($W11:$NO11=$V$4)) -> 0 | PO11: =IF($D11<>"",IF($D11<PO$9,PO$9,$D11),PO$9) -> 44927 | PP11: =IF($E11<>"",IF($E11<PP$9,$E11,PP$9),PP$9) -> 44957 | PQ11: {=IFERROR(IF($H11<>"",SUM(IF(WEEKDAY(-1+ROW(INDIRECT("1:"&(PP11-PO11)+1)),2)={1},1,0)),0),0)} -> 5 | PR11: {=IFERROR(IF($I11<>"",SUM(IF(WEEKDAY(-1+ROW(INDIRECT("1:"&(PP11-PO11)+1)),2)={2},1,0)),0),0)} -> 4 | PS11: {=IFERROR(IF($J11<>"",SUM(IF(WEEKDAY(-1+ROW(INDIRECT("1:"&(PP11-PO11)+1)),2)={3},1,0)),0),0)} -> 4 | PT11: {=IFERROR(IF($K11<>"",SUM(IF(WEEKDAY(-1+ROW(INDIRECT("1:"&(PP11-PO11)+1)),2)={4},1,0)),0),0)} -> 4 | PU11: {=IFERROR(IF($L11<>"",SUM(IF(WEEKDAY(-1+ROW(INDIRECT("1:"&(PP11-PO11)+1)),2)={5},1,0)),0),0)} -> 4 | PV11: {=IFERROR(IF($M11<>"",SUM(IF(WEEKDAY(-1+ROW(INDIRECT("1:"&(PP11-PO11)+1)),2)={6},1,0)),0),0)} -> 0 | PW11: {=IFERROR(IF($N11<>"",SUM(IF(WEEKDAY(-1+ROW(INDIRECT("1:"&(PP11-PO11)+1)),2)={7},1,0)),0),0)} -> 0 | PX11: =SUM(PQ11:PW11)-PN11 -> 21 | PY11: =SUMPRODUCT(($W$10:$NO$10>=PO11)*($W$10:$NO$10<=PP11)*($W11:$NO11="1/8"&PY$10))*0.125+SUMPRODUCT(($W$10:$NO$10>=PO11)*($W$10:$NO$10<=PP11)*($W11:$NO11="1/4"&PY$10))*0.25+SUMPRODUCT(($W$10:$NO$10>=PO11)*($W$10:$NO$10<=PP11)*($W11:$NO11="1/2"&PY$10))*0.5+SUMPRODUCT(($W$10:$NO$10>=PO11)*($W$10:$NO$10<=PP11)*($W11:$NO11=PY$10)) -> 0 | PZ11: =SUMPRODUCT(($W$10:$NO$10>=PO11)*($W$10:$NO$10<=PP11)*($W11:$NO11="1/8"&PZ$10))*0.125+SUMPRODUCT(($W$10:$NO$10>=PO11)*($W$10:$NO$10<=PP11)*($W11:$NO11="1/4"&PZ$10))*0.25+SUMPRODUCT(($W$10:$NO$10>=PO11)*($W$10:$NO$10<=PP11)*($W11:$NO11="1/2"&PZ$10))*0.5+SUMPRODUCT(($W$10:$NO$10>=PO11)*($W$10:$NO$10<=PP11)*($W11:$NO11=PZ$10)) -> 0 | QA11: =SUMPRODUCT(($W$10:$NO$10>=PO11)*($W$10:$NO$10<=PP11)*($W11:$NO11="1/8"&QA$10))*0.125+SUMPRODUCT(($W$10:$NO$10>=PO11)*($W$10:$NO$10<=PP11)*($W11:$NO11="1/4"&QA$10))*0.25+SUMPRODUCT(($W$10:$NO$10>=PO11)*($W$10:$NO$10<=PP11)*($W11:$NO11="1/2"&QA$10))*0.5+SUMPRODUCT(($W$10:$NO$10>=PO11)*($W$10:$NO$10<=PP11)*($W11:$NO11=QA$10)) -> 0 | QB11: =SUMPRODUCT(($W$10:$NO$10>=PO11)*($W$10:$NO$10<=PP11)*($W11:$NO11="1/8"&QB$10))*0.125+SUMPRODUCT(($W$10:$NO$10>=PO11)*($W$10:$NO$10<=PP11)*($W11:$NO11="1/4"&QB$10))*0.25+SUMPRODUCT(($W$10:$NO$10>=PO11)*($W$10:$NO$10<=PP11)*($W11:$NO11="1/2"&QB$10))*0.5+SUMPRODUCT(($W$10:$NO$10>=PO11)*($W$10:$NO$10<=PP11)*($W11:$NO11=QB$10)) -> 0 | QC11: =SUMPRODUCT(($W$10:$NO$10>=PO11)*($W$10:$NO$10<=PP11)*($W11:$NO11="1/8"&QC$10))*0.125+SUMPRODUCT(($W$10:$NO$10>=PO11)*($W$10:$NO$10<=PP11)*($W11:$NO11="1/4"&QC$10))*0.25+SUMPRODUCT(($W$10:$NO$10>=PO11)*($W$10:$NO$10<=PP11)*($W11:$NO11="1/2"&QC$10))*0.5+SUMPRODUCT(($W$10:$NO$10>=PO11)*($W$10:$NO$10<=PP11)*($W11:$NO11=QC$10)) -> 0 | QD11: =SUMPRODUCT(($W$10:$NO$10>=PO11)*($W$10:$NO$10<=PP11)*($W11:$NO11="1/8"&QD$10))*0.125+SUMPRODUCT(($W$10:$NO$10>=PO11)*($W$10:$NO$10<=PP11)*($W11:$NO11="1/4"&QD$10))*0.25+SUMPRODUCT(($W$10:$NO$10>=PO11)*($W$10:$NO$10<=PP11)*($W11:$NO11="1/2"&QD$10))*0.5+SUMPRODUCT(($W$10:$NO$10>=PO11)*($W$10:$NO$10<=PP11)*($W11:$NO11=QD$10)) -> 0 | QE11: =SUMPRODUCT(($W$10:$NO$10>=PO11)*($W$10:$NO$10<=PP11)*($W11:$NO11="1/8"&QE$10))*0.125+SUMPRODUCT(($W$10:$NO$10>=PO11)*($W$10:$NO$10<=PP11)*($W11:$NO11="1/4"&QE$10))*0.25+SUMPRODUCT(($W$10:$NO$10>=PO11)*($W$10:$NO$10<=PP11)*($W11:$NO11="1/2"&QE$10))*0.5+SUMPRODUCT(($W$10:$NO$10>=PO11)*($W$10:$NO$10<=PP11)*($W11:$NO11=QE$10)) -> 0 | QF11: =SUMPRODUCT(($W$10:$NO$10>=PO11)*($W$10:$NO$10<=PP11)*($W11:$NO11="1/8"&QF$10))*0.125+SUMPRODUCT(($W$10:$NO$10>=PO11)*($W$10:$NO$10<=PP11)*($W11:$NO11="1/4"&QF$10))*0.25+SUMPRODUCT(($W$10:$NO$10>=PO11)*($W$10:$NO$10<=PP11)*($W11:$NO11="1/2"&QF$10))*0.5+SUMPRODUCT(($W$10:$NO$10>=PO11)*($W$10:$NO$10<=PP11)*($W11:$NO11=QF$10)) -> 0 | QG11: =PX11-SUM(PY11:QF11) -> 21 | QH11: =SUMPRODUCT(($W$10:$NO$10>=QI11)*($W$10:$NO$10<=QJ11)*($W11:$NO11=$V$4)) -> 1 | QI11: =IF($D11<>"",IF($D11<QI$9,QI$9,$D11),QI$9) -> 44958 | QJ11: =IF($E11<>"",IF($E11<QJ$9,$E11,QJ$9),QJ$9) -> 44985 | QK11: {=IFERROR(IF($H11<>"",SUM(IF(WEEKDAY(-1+ROW(INDIRECT("1:"&(QJ11-QI11)+1)),2)={1},1,0)),0),0)} -> 4 | QL11: {=IFERROR(IF($I11<>"",SUM(IF(WEEKDAY(-1+ROW(INDIRECT("1:"&(QJ11-QI11)+1)),2)={2},1,0)),0),0)} -> 4 | QM11: {=IFERROR(IF($J11<>"",SUM(IF(WEEKDAY(-1+ROW(INDIRECT("1:"&(QJ11-QI11)+1)),2)={3},1,0)),0),0)} -> 4 | QN11: {=IFERROR(IF($K11<>"",SUM(IF(WEEKDAY(-1+ROW(INDIRECT("1:"&(QJ11-QI11)+1)),2)={4},1,0)),0),0)} -> 4 | QO11: {=IFERROR(IF($L11<>"",SUM(IF(WEEKDAY(-1+ROW(INDIRECT("1:"&(QJ11-QI11)+1)),2)={5},1,0)),0),0)} -> 4 | QP11: {=IFERROR(IF($M11<>"",SUM(IF(WEEKDAY(-1+ROW(INDIRECT("1:"&(QJ11-QI11)+1)),2)={6},1,0)),0),0)} -> 0 | QQ11: {=IFERROR(IF($N11<>"",SUM(IF(WEEKDAY(-1+ROW(INDIRECT("1:"&(QJ11-QI11)+1)),2)={7},1,0)),0),0)} -> 0 | QR11: =SUM(QK11:QQ11)-QH11 -> 19 | QS11: =SUMPRODUCT(($W$10:$NO$10>=QI11)*($W$10:$NO$10<=QJ11)*($W11:$NO11="1/8"&QS$10))*0.125+SUMPRODUCT(($W$10:$NO$10>=QI11)*($W$10:$NO$10<=QJ11)*($W11:$NO11="1/4"&QS$10))*0.25+SUMPRODUCT(($W$10:$NO$10>=QI11)*($W$10:$NO$10<=QJ11)*($W11:$NO11="1/2"&QS$10))*0.5+SUMPRODUCT(($W$10:$NO$10>=QI11)*($W$10:$NO$10<=QJ11)*($W11:$NO11=QS$10)) -> 0 | QT11: =SUMPRODUCT(($W$10:$NO$10>=QI11)*($W$10:$NO$10<=QJ11)*($W11:$NO11="1/8"&QT$10))*0.125+SUMPRODUCT(($W$10:$NO$10>=QI11)*($W$10:$NO$10<=QJ11)*($W11:$NO11="1/4"&QT$10))*0.25+SUMPRODUCT(($W$10:$NO$10>=QI11)*($W$10:$NO$10<=QJ11)*($W11:$NO11="1/2"&QT$10))*0.5+SUMPRODUCT(($W$10:$NO$10>=QI11)*($W$10:$NO$10<=QJ11)*($W11:$NO11=QT$10)) -> 0 | QU11: =SUMPRODUCT(($W$10:$NO$10>=QI11)*($W$10:$NO$10<=QJ11)*($W11:$NO11="1/8"&QU$10))*0.125+SUMPRODUCT(($W$10:$NO$10>=QI11)*($W$10:$NO$10<=QJ11)*($W11:$NO11="1/4"&QU$10))*0.25+SUMPRODUCT(($W$10:$NO$10>=QI11)*($W$10:$NO$10<=QJ11)*($W11:$NO11="1/2"&QU$10))*0.5+SUMPRODUCT(($W$10:$NO$10>=QI11)*($W$10:$NO$10<=QJ11)*($W11:$NO11=QU$10)) -> 0 | QV11: =SUMPRODUCT(($W$10:$NO$10>=QI11)*($W$10:$NO$10<=QJ11)*($W11:$NO11="1/8"&QV$10))*0.125+SUMPRODUCT(($W$10:$NO$10>=QI11)*($W$10:$NO$10<=QJ11)*($W11:$NO11="1/4"&QV$10))*0.25+SUMPRODUCT(($W$10:$NO$10>=QI11)*($W$10:$NO$10<=QJ11)*($W11:$NO11="1/2"&QV$10))*0.5+SUMPRODUCT(($W$10:$NO$10>=QI11)*($W$10:$NO$10<=QJ11)*($W11:$NO11=QV$10)) -> 0 | QW11: =SUMPRODUCT(($W$10:$NO$10>=QI11)*($W$10:$NO$10<=QJ11)*($W11:$NO11="1/8"&QW$10))*0.125+SUMPRODUCT(($W$10:$NO$10>=QI11)*($W$10:$NO$10<=QJ11)*($W11:$NO11="1/4"&QW$10))*0.25+SUMPRODUCT(($W$10:$NO$10>=QI11)*($W$10:$NO$10<=QJ11)*($W11:$NO11="1/2"&QW$10))*0.5+SUMPRODUCT(($W$10:$NO$10>=QI11)*($W$10:$NO$10<=QJ11)*($W11:$NO11=QW$10)) -> 0 | QX11: =SUMPRODUCT(($W$10:$NO$10>=QI11)*($W$10:$NO$10<=QJ11)*($W11:$NO11="1/8"&QX$10))*0.125+SUMPRODUCT(($W$10:$NO$10>=QI11)*($W$10:$NO$10<=QJ11)*($W11:$NO11="1/4"&QX$10))*0.25+SUMPRODUCT(($W$10:$NO$10>=QI11)*($W$10:$NO$10<=QJ11)*($W11:$NO11="1/2"&QX$10))*0.5+SUMPRODUCT(($W$10:$NO$10>=QI11)*($W$10:$NO$10<=QJ11)*($W11:$NO11=QX$10)) -> 0 | QY11: =SUMPRODUCT(($W$10:$NO$10>=QI11)*($W$10:$NO$10<=QJ11)*($W11:$NO11="1/8"&QY$10))*0.125+SUMPRODUCT(($W$10:$NO$10>=QI11)*($W$10:$NO$10<=QJ11)*($W11:$NO11="1/4"&QY$10))*0.25+SUMPRODUCT(($W$10:$NO$10>=QI11)*($W$10:$NO$10<=QJ11)*($W11:$NO11="1/2"&QY$10))*0.5+SUMPRODUCT(($W$10:$NO$10>=QI11)*($W$10:$NO$10<=QJ11)*($W11:$NO11=QY$10)) -> 0 | QZ11: =SUMPRODUCT(($W$10:$NO$10>=QI11)*($W$10:$NO$10<=QJ11)*($W11:$NO11="1/8"&QZ$10))*0.125+SUMPRODUCT(($W$10:$NO$10>=QI11)*($W$10:$NO$10<=QJ11)*($W11:$NO11="1/4"&QZ$10))*0.25+SUMPRODUCT(($W$10:$NO$10>=QI11)*($W$10:$NO$10<=QJ11)*($W11:$NO11="1/2"&QZ$10))*0.5+SUMPRODUCT(($W$10:$NO$10>=QI11)*($W$10:$NO$10<=QJ11)*($W11:$NO11=QZ$10)) -> 0 | RA11: =QR11-SUM(QS11:QZ11) -> 19 | RB11: =SUMPRODUCT(($W$10:$NO$10>=RC11)*($W$10:$NO$10<=RD11)*($W11:$NO11=$V$4)) -> 0 | RC11: =IF($D11<>"",IF($D11<RC$9,RC$9,$D11),RC$9) -> 44986 | RD11: =IF($E11<>"",IF($E11<RD$9,$E11,RD$9),RD$9) -> 45016 | RE11: {=IFERROR(IF($H11<>"",SUM(IF(WEEKDAY(-1+ROW(INDIRECT("1:"&(RD11-RC11)+1)),2)={1},1,0)),0),0)} -> 5 | RF11: {=IFERROR(IF($I11<>"",SUM(IF(WEEKDAY(-1+ROW(INDIRECT("1:"&(RD11-RC11)+1)),2)={2},1,0)),0),0)} -> 4 | RG11: {=IFERROR(IF($J11<>"",SUM(IF(WEEKDAY(-1+ROW(INDIRECT("1:"&(RD11-RC11)+1)),2)={3},1,0)),0),0)} -> 4 | RH11: {=IFERROR(IF($K11<>"",SUM(IF(WEEKDAY(-1+ROW(INDIRECT("1:"&(RD11-RC11)+1)),2)={4},1,0)),0),0)} -> 4 | RI11: {=IFERROR(IF($L11<>"",SUM(IF(WEEKDAY(-1+ROW(INDIRECT("1:"&(RD11-RC11)+1)),2)={5},1,0)),0),0)} -> 4 | RJ11: {=IFERROR(IF($M11<>"",SUM(IF(WEEKDAY(-1+ROW(INDIRECT("1:"&(RD11-RC11)+1)),2)={6},1,0)),0),0)} -> 0 | RK11: {=IFERROR(IF($N11<>"",SUM(IF(WEEKDAY(-1+ROW(INDIRECT("1:"&(RD11-RC11)+1)),2)={7},1,0)),0),0)} -> 0 | RL11: =SUM(RE11:RK11)-RB11 -> 21 | RM11: =SUMPRODUCT(($W$10:$NO$10>=RC11)*($W$10:$NO$10<=RD11)*($W11:$NO11="1/8"&RM$10))*0.125+SUMPRODUCT(($W$10:$NO$10>=RC11)*($W$10:$NO$10<=RD11)*($W11:$NO11="1/4"&RM$10))*0.25+SUMPRODUCT(($W$10:$NO$10>=RC11)*($W$10:$NO$10<=RD11)*($W11:$NO11="1/2"&RM$10))*0.5+SUMPRODUCT(($W$10:$NO$10>=RC11)*($W$10:$NO$10<=RD11)*($W11:$NO11=RM$10)) -> 0 | RN11: =SUMPRODUCT(($W$10:$NO$10>=RC11)*($W$10:$NO$10<=RD11)*($W11:$NO11="1/8"&RN$10))*0.125+SUMPRODUCT(($W$10:$NO$10>=RC11)*($W$10:$NO$10<=RD11)*($W11:$NO11="1/4"&RN$10))*0.25+SUMPRODUCT(($W$10:$NO$10>=RC11)*($W$10:$NO$10<=RD11)*($W11:$NO11="1/2"&RN$10))*0.5+SUMPRODUCT(($W$10:$NO$10>=RC11)*($W$10:$NO$10<=RD11)*($W11:$NO11=RN$10)) -> 0 | RO11: =SUMPRODUCT(($W$10:$NO$10>=RC11)*($W$10:$NO$10<=RD11)*($W11:$NO11="1/8"&RO$10))*0.125+SUMPRODUCT(($W$10:$NO$10>=RC11)*($W$10:$NO$10<=RD11)*($W11:$NO11="1/4"&RO$10))*0.25+SUMPRODUCT(($W$10:$NO$10>=RC11)*($W$10:$NO$10<=RD11)*($W11:$NO11="1/2"&RO$10))*0.5+SUMPRODUCT(($W$10:$NO$10>=RC11)*($W$10:$NO$10<=RD11)*($W11:$NO11=RO$10)) -> 0 | RP11: =SUMPRODUCT(($W$10:$NO$10>=RC11)*($W$10:$NO$10<=RD11)*($W11:$NO11="1/8"&RP$10))*0.125+SUMPRODUCT(($W$10:$NO$10>=RC11)*($W$10:$NO$10<=RD11)*($W11:$NO11="1/4"&RP$10))*0.25+SUMPRODUCT(($W$10:$NO$10>=RC11)*($W$10:$NO$10<=RD11)*($W11:$NO11="1/2"&RP$10))*0.5+SUMPRODUCT(($W$10:$NO$10>=RC11)*($W$10:$NO$10<=RD11)*($W11:$NO11=RP$10)) -> 0 | RQ11: =SUMPRODUCT(($W$10:$NO$10>=RC11)*($W$10:$NO$10<=RD11)*($W11:$NO11="1/8"&RQ$10))*0.125+SUMPRODUCT(($W$10:$NO$10>=RC11)*($W$10:$NO$10<=RD11)*($W11:$NO11="1/4"&RQ$10))*0.25+SUMPRODUCT(($W$10:$NO$10>=RC11)*($W$10:$NO$10<=RD11)*($W11:$NO11="1/2"&RQ$10))*0.5+SUMPRODUCT(($W$10:$NO$10>=RC11)*($W$10:$NO$10<=RD11)*($W11:$NO11=RQ$10)) -> 0 | RR11: =SUMPRODUCT(($W$10:$NO$10>=RC11)*($W$10:$NO$10<=RD11)*($W11:$NO11="1/8"&RR$10))*0.125+SUMPRODUCT(($W$10:$NO$10>=RC11)*($W$10:$NO$10<=RD11)*($W11:$NO11="1/4"&RR$10))*0.25+SUMPRODUCT(($W$10:$NO$10>=RC11)*($W$10:$NO$10<=RD11)*($W11:$NO11="1/2"&RR$10))*0.5+SUMPRODUCT(($W$10:$NO$10>=RC11)*($W$10:$NO$10<=RD11)*($W11:$NO11=RR$10)) -> 0 | RS11: =SUMPRODUCT(($W$10:$NO$10>=RC11)*($W$10:$NO$10<=RD11)*($W11:$NO11="1/8"&RS$10))*0.125+SUMPRODUCT(($W$10:$NO$10>=RC11)*($W$10:$NO$10<=RD11)*($W11:$NO11="1/4"&RS$10))*0.25+SUMPRODUCT(($W$10:$NO$10>=RC11)*($W$10:$NO$10<=RD11)*($W11:$NO11="1/2"&RS$10))*0.5+SUMPRODUCT(($W$10:$NO$10>=RC11)*($W$10:$NO$10<=RD11)*($W11:$NO11=RS$10)) -> 0 | RT11: =SUMPRODUCT(($W$10:$NO$10>=RC11)*($W$10:$NO$10<=RD11)*($W11:$NO11="1/8"&RT$10))*0.125+SUMPRODUCT(($W$10:$NO$10>=RC11)*($W$10:$NO$10<=RD11)*($W11:$NO11="1/4"&RT$10))*0.25+SUMPRODUCT(($W$10:$NO$10>=RC11)*($W$10:$NO$10<=RD11)*($W11:$NO11="1/2"&RT$10))*0.5+SUMPRODUCT(($W$10:$NO$10>=RC11)*($W$10:$NO$10<=RD11)*($W11:$NO11=RT$10)) -> 0 | RU11: =RL11-SUM(RM11:RT11) -> 21 | RV11: =SUMPRODUCT(($W$10:$NO$10>=RW11)*($W$10:$NO$10<=RX11)*($W11:$NO11=$V$4)) -> 1 | RW11: =IF($D11<>"",IF($D11<RW$9,RW$9,$D11),RW$9) -> 45017 | RX11: =IF($E11<>"",IF($E11<RX$9,$E11,RX$9),RX$9) -> 45046 | RY11: {=IFERROR(IF($H11<>"",SUM(IF(WEEKDAY(-1+ROW(INDIRECT("1:"&(RX11-RW11)+1)),2)={1},1,0)),0),0)} -> 4 | RZ11: {=IFERROR(IF($I11<>"",SUM(IF(WEEKDAY(-1+ROW(INDIRECT("1:"&(RX11-RW11)+1)),2)={2},1,0)),0),0)} -> 4 | SA11: {=IFERROR(IF($J11<>"",SUM(IF(WEEKDAY(-1+ROW(INDIRECT("1:"&(RX11-RW11)+1)),2)={3},1,0)),0),0)} -> 4 | SB11: {=IFERROR(IF($K11<>"",SUM(IF(WEEKDAY(-1+ROW(INDIRECT("1:"&(RX11-RW11)+1)),2)={4},1,0)),0),0)} -> 4 | SC11: {=IFERROR(IF($L11<>"",SUM(IF(WEEKDAY(-1+ROW(INDIRECT("1:"&(RX11-RW11)+1)),2)={5},1,0)),0),0)} -> 4 | SD11: {=IFERROR(IF($M11<>"",SUM(IF(WEEKDAY(-1+ROW(INDIRECT("1:"&(RX11-RW11)+1)),2)={6},1,0)),0),0)} -> 0 | SE11: {=IFERROR(IF($N11<>"",SUM(IF(WEEKDAY(-1+ROW(INDIRECT("1:"&(RX11-RW11)+1)),2)={7},1,0)),0),0)} -> 0 | SF11: =SUM(RY11:SE11)-RV11 -> 19 | SG11: =SUMPRODUCT(($W$10:$NO$10>=RW11)*($W$10:$NO$10<=RX11)*($W11:$NO11="1/8"&SG$10))*0.125+SUMPRODUCT(($W$10:$NO$10>=RW11)*($W$10:$NO$10<=RX11)*($W11:$NO11="1/4"&SG$10))*0.25+SUMPRODUCT(($W$10:$NO$10>=RW11)*($W$10:$NO$10<=RX11)*($W11:$NO11="1/2"&SG$10))*0.5+SUMPRODUCT(($W$10:$NO$10>=RW11)*($W$10:$NO$10<=RX11)*($W11:$NO11=SG$10)) -> 0 | SH11: =SUMPRODUCT(($W$10:$NO$10>=RW11)*($W$10:$NO$10<=RX11)*($W11:$NO11="1/8"&SH$10))*0.125+SUMPRODUCT(($W$10:$NO$10>=RW11)*($W$10:$NO$10<=RX11)*($W11:$NO11="1/4"&SH$10))*0.25+SUMPRODUCT(($W$10:$NO$10>=RW11)*($W$10:$NO$10<=RX11)*($W11:$NO11="1/2"&SH$10))*0.5+SUMPRODUCT(($W$10:$NO$10>=RW11)*($W$10:$NO$10<=RX11)*($W11:$NO11=SH$10)) -> 0 | SI11: =SUMPRODUCT(($W$10:$NO$10>=RW11)*($W$10:$NO$10<=RX11)*($W11:$NO11="1/8"&SI$10))*0.125+SUMPRODUCT(($W$10:$NO$10>=RW11)*($W$10:$NO$10<=RX11)*($W11:$NO11="1/4"&SI$10))*0.25+SUMPRODUCT(($W$10:$NO$10>=RW11)*($W$10:$NO$10<=RX11)*($W11:$NO11="1/2"&SI$10))*0.5+SUMPRODUCT(($W$10:$NO$10>=RW11)*($W$10:$NO$10<=RX11)*($W11:$NO11=SI$10)) -> 0 | SJ11: =SUMPRODUCT(($W$10:$NO$10>=RW11)*($W$10:$NO$10<=RX11)*($W11:$NO11="1/8"&SJ$10))*0.125+SUMPRODUCT(($W$10:$NO$10>=RW11)*($W$10:$NO$10<=RX11)*($W11:$NO11="1/4"&SJ$10))*0.25+SUMPRODUCT(($W$10:$NO$10>=RW11)*($W$10:$NO$10<=RX11)*($W11:$NO11="1/2"&SJ$10))*0.5+SUMPRODUCT(($W$10:$NO$10>=RW11)*($W$10:$NO$10<=RX11)*($W11:$NO11=SJ$10)) -> 0 | SK11: =SUMPRODUCT(($W$10:$NO$10>=RW11)*($W$10:$NO$10<=RX11)*($W11:$NO11="1/8"&SK$10))*0.125+SUMPRODUCT(($W$10:$NO$10>=RW11)*($W$10:$NO$10<=RX11)*($W11:$NO11="1/4"&SK$10))*0.25+SUMPRODUCT(($W$10:$NO$10>=RW11)*($W$10:$NO$10<=RX11)*($W11:$NO11="1/2"&SK$10))*0.5+SUMPRODUCT(($W$10:$NO$10>=RW11)*($W$10:$NO$10<=RX11)*($W11:$NO11=SK$10)) -> 0 | SL11: =SUMPRODUCT(($W$10:$NO$10>=RW11)*($W$10:$NO$10<=RX11)*($W11:$NO11="1/8"&SL$10))*0.125+SUMPRODUCT(($W$10:$NO$10>=RW11)*($W$10:$NO$10<=RX11)*($W11:$NO11="1/4"&SL$10))*0.25+SUMPRODUCT(($W$10:$NO$10>=RW11)*($W$10:$NO$10<=RX11)*($W11:$NO11="1/2"&SL$10))*0.5+SUMPRODUCT(($W$10:$NO$10>=RW11)*($W$10:$NO$10<=RX11)*($W11:$NO11=SL$10)) -> 0 | SM11: =SUMPRODUCT(($W$10:$NO$10>=RW11)*($W$10:$NO$10<=RX11)*($W11:$NO11="1/8"&SM$10))*0.125+SUMPRODUCT(($W$10:$NO$10>=RW11)*($W$10:$NO$10<=RX11)*($W11:$NO11="1/4"&SM$10))*0.25+SUMPRODUCT(($W$10:$NO$10>=RW11)*($W$10:$NO$10<=RX11)*($W11:$NO11="1/2"&SM$10))*0.5+SUMPRODUCT(($W$10:$NO$10>=RW11)*($W$10:$NO$10<=RX11)*($W11:$NO11=SM$10)) -> 0 | SN11: =SUMPRODUCT(($W$10:$NO$10>=RW11)*($W$10:$NO$10<=RX11)*($W11:$NO11="1/8"&SN$10))*0.125+SUMPRODUCT(($W$10:$NO$10>=RW11)*($W$10:$NO$10<=RX11)*($W11:$NO11="1/4"&SN$10))*0.25+SUMPRODUCT(($W$10:$NO$10>=RW11)*($W$10:$NO$10<=RX11)*($W11:$NO11="1/2"&SN$10))*0.5+SUMPRODUCT(($W$10:$NO$10>=RW11)*($W$10:$NO$10<=RX11)*($W11:$NO11=SN$10)) -> 0 | SO11: =SF11-SUM(SG11:SN11) -> 19 | SP11: =SUMPRODUCT(($W$10:$NO$10>=SQ11)*($W$10:$NO$10<=SR11)*($W11:$NO11=$V$4)) -> 0 | SQ11: =IF($D11<>"",IF($D11<SQ$9,SQ$9,$D11),SQ$9) -> 45047 | SR11: =IF($E11<>"",IF($E11<SR$9,$E11,SR$9),SR$9) -> 45077 | SS11: {=IFERROR(IF($H11<>"",SUM(IF(WEEKDAY(-1+ROW(INDIRECT("1:"&(SR11-SQ11)+1)),2)={1},1,0)),0),0)} -> 5 | ST11: {=IFERROR(IF($I11<>"",SUM(IF(WEEKDAY(-1+ROW(INDIRECT("1:"&(SR11-SQ11)+1)),2)={2},1,0)),0),0)} -> 4 | SU11: {=IFERROR(IF($J11<>"",SUM(IF(WEEKDAY(-1+ROW(INDIRECT("1:"&(SR11-SQ11)+1)),2)={3},1,0)),0),0)} -> 4 | SV11: {=IFERROR(IF($K11<>"",SUM(IF(WEEKDAY(-1+ROW(INDIRECT("1:"&(SR11-SQ11)+1)),2)={4},1,0)),0),0)} -> 4 | SW11: {=IFERROR(IF($L11<>"",SUM(IF(WEEKDAY(-1+ROW(INDIRECT("1:"&(SR11-SQ11)+1)),2)={5},1,0)),0),0)} -> 4 | SX11: {=IFERROR(IF($M11<>"",SUM(IF(WEEKDAY(-1+ROW(INDIRECT("1:"&(SR11-SQ11)+1)),2)={6},1,0)),0),0)} -> 0 | SY11: {=IFERROR(IF($N11<>"",SUM(IF(WEEKDAY(-1+ROW(INDIRECT("1:"&(SR11-SQ11)+1)),2)={7},1,0)),0),0)} -> 0 | SZ11: =SUM(SS11:SY11)-SP11 -> 21 | TA11: =SUMPRODUCT(($W$10:$NO$10>=SQ11)*($W$10:$NO$10<=SR11)*($W11:$NO11="1/8"&TA$10))*0.125+SUMPRODUCT(($W$10:$NO$10>=SQ11)*($W$10:$NO$10<=SR11)*($W11:$NO11="1/4"&TA$10))*0.25+SUMPRODUCT(($W$10:$NO$10>=SQ11)*($W$10:$NO$10<=SR11)*($W11:$NO11="1/2"&TA$10))*0.5+SUMPRODUCT(($W$10:$NO$10>=SQ11)*($W$10:$NO$10<=SR11)*($W11:$NO11=TA$10)) -> 0 | TB11: =SUMPRODUCT(($W$10:$NO$10>=SQ11)*($W$10:$NO$10<=SR11)*($W11:$NO11="1/8"&TB$10))*0.125+SUMPRODUCT(($W$10:$NO$10>=SQ11)*($W$10:$NO$10<=SR11)*($W11:$NO11="1/4"&TB$10))*0.25+SUMPRODUCT(($W$10:$NO$10>=SQ11)*($W$10:$NO$10<=SR11)*($W11:$NO11="1/2"&TB$10))*0.5+SUMPRODUCT(($W$10:$NO$10>=SQ11)*($W$10:$NO$10<=SR11)*($W11:$NO11=TB$10)) -> 0 | TC11: =SUMPRODUCT(($W$10:$NO$10>=SQ11)*($W$10:$NO$10<=SR11)*($W11:$NO11="1/8"&TC$10))*0.125+SUMPRODUCT(($W$10:$NO$10>=SQ11)*($W$10:$NO$10<=SR11)*($W11:$NO11="1/4"&TC$10))*0.25+SUMPRODUCT(($W$10:$NO$10>=SQ11)*($W$10:$NO$10<=SR11)*($W11:$NO11="1/2"&TC$10))*0.5+SUMPRODUCT(($W$10:$NO$10>=SQ11)*($W$10:$NO$10<=SR11)*($W11:$NO11=TC$10)) -> 0 | TD11: =SUMPRODUCT(($W$10:$NO$10>=SQ11)*($W$10:$NO$10<=SR11)*($W11:$NO11="1/8"&TD$10))*0.125+SUMPRODUCT(($W$10:$NO$10>=SQ11)*($W$10:$NO$10<=SR11)*($W11:$NO11="1/4"&TD$10))*0.25+SUMPRODUCT(($W$10:$NO$10>=SQ11)*($W$10:$NO$10<=SR11)*($W11:$NO11="1/2"&TD$10))*0.5+SUMPRODUCT(($W$10:$NO$10>=SQ11)*($W$10:$NO$10<=SR11)*($W11:$NO11=TD$10)) -> 0 | TE11: =SUMPRODUCT(($W$10:$NO$10>=SQ11)*($W$10:$NO$10<=SR11)*($W11:$NO11="1/8"&TE$10))*0.125+SUMPRODUCT(($W$10:$NO$10>=SQ11)*($W$10:$NO$10<=SR11)*($W11:$NO11="1/4"&TE$10))*0.25+SUMPRODUCT(($W$10:$NO$10>=SQ11)*($W$10:$NO$10<=SR11)*($W11:$NO11="1/2"&TE$10))*0.5+SUMPRODUCT(($W$10:$NO$10>=SQ11)*($W$10:$NO$10<=SR11)*($W11:$NO11=TE$10)) -> 0 | TF11: =SUMPRODUCT(($W$10:$NO$10>=SQ11)*($W$10:$NO$10<=SR11)*($W11:$NO11="1/8"&TF$10))*0.125+SUMPRODUCT(($W$10:$NO$10>=SQ11)*($W$10:$NO$10<=SR11)*($W11:$NO11="1/4"&TF$10))*0.25+SUMPRODUCT(($W$10:$NO$10>=SQ11)*($W$10:$NO$10<=SR11)*($W11:$NO11="1/2"&TF$10))*0.5+SUMPRODUCT(($W$10:$NO$10>=SQ11)*($W$10:$NO$10<=SR11)*($W11:$NO11=TF$10)) -> 0 | TG11: =SUMPRODUCT(($W$10:$NO$10>=SQ11)*($W$10:$NO$10<=SR11)*($W11:$NO11="1/8"&TG$10))*0.125+SUMPRODUCT(($W$10:$NO$10>=SQ11)*($W$10:$NO$10<=SR11)*($W11:$NO11="1/4"&TG$10))*0.25+SUMPRODUCT(($W$10:$NO$10>=SQ11)*($W$10:$NO$10<=SR11)*($W11:$NO11="1/2"&TG$10))*0.5+SUMPRODUCT(($W$10:$NO$10>=SQ11)*($W$10:$NO$10<=SR11)*($W11:$NO11=TG$10)) -> 0 | TH11: =SUMPRODUCT(($W$10:$NO$10>=SQ11)*($W$10:$NO$10<=SR11)*($W11:$NO11="1/8"&TH$10))*0.125+SUMPRODUCT(($W$10:$NO$10>=SQ11)*($W$10:$NO$10<=SR11)*($W11:$NO11="1/4"&TH$10))*0.25+SUMPRODUCT(($W$10:$NO$10>=SQ11)*($W$10:$NO$10<=SR11)*($W11:$NO11="1/2"&TH$10))*0.5+SUMPRODUCT(($W$10:$NO$10>=SQ11)*($W$10:$NO$10<=SR11)*($W11:$NO11=TH$10)) -> 0 | TI11: =SZ11-SUM(TA11:TH11) -> 21 | TJ11: =SUMPRODUCT(($W$10:$NO$10>=TK11)*($W$10:$NO$10<=TL11)*($W11:$NO11=$V$4)) -> 2 | TK11: =IF($D11<>"",IF($D11<TK$9,TK$9,$D11),TK$9) -> 45078 | TL11: =IF($E11<>"",IF($E11<TL$9,$E11,TL$9),TL$9) -> 45107 | TM11: {=IFERROR(IF($H11<>"",SUM(IF(WEEKDAY(-1+ROW(INDIRECT("1:"&(TL11-TK11)+1)),2)={1},1,0)),0),0)} -> 4 | TN11: {=IFERROR(IF($I11<>"",SUM(IF(WEEKDAY(-1+ROW(INDIRECT("1:"&(TL11-TK11)+1)),2)={2},1,0)),0),0)} -> 4 | TO11: {=IFERROR(IF($J11<>"",SUM(IF(WEEKDAY(-1+ROW(INDIRECT("1:"&(TL11-TK11)+1)),2)={3},1,0)),0),0)} -> 4 | TP11: {=IFERROR(IF($K11<>"",SUM(IF(WEEKDAY(-1+ROW(INDIRECT("1:"&(TL11-TK11)+1)),2)={4},1,0)),0),0)} -> 4 | TQ11: {=IFERROR(IF($L11<>"",SUM(IF(WEEKDAY(-1+ROW(INDIRECT("1:"&(TL11-TK11)+1)),2)={5},1,0)),0),0)} -> 4 | TR11: {=IFERROR(IF($M11<>"",SUM(IF(WEEKDAY(-1+ROW(INDIRECT("1:"&(TL11-TK11)+1)),2)={6},1,0)),0),0)} -> 0 | TS11: {=IFERROR(IF($N11<>"",SUM(IF(WEEKDAY(-1+ROW(INDIRECT("1:"&(TL11-TK11)+1)),2)={7},1,0)),0),0)} -> 0 | TT11: =SUM(TM11:TS11)-TJ11 -> 18 | TU11: =SUMPRODUCT(($W$10:$NO$10>=TK11)*($W$10:$NO$10<=TL11)*($W11:$NO11="1/8"&TU$10))*0.125+SUMPRODUCT(($W$10:$NO$10>=TK11)*($W$10:$NO$10<=TL11)*($W11:$NO11="1/4"&TU$10))*0.25+SUMPRODUCT(($W$10:$NO$10>=TK11)*($W$10:$NO$10<=TL11)*($W11:$NO11="1/2"&TU$10))*0.5+SUMPRODUCT(($W$10:$NO$10>=TK11)*($W$10:$NO$10<=TL11)*($W11:$NO11=TU$10)) -> 0 | TV11: =SUMPRODUCT(($W$10:$NO$10>=TK11)*($W$10:$NO$10<=TL11)*($W11:$NO11="1/8"&TV$10))*0.125+SUMPRODUCT(($W$10:$NO$10>=TK11)*($W$10:$NO$10<=TL11)*($W11:$NO11="1/4"&TV$10))*0.25+SUMPRODUCT(($W$10:$NO$10>=TK11)*($W$10:$NO$10<=TL11)*($W11:$NO11="1/2"&TV$10))*0.5+SUMPRODUCT(($W$10:$NO$10>=TK11)*($W$10:$NO$10<=TL11)*($W11:$NO11=TV$10)) -> 0 | TW11: =SUMPRODUCT(($W$10:$NO$10>=TK11)*($W$10:$NO$10<=TL11)*($W11:$NO11="1/8"&TW$10))*0.125+SUMPRODUCT(($W$10:$NO$10>=TK11)*($W$10:$NO$10<=TL11)*($W11:$NO11="1/4"&TW$10))*0.25+SUMPRODUCT(($W$10:$NO$10>=TK11)*($W$10:$NO$10<=TL11)*($W11:$NO11="1/2"&TW$10))*0.5+SUMPRODUCT(($W$10:$NO$10>=TK11)*($W$10:$NO$10<=TL11)*($W11:$NO11=TW$10)) -> 0 | TX11: =SUMPRODUCT(($W$10:$NO$10>=TK11)*($W$10:$NO$10<=TL11)*($W11:$NO11="1/8"&TX$10))*0.125+SUMPRODUCT(($W$10:$NO$10>=TK11)*($W$10:$NO$10<=TL11)*($W11:$NO11="1/4"&TX$10))*0.25+SUMPRODUCT(($W$10:$NO$10>=TK11)*($W$10:$NO$10<=TL11)*($W11:$NO11="1/2"&TX$10))*0.5+SUMPRODUCT(($W$10:$NO$10>=TK11)*($W$10:$NO$10<=TL11)*($W11:$NO11=TX$10)) -> 0 | TY11: =SUMPRODUCT(($W$10:$NO$10>=TK11)*($W$10:$NO$10<=TL11)*($W11:$NO11="1/8"&TY$10))*0.125+SUMPRODUCT(($W$10:$NO$10>=TK11)*($W$10:$NO$10<=TL11)*($W11:$NO11="1/4"&TY$10))*0.25+SUMPRODUCT(($W$10:$NO$10>=TK11)*($W$10:$NO$10<=TL11)*($W11:$NO11="1/2"&TY$10))*0.5+SUMPRODUCT(($W$10:$NO$10>=TK11)*($W$10:$NO$10<=TL11)*($W11:$NO11=TY$10)) -> 0 | TZ11: =SUMPRODUCT(($W$10:$NO$10>=TK11)*($W$10:$NO$10<=TL11)*($W11:$NO11="1/8"&TZ$10))*0.125+SUMPRODUCT(($W$10:$NO$10>=TK11)*($W$10:$NO$10<=TL11)*($W11:$NO11="1/4"&TZ$10))*0.25+SUMPRODUCT(($W$10:$NO$10>=TK11)*($W$10:$NO$10<=TL11)*($W11:$NO11="1/2"&TZ$10))*0.5+SUMPRODUCT(($W$10:$NO$10>=TK11)*($W$10:$NO$10<=TL11)*($W11:$NO11=TZ$10)) -> 0 | UA11: =SUMPRODUCT(($W$10:$NO$10>=TK11)*($W$10:$NO$10<=TL11)*($W11:$NO11="1/8"&UA$10))*0.125+SUMPRODUCT(($W$10:$NO$10>=TK11)*($W$10:$NO$10<=TL11)*($W11:$NO11="1/4"&UA$10))*0.25+SUMPRODUCT(($W$10:$NO$10>=TK11)*($W$10:$NO$10<=TL11)*($W11:$NO11="1/2"&UA$10))*0.5+SUMPRODUCT(($W$10:$NO$10>=TK11)*($W$10:$NO$10<=TL11)*($W11:$NO11=UA$10)) -> 0 | UB11: =SUMPRODUCT(($W$10:$NO$10>=TK11)*($W$10:$NO$10<=TL11)*($W11:$NO11="1/8"&UB$10))*0.125+SUMPRODUCT(($W$10:$NO$10>=TK11)*($W$10:$NO$10<=TL11)*($W11:$NO11="1/4"&UB$10))*0.25+SUMPRODUCT(($W$10:$NO$10>=TK11)*($W$10:$NO$10<=TL11)*($W11:$NO11="1/2"&UB$10))*0.5+SUMPRODUCT(($W$10:$NO$10>=TK11)*($W$10:$NO$10<=TL11)*($W11:$NO11=UB$10)) -> 0 | UC11: =TT11-SUM(TU11:UB11) -> 18 | UD11: =SUMPRODUCT(($W$10:$NO$10>=UE11)*($W$10:$NO$10<=UF11)*($W11:$NO11=$V$4)) -> 2 | UE11: =IF($D11<>"",IF($D11<UE$9,UE$9,$D11),UE$9) -> 45108 | UF11: =IF($E11<>"",IF($E11<UF$9,$E11,UF$9),UF$9) -> 45138 | UG11: {=IFERROR(IF($H11<>"",SUM(IF(WEEKDAY(-1+ROW(INDIRECT("1:"&(UF11-UE11)+1)),2)={1},1,0)),0),0)} -> 5 | UH11: {=IFERROR(IF($I11<>"",SUM(IF(WEEKDAY(-1+ROW(INDIRECT("1:"&(UF11-UE11)+1)),2)={2},1,0)),0),0)} -> 4 | UI11: {=IFERROR(IF($J11<>"",SUM(IF(WEEKDAY(-1+ROW(INDIRECT("1:"&(UF11-UE11)+1)),2)={3},1,0)),0),0)} -> 4 | UJ11: {=IFERROR(IF($K11<>"",SUM(IF(WEEKDAY(-1+ROW(INDIRECT("1:"&(UF11-UE11)+1)),2)={4},1,0)),0),0)} -> 4 | UK11: {=IFERROR(IF($L11<>"",SUM(IF(WEEKDAY(-1+ROW(INDIRECT("1:"&(UF11-UE11)+1)),2)={5},1,0)),0),0)} -> 4 | UL11: {=IFERROR(IF($M11<>"",SUM(IF(WEEKDAY(-1+ROW(INDIRECT("1:"&(UF11-UE11)+1)),2)={6},1,0)),0),0)} -> 0 | UM11: {=IFERROR(IF($N11<>"",SUM(IF(WEEKDAY(-1+ROW(INDIRECT("1:"&(UF11-UE11)+1)),2)={7},1,0)),0),0)} -> 0 | UN11: =SUM(UG11:UM11)-UD11 -> 19 | UO11: =SUMPRODUCT(($W$10:$NO$10>=UE11)*($W$10:$NO$10<=UF11)*($W11:$NO11="1/8"&UO$10))*0.125+SUMPRODUCT(($W$10:$NO$10>=UE11)*($W$10:$NO$10<=UF11)*($W11:$NO11="1/4"&UO$10))*0.25+SUMPRODUCT(($W$10:$NO$10>=UE11)*($W$10:$NO$10<=UF11)*($W11:$NO11="1/2"&UO$10))*0.5+SUMPRODUCT(($W$10:$NO$10>=UE11)*($W$10:$NO$10<=UF11)*($W11:$NO11=UO$10)) -> 0 | UP11: =SUMPRODUCT(($W$10:$NO$10>=UE11)*($W$10:$NO$10<=UF11)*($W11:$NO11="1/8"&UP$10))*0.125+SUMPRODUCT(($W$10:$NO$10>=UE11)*($W$10:$NO$10<=UF11)*($W11:$NO11="1/4"&UP$10))*0.25+SUMPRODUCT(($W$10:$NO$10>=UE11)*($W$10:$NO$10<=UF11)*($W11:$NO11="1/2"&UP$10))*0.5+SUMPRODUCT(($W$10:$NO$10>=UE11)*($W$10:$NO$10<=UF11)*($W11:$NO11=UP$10)) -> 0 | UQ11: =SUMPRODUCT(($W$10:$NO$10>=UE11)*($W$10:$NO$10<=UF11)*($W11:$NO11="1/8"&UQ$10))*0.125+SUMPRODUCT(($W$10:$NO$10>=UE11)*($W$10:$NO$10<=UF11)*($W11:$NO11="1/4"&UQ$10))*0.25+SUMPRODUCT(($W$10:$NO$10>=UE11)*($W$10:$NO$10<=UF11)*($W11:$NO11="1/2"&UQ$10))*0.5+SUMPRODUCT(($W$10:$NO$10>=UE11)*($W$10:$NO$10<=UF11)*($W11:$NO11=UQ$10)) -> 0 | UR11: =SUMPRODUCT(($W$10:$NO$10>=UE11)*($W$10:$NO$10<=UF11)*($W11:$NO11="1/8"&UR$10))*0.125+SUMPRODUCT(($W$10:$NO$10>=UE11)*($W$10:$NO$10<=UF11)*($W11:$NO11="1/4"&UR$10))*0.25+SUMPRODUCT(($W$10:$NO$10>=UE11)*($W$10:$NO$10<=UF11)*($W11:$NO11="1/2"&UR$10))*0.5+SUMPRODUCT(($W$10:$NO$10>=UE11)*($W$10:$NO$10<=UF11)*($W11:$NO11=UR$10)) -> 0 | US11: =SUMPRODUCT(($W$10:$NO$10>=UE11)*($W$10:$NO$10<=UF11)*($W11:$NO11="1/8"&US$10))*0.125+SUMPRODUCT(($W$10:$NO$10>=UE11)*($W$10:$NO$10<=UF11)*($W11:$NO11="1/4"&US$10))*0.25+SUMPRODUCT(($W$10:$NO$10>=UE11)*($W$10:$NO$10<=UF11)*($W11:$NO11="1/2"&US$10))*0.5+SUMPRODUCT(($W$10:$NO$10>=UE11)*($W$10:$NO$10<=UF11)*($W11:$NO11=US$10)) -> 0 | UT11: =SUMPRODUCT(($W$10:$NO$10>=UE11)*($W$10:$NO$10<=UF11)*($W11:$NO11="1/8"&UT$10))*0.125+SUMPRODUCT(($W$10:$NO$10>=UE11)*($W$10:$NO$10<=UF11)*($W11:$NO11="1/4"&UT$10))*0.25+SUMPRODUCT(($W$10:$NO$10>=UE11)*($W$10:$NO$10<=UF11)*($W11:$NO11="1/2"&UT$10))*0.5+SUMPRODUCT(($W$10:$NO$10>=UE11)*($W$10:$NO$10<=UF11)*($W11:$NO11=UT$10)) -> 0 | UU11: =SUMPRODUCT(($W$10:$NO$10>=UE11)*($W$10:$NO$10<=UF11)*($W11:$NO11="1/8"&UU$10))*0.125+SUMPRODUCT(($W$10:$NO$10>=UE11)*($W$10:$NO$10<=UF11)*($W11:$NO11="1/4"&UU$10))*0.25+SUMPRODUCT(($W$10:$NO$10>=UE11)*($W$10:$NO$10<=UF11)*($W11:$NO11="1/2"&UU$10))*0.5+SUMPRODUCT(($W$10:$NO$10>=UE11)*($W$10:$NO$10<=UF11)*($W11:$NO11=UU$10)) -> 0 | UV11: =SUMPRODUCT(($W$10:$NO$10>=UE11)*($W$10:$NO$10<=UF11)*($W11:$NO11="1/8"&UV$10))*0.125+SUMPRODUCT(($W$10:$NO$10>=UE11)*($W$10:$NO$10<=UF11)*($W11:$NO11="1/4"&UV$10))*0.25+SUMPRODUCT(($W$10:$NO$10>=UE11)*($W$10:$NO$10<=UF11)*($W11:$NO11="1/2"&UV$10))*0.5+SUMPRODUCT(($W$10:$NO$10>=UE11)*($W$10:$NO$10<=UF11)*($W11:$NO11=UV$10)) -> 0 | UW11: =UN11-SUM(UO11:UV11) -> 19 | UX11: =SUMPRODUCT(($W$10:$NO$10>=UY11)*($W$10:$NO$10<=UZ11)*($W11:$NO11=$V$4)) -> 0 | UY11: =IF($D11<>"",IF($D11<UY$9,UY$9,$D11),UY$9) -> 45139 | UZ11: =IF($E11<>"",IF($E11<UZ$9,$E11,UZ$9),UZ$9) -> 45169 | VA11: {=IFERROR(IF($H11<>"",SUM(IF(WEEKDAY(-1+ROW(INDIRECT("1:"&(UZ11-UY11)+1)),2)={1},1,0)),0),0)} -> 5 | VB11: {=IFERROR(IF($I11<>"",SUM(IF(WEEKDAY(-1+ROW(INDIRECT("1:"&(UZ11-UY11)+1)),2)={2},1,0)),0),0)} -> 4 | VC11: {=IFERROR(IF($J11<>"",SUM(IF(WEEKDAY(-1+ROW(INDIRECT("1:"&(UZ11-UY11)+1)),2)={3},1,0)),0),0)} -> 4 | VD11: {=IFERROR(IF($K11<>"",SUM(IF(WEEKDAY(-1+ROW(INDIRECT("1:"&(UZ11-UY11)+1)),2)={4},1,0)),0),0)} -> 4 | VE11: {=IFERROR(IF($L11<>"",SUM(IF(WEEKDAY(-1+ROW(INDIRECT("1:"&(UZ11-UY11)+1)),2)={5},1,0)),0),0)} -> 4 | VF11: {=IFERROR(IF($M11<>"",SUM(IF(WEEKDAY(-1+ROW(INDIRECT("1:"&(UZ11-UY11)+1)),2)={6},1,0)),0),0)} -> 0 | VG11: {=IFERROR(IF($N11<>"",SUM(IF(WEEKDAY(-1+ROW(INDIRECT("1:"&(UZ11-UY11)+1)),2)={7},1,0)),0),0)} -> 0 | VH11: =SUM(VA11:VG11)-UX11 -> 21 | VI11: =SUMPRODUCT(($W$10:$NO$10>=UY11)*($W$10:$NO$10<=UZ11)*($W11:$NO11="1/8"&VI$10))*0.125+SUMPRODUCT(($W$10:$NO$10>=UY11)*($W$10:$NO$10<=UZ11)*($W11:$NO11="1/4"&VI$10))*0.25+SUMPRODUCT(($W$10:$NO$10>=UY11)*($W$10:$NO$10<=UZ11)*($W11:$NO11="1/2"&VI$10))*0.5+SUMPRODUCT(($W$10:$NO$10>=UY11)*($W$10:$NO$10<=UZ11)*($W11:$NO11=VI$10)) -> 0 | VJ11: =SUMPRODUCT(($W$10:$NO$10>=UY11)*($W$10:$NO$10<=UZ11)*($W11:$NO11="1/8"&VJ$10))*0.125+SUMPRODUCT(($W$10:$NO$10>=UY11)*($W$10:$NO$10<=UZ11)*($W11:$NO11="1/4"&VJ$10))*0.25+SUMPRODUCT(($W$10:$NO$10>=UY11)*($W$10:$NO$10<=UZ11)*($W11:$NO11="1/2"&VJ$10))*0.5+SUMPRODUCT(($W$10:$NO$10>=UY11)*($W$10:$NO$10<=UZ11)*($W11:$NO11=VJ$10)) -> 0 | VK11: =SUMPRODUCT(($W$10:$NO$10>=UY11)*($W$10:$NO$10<=UZ11)*($W11:$NO11="1/8"&VK$10))*0.125+SUMPRODUCT(($W$10:$NO$10>=UY11)*($W$10:$NO$10<=UZ11)*($W11:$NO11="1/4"&VK$10))*0.25+SUMPRODUCT(($W$10:$NO$10>=UY11)*($W$10:$NO$10<=UZ11)*($W11:$NO11="1/2"&VK$10))*0.5+SUMPRODUCT(($W$10:$NO$10>=UY11)*($W$10:$NO$10<=UZ11)*($W11:$NO11=VK$10)) -> 0 | VL11: =SUMPRODUCT(($W$10:$NO$10>=UY11)*($W$10:$NO$10<=UZ11)*($W11:$NO11="1/8"&VL$10))*0.125+SUMPRODUCT(($W$10:$NO$10>=UY11)*($W$10:$NO$10<=UZ11)*($W11:$NO11="1/4"&VL$10))*0.25+SUMPRODUCT(($W$10:$NO$10>=UY11)*($W$10:$NO$10<=UZ11)*($W11:$NO11="1/2"&VL$10))*0.5+SUMPRODUCT(($W$10:$NO$10>=UY11)*($W$10:$NO$10<=UZ11)*($W11:$NO11=VL$10)) -> 0 | VM11: =SUMPRODUCT(($W$10:$NO$10>=UY11)*($W$10:$NO$10<=UZ11)*($W11:$NO11="1/8"&VM$10))*0.125+SUMPRODUCT(($W$10:$NO$10>=UY11)*($W$10:$NO$10<=UZ11)*($W11:$NO11="1/4"&VM$10))*0.25+SUMPRODUCT(($W$10:$NO$10>=UY11)*($W$10:$NO$10<=UZ11)*($W11:$NO11="1/2"&VM$10))*0.5+SUMPRODUCT(($W$10:$NO$10>=UY11)*($W$10:$NO$10<=UZ11)*($W11:$NO11=VM$10)) -> 0 | VN11: =SUMPRODUCT(($W$10:$NO$10>=UY11)*($W$10:$NO$10<=UZ11)*($W11:$NO11="1/8"&VN$10))*0.125+SUMPRODUCT(($W$10:$NO$10>=UY11)*($W$10:$NO$10<=UZ11)*($W11:$NO11="1/4"&VN$10))*0.25+SUMPRODUCT(($W$10:$NO$10>=UY11)*($W$10:$NO$10<=UZ11)*($W11:$NO11="1/2"&VN$10))*0.5+SUMPRODUCT(($W$10:$NO$10>=UY11)*($W$10:$NO$10<=UZ11)*($W11:$NO11=VN$10)) -> 0 | VO11: =SUMPRODUCT(($W$10:$NO$10>=UY11)*($W$10:$NO$10<=UZ11)*($W11:$NO11="1/8"&VO$10))*0.125+SUMPRODUCT(($W$10:$NO$10>=UY11)*($W$10:$NO$10<=UZ11)*($W11:$NO11="1/4"&VO$10))*0.25+SUMPRODUCT(($W$10:$NO$10>=UY11)*($W$10:$NO$10<=UZ11)*($W11:$NO11="1/2"&VO$10))*0.5+SUMPRODUCT(($W$10:$NO$10>=UY11)*($W$10:$NO$10<=UZ11)*($W11:$NO11=VO$10)) -> 0 | VP11: =SUMPRODUCT(($W$10:$NO$10>=UY11)*($W$10:$NO$10<=UZ11)*($W11:$NO11="1/8"&VP$10))*0.125+SUMPRODUCT(($W$10:$NO$10>=UY11)*($W$10:$NO$10<=UZ11)*($W11:$NO11="1/4"&VP$10))*0.25+SUMPRODUCT(($W$10:$NO$10>=UY11)*($W$10:$NO$10<=UZ11)*($W11:$NO11="1/2"&VP$10))*0.5+SUMPRODUCT(($W$10:$NO$10>=UY11)*($W$10:$NO$10<=UZ11)*($W11:$NO11=VP$10)) -> 0 | VQ11: =VH11-SUM(VI11:VP11) -> 21 | VR11: =SUMPRODUCT(($W$10:$NO$10>=VS11)*($W$10:$NO$10<=VT11)*($W11:$NO11=$V$4)) -> 0 | VS11: =IF($D11<>"",IF($D11<VS$9,VS$9,$D11),VS$9) -> 45170 | VT11: =IF($E11<>"",IF($E11<VT$9,$E11,VT$9),VT$9) -> 45199 | VU11: {=IFERROR(IF($H11<>"",SUM(IF(WEEKDAY(-1+ROW(INDIRECT("1:"&(VT11-VS11)+1)),2)={1},1,0)),0),0)} -> 4 | VV11: {=IFERROR(IF($I11<>"",SUM(IF(WEEKDAY(-1+ROW(INDIRECT("1:"&(VT11-VS11)+1)),2)={2},1,0)),0),0)} -> 4 | VW11: {=IFERROR(IF($J11<>"",SUM(IF(WEEKDAY(-1+ROW(INDIRECT("1:"&(VT11-VS11)+1)),2)={3},1,0)),0),0)} -> 4 | VX11: {=IFERROR(IF($K11<>"",SUM(IF(WEEKDAY(-1+ROW(INDIRECT("1:"&(VT11-VS11)+1)),2)={4},1,0)),0),0)} -> 4 | VY11: {=IFERROR(IF($L11<>"",SUM(IF(WEEKDAY(-1+ROW(INDIRECT("1:"&(VT11-VS11)+1)),2)={5},1,0)),0),0)} -> 4 | VZ11: {=IFERROR(IF($M11<>"",SUM(IF(WEEKDAY(-1+ROW(INDIRECT("1:"&(VT11-VS11)+1)),2)={6},1,0)),0),0)} -> 0 | WA11: {=IFERROR(IF($N11<>"",SUM(IF(WEEKDAY(-1+ROW(INDIRECT("1:"&(VT11-VS11)+1)),2)={7},1,0)),0),0)} -> 0 | WB11: =SUM(VU11:WA11)-VR11 -> 20 | WC11: =SUMPRODUCT(($W$10:$NO$10>=VS11)*($W$10:$NO$10<=VT11)*($W11:$NO11="1/8"&WC$10))*0.125+SUMPRODUCT(($W$10:$NO$10>=VS11)*($W$10:$NO$10<=VT11)*($W11:$NO11="1/4"&WC$10))*0.25+SUMPRODUCT(($W$10:$NO$10>=VS11)*($W$10:$NO$10<=VT11)*($W11:$NO11="1/2"&WC$10))*0.5+SUMPRODUCT(($W$10:$NO$10>=VS11)*($W$10:$NO$10<=VT11)*($W11:$NO11=WC$10)) -> 0 | WD11: =SUMPRODUCT(($W$10:$NO$10>=VS11)*($W$10:$NO$10<=VT11)*($W11:$NO11="1/8"&WD$10))*0.125+SUMPRODUCT(($W$10:$NO$10>=VS11)*($W$10:$NO$10<=VT11)*($W11:$NO11="1/4"&WD$10))*0.25+SUMPRODUCT(($W$10:$NO$10>=VS11)*($W$10:$NO$10<=VT11)*($W11:$NO11="1/2"&WD$10))*0.5+SUMPRODUCT(($W$10:$NO$10>=VS11)*($W$10:$NO$10<=VT11)*($W11:$NO11=WD$10)) -> 0 | WE11: =SUMPRODUCT(($W$10:$NO$10>=VS11)*($W$10:$NO$10<=VT11)*($W11:$NO11="1/8"&WE$10))*0.125+SUMPRODUCT(($W$10:$NO$10>=VS11)*($W$10:$NO$10<=VT11)*($W11:$NO11="1/4"&WE$10))*0.25+SUMPRODUCT(($W$10:$NO$10>=VS11)*($W$10:$NO$10<=VT11)*($W11:$NO11="1/2"&WE$10))*0.5+SUMPRODUCT(($W$10:$NO$10>=VS11)*($W$10:$NO$10<=VT11)*($W11:$NO11=WE$10)) -> 0 | WF11: =SUMPRODUCT(($W$10:$NO$10>=VS11)*($W$10:$NO$10<=VT11)*($W11:$NO11="1/8"&WF$10))*0.125+SUMPRODUCT(($W$10:$NO$10>=VS11)*($W$10:$NO$10<=VT11)*($W11:$NO11="1/4"&WF$10))*0.25+SUMPRODUCT(($W$10:$NO$10>=VS11)*($W$10:$NO$10<=VT11)*($W11:$NO11="1/2"&WF$10))*0.5+SUMPRODUCT(($W$10:$NO$10>=VS11)*($W$10:$NO$10<=VT11)*($W11:$NO11=WF$10)) -> 0 | WG11: =SUMPRODUCT(($W$10:$NO$10>=VS11)*($W$10:$NO$10<=VT11)*($W11:$NO11="1/8"&WG$10))*0.125+SUMPRODUCT(($W$10:$NO$10>=VS11)*($W$10:$NO$10<=VT11)*($W11:$NO11="1/4"&WG$10))*0.25+SUMPRODUCT(($W$10:$NO$10>=VS11)*($W$10:$NO$10<=VT11)*($W11:$NO11="1/2"&WG$10))*0.5+SUMPRODUCT(($W$10:$NO$10>=VS11)*($W$10:$NO$10<=VT11)*($W11:$NO11=WG$10)) -> 0 | WH11: =SUMPRODUCT(($W$10:$NO$10>=VS11)*($W$10:$NO$10<=VT11)*($W11:$NO11="1/8"&WH$10))*0.125+SUMPRODUCT(($W$10:$NO$10>=VS11)*($W$10:$NO$10<=VT11)*($W11:$NO11="1/4"&WH$10))*0.25+SUMPRODUCT(($W$10:$NO$10>=VS11)*($W$10:$NO$10<=VT11)*($W11:$NO11="1/2"&WH$10))*0.5+SUMPRODUCT(($W$10:$NO$10>=VS11)*($W$10:$NO$10<=VT11)*($W11:$NO11=WH$10)) -> 0 | WI11: =SUMPRODUCT(($W$10:$NO$10>=VS11)*($W$10:$NO$10<=VT11)*($W11:$NO11="1/8"&WI$10))*0.125+SUMPRODUCT(($W$10:$NO$10>=VS11)*($W$10:$NO$10<=VT11)*($W11:$NO11="1/4"&WI$10))*0.25+SUMPRODUCT(($W$10:$NO$10>=VS11)*($W$10:$NO$10<=VT11)*($W11:$NO11="1/2"&WI$10))*0.5+SUMPRODUCT(($W$10:$NO$10>=VS11)*($W$10:$NO$10<=VT11)*($W11:$NO11=WI$10)) -> 0 | WJ11: =SUMPRODUCT(($W$10:$NO$10>=VS11)*($W$10:$NO$10<=VT11)*($W11:$NO11="1/8"&WJ$10))*0.125+SUMPRODUCT(($W$10:$NO$10>=VS11)*($W$10:$NO$10<=VT11)*($W11:$NO11="1/4"&WJ$10))*0.25+SUMPRODUCT(($W$10:$NO$10>=VS11)*($W$10:$NO$10<=VT11)*($W11:$NO11="1/2"&WJ$10))*0.5+SUMPRODUCT(($W$10:$NO$10>=VS11)*($W$10:$NO$10<=VT11)*($W11:$NO11=WJ$10)) -> 0 | WK11: =WB11-SUM(WC11:WJ11) -> 20 | WL11: =SUMPRODUCT(($W$10:$NO$10>=WM11)*($W$10:$NO$10<=WN11)*($W11:$NO11=$V$4)) -> 3 | WM11: =IF($D11<>"",IF($D11<WM$9,WM$9,$D11),WM$9) -> 45200 | WN11: =IF($E11<>"",IF($E11<WN$9,$E11,WN$9),WN$9) -> 45230 | WO11: {=IFERROR(IF($H11<>"",SUM(IF(WEEKDAY(-1+ROW(INDIRECT("1:"&(WN11-WM11)+1)),2)={1},1,0)),0),0)} -> 5 | WP11: {=IFERROR(IF($I11<>"",SUM(IF(WEEKDAY(-1+ROW(INDIRECT("1:"&(WN11-WM11)+1)),2)={2},1,0)),0),0)} -> 4 | WQ11: {=IFERROR(IF($J11<>"",SUM(IF(WEEKDAY(-1+ROW(INDIRECT("1:"&(WN11-WM11)+1)),2)={3},1,0)),0),0)} -> 4 | WR11: {=IFERROR(IF($K11<>"",SUM(IF(WEEKDAY(-1+ROW(INDIRECT("1:"&(WN11-WM11)+1)),2)={4},1,0)),0),0)} -> 4 | WS11: {=IFERROR(IF($L11<>"",SUM(IF(WEEKDAY(-1+ROW(INDIRECT("1:"&(WN11-WM11)+1)),2)={5},1,0)),0),0)} -> 4 | WT11: {=IFERROR(IF($M11<>"",SUM(IF(WEEKDAY(-1+ROW(INDIRECT("1:"&(WN11-WM11)+1)),2)={6},1,0)),0),0)} -> 0 | WU11: {=IFERROR(IF($N11<>"",SUM(IF(WEEKDAY(-1+ROW(INDIRECT("1:"&(WN11-WM11)+1)),2)={7},1,0)),0),0)} -> 0 | WV11: =SUM(WO11:WU11)-WL11 -> 18 | WW11: =SUMPRODUCT(($W$10:$NO$10>=WM11)*($W$10:$NO$10<=WN11)*($W11:$NO11="1/8"&WW$10))*0.125+SUMPRODUCT(($W$10:$NO$10>=WM11)*($W$10:$NO$10<=WN11)*($W11:$NO11="1/4"&WW$10))*0.25+SUMPRODUCT(($W$10:$NO$10>=WM11)*($W$10:$NO$10<=WN11)*($W11:$NO11="1/2"&WW$10))*0.5+SUMPRODUCT(($W$10:$NO$10>=WM11)*($W$10:$NO$10<=WN11)*($W11:$NO11=WW$10)) -> 0 | WX11: =SUMPRODUCT(($W$10:$NO$10>=WM11)*($W$10:$NO$10<=WN11)*($W11:$NO11="1/8"&WX$10))*0.125+SUMPRODUCT(($W$10:$NO$10>=WM11)*($W$10:$NO$10<=WN11)*($W11:$NO11="1/4"&WX$10))*0.25+SUMPRODUCT(($W$10:$NO$10>=WM11)*($W$10:$NO$10<=WN11)*($W11:$NO11="1/2"&WX$10))*0.5+SUMPRODUCT(($W$10:$NO$10>=WM11)*($W$10:$NO$10<=WN11)*($W11:$NO11=WX$10)) -> 0 | WY11: =SUMPRODUCT(($W$10:$NO$10>=WM11)*($W$10:$NO$10<=WN11)*($W11:$NO11="1/8"&WY$10))*0.125+SUMPRODUCT(($W$10:$NO$10>=WM11)*($W$10:$NO$10<=WN11)*($W11:$NO11="1/4"&WY$10))*0.25+SUMPRODUCT(($W$10:$NO$10>=WM11)*($W$10:$NO$10<=WN11)*($W11:$NO11="1/2"&WY$10))*0.5+SUMPRODUCT(($W$10:$NO$10>=WM11)*($W$10:$NO$10<=WN11)*($W11:$NO11=WY$10)) -> 0 | WZ11: =SUMPRODUCT(($W$10:$NO$10>=WM11)*($W$10:$NO$10<=WN11)*($W11:$NO11="1/8"&WZ$10))*0.125+SUMPRODUCT(($W$10:$NO$10>=WM11)*($W$10:$NO$10<=WN11)*($W11:$NO11="1/4"&WZ$10))*0.25+SUMPRODUCT(($W$10:$NO$10>=WM11)*($W$10:$NO$10<=WN11)*($W11:$NO11="1/2"&WZ$10))*0.5+SUMPRODUCT(($W$10:$NO$10>=WM11)*($W$10:$NO$10<=WN11)*($W11:$NO11=WZ$10)) -> 0 | XA11: =SUMPRODUCT(($W$10:$NO$10>=WM11)*($W$10:$NO$10<=WN11)*($W11:$NO11="1/8"&XA$10))*0.125+SUMPRODUCT(($W$10:$NO$10>=WM11)*($W$10:$NO$10<=WN11)*($W11:$NO11="1/4"&XA$10))*0.25+SUMPRODUCT(($W$10:$NO$10>=WM11)*($W$10:$NO$10<=WN11)*($W11:$NO11="1/2"&XA$10))*0.5+SUMPRODUCT(($W$10:$NO$10>=WM11)*($W$10:$NO$10<=WN11)*($W11:$NO11=XA$10)) -> 0 | XB11: =SUMPRODUCT(($W$10:$NO$10>=WM11)*($W$10:$NO$10<=WN11)*($W11:$NO11="1/8"&XB$10))*0.125+SUMPRODUCT(($W$10:$NO$10>=WM11)*($W$10:$NO$10<=WN11)*($W11:$NO11="1/4"&XB$10))*0.25+SUMPRODUCT(($W$10:$NO$10>=WM11)*($W$10:$NO$10<=WN11)*($W11:$NO11="1/2"&XB$10))*0.5+SUMPRODUCT(($W$10:$NO$10>=WM11)*($W$10:$NO$10<=WN11)*($W11:$NO11=XB$10)) -> 0 | XC11: =SUMPRODUCT(($W$10:$NO$10>=WM11)*($W$10:$NO$10<=WN11)*($W11:$NO11="1/8"&XC$10))*0.125+SUMPRODUCT(($W$10:$NO$10>=WM11)*($W$10:$NO$10<=WN11)*($W11:$NO11="1/4"&XC$10))*0.25+SUMPRODUCT(($W$10:$NO$10>=WM11)*($W$10:$NO$10<=WN11)*($W11:$NO11="1/2"&XC$10))*0.5+SUMPRODUCT(($W$10:$NO$10>=WM11)*($W$10:$NO$10<=WN11)*($W11:$NO11=XC$10)) -> 0 | XD11: =SUMPRODUCT(($W$10:$NO$10>=WM11)*($W$10:$NO$10<=WN11)*($W11:$NO11="1/8"&XD$10))*0.125+SUMPRODUCT(($W$10:$NO$10>=WM11)*($W$10:$NO$10<=WN11)*($W11:$NO11="1/4"&XD$10))*0.25+SUMPRODUCT(($W$10:$NO$10>=WM11)*($W$10:$NO$10<=WN11)*($W11:$NO11="1/2"&XD$10))*0.5+SUMPRODUCT(($W$10:$NO$10>=WM11)*($W$10:$NO$10<=WN11)*($W11:$NO11=XD$10)) -> 0 | XE11: =WV11-SUM(WW11:XD11) -> 18 | XF11: =SUMPRODUCT(($W$10:$NO$10>=XG11)*($W$10:$NO$10<=XH11)*($W11:$NO11=$V$4)) -> 0 | XG11: =IF($D11<>"",IF($D11<XG$9,XG$9,$D11),XG$9) -> 45231 | XH11: =IF($E11<>"",IF($E11<XH$9,$E11,XH$9),XH$9) -> 45260 | XI11: {=IFERROR(IF($H11<>"",SUM(IF(WEEKDAY(-1+ROW(INDIRECT("1:"&(XH11-XG11)+1)),2)={1},1,0)),0),0)} -> 4 | XJ11: {=IFERROR(IF($I11<>"",SUM(IF(WEEKDAY(-1+ROW(INDIRECT("1:"&(XH11-XG11)+1)),2)={2},1,0)),0),0)} -> 4 | XK11: {=IFERROR(IF($J11<>"",SUM(IF(WEEKDAY(-1+ROW(INDIRECT("1:"&(XH11-XG11)+1)),2)={3},1,0)),0),0)} -> 4 | XL11: {=IFERROR(IF($K11<>"",SUM(IF(WEEKDAY(-1+ROW(INDIRECT("1:"&(XH11-XG11)+1)),2)={4},1,0)),0),0)} -> 4 | XM11: {=IFERROR(IF($L11<>"",SUM(IF(WEEKDAY(-1+ROW(INDIRECT("1:"&(XH11-XG11)+1)),2)={5},1,0)),0),0)} -> 4 | XN11: {=IFERROR(IF($M11<>"",SUM(IF(WEEKDAY(-1+ROW(INDIRECT("1:"&(XH11-XG11)+1)),2)={6},1,0)),0),0)} -> 0 | XO11: {=IFERROR(IF($N11<>"",SUM(IF(WEEKDAY(-1+ROW(INDIRECT("1:"&(XH11-XG11)+1)),2)={7},1,0)),0),0)} -> 0 | XP11: =SUM(XI11:XO11)-XF11 -> 20 | XQ11: =SUMPRODUCT(($W$10:$NO$10>=XG11)*($W$10:$NO$10<=XH11)*($W11:$NO11="1/8"&XQ$10))*0.125+SUMPRODUCT(($W$10:$NO$10>=XG11)*($W$10:$NO$10<=XH11)*($W11:$NO11="1/4"&XQ$10))*0.25+SUMPRODUCT(($W$10:$NO$10>=XG11)*($W$10:$NO$10<=XH11)*($W11:$NO11="1/2"&XQ$10))*0.5+SUMPRODUCT(($W$10:$NO$10>=XG11)*($W$10:$NO$10<=XH11)*($W11:$NO11=XQ$10)) -> 0 | XR11: =SUMPRODUCT(($W$10:$NO$10>=XG11)*($W$10:$NO$10<=XH11)*($W11:$NO11="1/8"&XR$10))*0.125+SUMPRODUCT(($W$10:$NO$10>=XG11)*($W$10:$NO$10<=XH11)*($W11:$NO11="1/4"&XR$10))*0.25+SUMPRODUCT(($W$10:$NO$10>=XG11)*($W$10:$NO$10<=XH11)*($W11:$NO11="1/2"&XR$10))*0.5+SUMPRODUCT(($W$10:$NO$10>=XG11)*($W$10:$NO$10<=XH11)*($W11:$NO11=XR$10)) -> 0 | XS11: =SUMPRODUCT(($W$10:$NO$10>=XG11)*($W$10:$NO$10<=XH11)*($W11:$NO11="1/8"&XS$10))*0.125+SUMPRODUCT(($W$10:$NO$10>=XG11)*($W$10:$NO$10<=XH11)*($W11:$NO11="1/4"&XS$10))*0.25+SUMPRODUCT(($W$10:$NO$10>=XG11)*($W$10:$NO$10<=XH11)*($W11:$NO11="1/2"&XS$10))*0.5+SUMPRODUCT(($W$10:$NO$10>=XG11)*($W$10:$NO$10<=XH11)*($W11:$NO11=XS$10)) -> 0 | XT11: =SUMPRODUCT(($W$10:$NO$10>=XG11)*($W$10:$NO$10<=XH11)*($W11:$NO11="1/8"&XT$10))*0.125+SUMPRODUCT(($W$10:$NO$10>=XG11)*($W$10:$NO$10<=XH11)*($W11:$NO11="1/4"&XT$10))*0.25+SUMPRODUCT(($W$10:$NO$10>=XG11)*($W$10:$NO$10<=XH11)*($W11:$NO11="1/2"&XT$10))*0.5+SUMPRODUCT(($W$10:$NO$10>=XG11)*($W$10:$NO$10<=XH11)*($W11:$NO11=XT$10)) -> 0 | XU11: =SUMPRODUCT(($W$10:$NO$10>=XG11)*($W$10:$NO$10<=XH11)*($W11:$NO11="1/8"&XU$10))*0.125+SUMPRODUCT(($W$10:$NO$10>=XG11)*($W$10:$NO$10<=XH11)*($W11:$NO11="1/4"&XU$10))*0.25+SUMPRODUCT(($W$10:$NO$10>=XG11)*($W$10:$NO$10<=XH11)*($W11:$NO11="1/2"&XU$10))*0.5+SUMPRODUCT(($W$10:$NO$10>=XG11)*($W$10:$NO$10<=XH11)*($W11:$NO11=XU$10)) -> 0 | XV11: =SUMPRODUCT(($W$10:$NO$10>=XG11)*($W$10:$NO$10<=XH11)*($W11:$NO11="1/8"&XV$10))*0.125+SUMPRODUCT(($W$10:$NO$10>=XG11)*($W$10:$NO$10<=XH11)*($W11:$NO11="1/4"&XV$10))*0.25+SUMPRODUCT(($W$10:$NO$10>=XG11)*($W$10:$NO$10<=XH11)*($W11:$NO11="1/2"&XV$10))*0.5+SUMPRODUCT(($W$10:$NO$10>=XG11)*($W$10:$NO$10<=XH11)*($W11:$NO11=XV$10)) -> 0 | XW11: =SUMPRODUCT(($W$10:$NO$10>=XG11)*($W$10:$NO$10<=XH11)*($W11:$NO11="1/8"&XW$10))*0.125+SUMPRODUCT(($W$10:$NO$10>=XG11)*($W$10:$NO$10<=XH11)*($W11:$NO11="1/4"&XW$10))*0.25+SUMPRODUCT(($W$10:$NO$10>=XG11)*($W$10:$NO$10<=XH11)*($W11:$NO11="1/2"&XW$10))*0.5+SUMPRODUCT(($W$10:$NO$10>=XG11)*($W$10:$NO$10<=XH11)*($W11:$NO11=XW$10)) -> 0 | XX11: =SUMPRODUCT(($W$10:$NO$10>=XG11)*($W$10:$NO$10<=XH11)*($W11:$NO11="1/8"&XX$10))*0.125+SUMPRODUCT(($W$10:$NO$10>=XG11)*($W$10:$NO$10<=XH11)*($W11:$NO11="1/4"&XX$10))*0.25+SUMPRODUCT(($W$10:$NO$10>=XG11)*($W$10:$NO$10<=XH11)*($W11:$NO11="1/2"&XX$10))*0.5+SUMPRODUCT(($W$10:$NO$10>=XG11)*($W$10:$NO$10<=XH11)*($W11:$NO11=XX$10)) -> 0 | XY11: =XP11-SUM(XQ11:XX11) -> 20 | XZ11: =SUMPRODUCT(($W$10:$NO$10>=YA11)*($W$10:$NO$10<=YB11)*($W11:$NO11=$V$4)) -> 1 | YA11: =IF($D11<>"",IF($D11<YA$9,YA$9,$D11),YA$9) -> 45261 | YB11: =IF($E11<>"",IF($E11<YB$9,$E11,YB$9),YB$9) -> 45291 | YC11: {=IFERROR(IF($H11<>"",SUM(IF(WEEKDAY(-1+ROW(INDIRECT("1:"&(YB11-YA11)+1)),2)={1},1,0)),0),0)} -> 5 | YD11: {=IFERROR(IF($I11<>"",SUM(IF(WEEKDAY(-1+ROW(INDIRECT("1:"&(YB11-YA11)+1)),2)={2},1,0)),0),0)} -> 4 | YE11: {=IFERROR(IF($J11<>"",SUM(IF(WEEKDAY(-1+ROW(INDIRECT("1:"&(YB11-YA11)+1)),2)={3},1,0)),0),0)} -> 4 | YF11: {=IFERROR(IF($K11<>"",SUM(IF(WEEKDAY(-1+ROW(INDIRECT("1:"&(YB11-YA11)+1)),2)={4},1,0)),0),0)} -> 4 | YG11: {=IFERROR(IF($L11<>"",SUM(IF(WEEKDAY(-1+ROW(INDIRECT("1:"&(YB11-YA11)+1)),2)={5},1,0)),0),0)} -> 4 | YH11: {=IFERROR(IF($M11<>"",SUM(IF(WEEKDAY(-1+ROW(INDIRECT("1:"&(YB11-YA11)+1)),2)={6},1,0)),0),0)} -> 0 | YI11: {=IFERROR(IF($N11<>"",SUM(IF(WEEKDAY(-1+ROW(INDIRECT("1:"&(YB11-YA11)+1)),2)={7},1,0)),0),0)} -> 0 | YJ11: =SUM(YC11:YI11)-XZ11 -> 20 | YK11: =SUMPRODUCT(($W$10:$NO$10>=YA11)*($W$10:$NO$10<=YB11)*($W11:$NO11="1/8"&YK$10))*0.125+SUMPRODUCT(($W$10:$NO$10>=YA11)*($W$10:$NO$10<=YB11)*($W11:$NO11="1/4"&YK$10))*0.25+SUMPRODUCT(($W$10:$NO$10>=YA11)*($W$10:$NO$10<=YB11)*($W11:$NO11="1/2"&YK$10))*0.5+SUMPRODUCT(($W$10:$NO$10>=YA11)*($W$10:$NO$10<=YB11)*($W11:$NO11=YK$10)) -> 0 | YL11: =SUMPRODUCT(($W$10:$NO$10>=YA11)*($W$10:$NO$10<=YB11)*($W11:$NO11="1/8"&YL$10))*0.125+SUMPRODUCT(($W$10:$NO$10>=YA11)*($W$10:$NO$10<=YB11)*($W11:$NO11="1/4"&YL$10))*0.25+SUMPRODUCT(($W$10:$NO$10>=YA11)*($W$10:$NO$10<=YB11)*($W11:$NO11="1/2"&YL$10))*0.5+SUMPRODUCT(($W$10:$NO$10>=YA11)*($W$10:$NO$10<=YB11)*($W11:$NO11=YL$10)) -> 0 | YM11: =SUMPRODUCT(($W$10:$NO$10>=YA11)*($W$10:$NO$10<=YB11)*($W11:$NO11="1/8"&YM$10))*0.125+SUMPRODUCT(($W$10:$NO$10>=YA11)*($W$10:$NO$10<=YB11)*($W11:$NO11="1/4"&YM$10))*0.25+SUMPRODUCT(($W$10:$NO$10>=YA11)*($W$10:$NO$10<=YB11)*($W11:$NO11="1/2"&YM$10))*0.5+SUMPRODUCT(($W$10:$NO$10>=YA11)*($W$10:$NO$10<=YB11)*($W11:$NO11=YM$10)) -> 0 | YN11: =SUMPRODUCT(($W$10:$NO$10>=YA11)*($W$10:$NO$10<=YB11)*($W11:$NO11="1/8"&YN$10))*0.125+SUMPRODUCT(($W$10:$NO$10>=YA11)*($W$10:$NO$10<=YB11)*($W11:$NO11="1/4"&YN$10))*0.25+SUMPRODUCT(($W$10:$NO$10>=YA11)*($W$10:$NO$10<=YB11)*($W11:$NO11="1/2"&YN$10))*0.5+SUMPRODUCT(($W$10:$NO$10>=YA11)*($W$10:$NO$10<=YB11)*($W11:$NO11=YN$10)) -> 0 | YO11: =SUMPRODUCT(($W$10:$NO$10>=YA11)*($W$10:$NO$10<=YB11)*($W11:$NO11="1/8"&YO$10))*0.125+SUMPRODUCT(($W$10:$NO$10>=YA11)*($W$10:$NO$10<=YB11)*($W11:$NO11="1/4"&YO$10))*0.25+SUMPRODUCT(($W$10:$NO$10>=YA11)*($W$10:$NO$10<=YB11)*($W11:$NO11="1/2"&YO$10))*0.5+SUMPRODUCT(($W$10:$NO$10>=YA11)*($W$10:$NO$10<=YB11)*($W11:$NO11=YO$10)) -> 0 | YP11: =SUMPRODUCT(($W$10:$NO$10>=YA11)*($W$10:$NO$10<=YB11)*($W11:$NO11="1/8"&YP$10))*0.125+SUMPRODUCT(($W$10:$NO$10>=YA11)*($W$10:$NO$10<=YB11)*($W11:$NO11="1/4"&YP$10))*0.25+SUMPRODUCT(($W$10:$NO$10>=YA11)*($W$10:$NO$10<=YB11)*($W11:$NO11="1/2"&YP$10))*0.5+SUMPRODUCT(($W$10:$NO$10>=YA11)*($W$10:$NO$10<=YB11)*($W11:$NO11=YP$10)) -> 0 | YQ11: =SUMPRODUCT(($W$10:$NO$10>=YA11)*($W$10:$NO$10<=YB11)*($W11:$NO11="1/8"&YQ$10))*0.125+SUMPRODUCT(($W$10:$NO$10>=YA11)*($W$10:$NO$10<=YB11)*($W11:$NO11="1/4"&YQ$10))*0.25+SUMPRODUCT(($W$10:$NO$10>=YA11)*($W$10:$NO$10<=YB11)*($W11:$NO11="1/2"&YQ$10))*0.5+SUMPRODUCT(($W$10:$NO$10>=YA11)*($W$10:$NO$10<=YB11)*($W11:$NO11=YQ$10)) -> 0 | YR11: =SUMPRODUCT(($W$10:$NO$10>=YA11)*($W$10:$NO$10<=YB11)*($W11:$NO11="1/8"&YR$10))*0.125+SUMPRODUCT(($W$10:$NO$10>=YA11)*($W$10:$NO$10<=YB11)*($W11:$NO11="1/4"&YR$10))*0.25+SUMPRODUCT(($W$10:$NO$10>=YA11)*($W$10:$NO$10<=YB11)*($W11:$NO11="1/2"&YR$10))*0.5+SUMPRODUCT(($W$10:$NO$10>=YA11)*($W$10:$NO$10<=YB11)*($W11:$NO11=YR$10)) -> 0 | YS11: =YJ11-SUM(YK11:YR11) -> 20
B12: 2 | C12: John Doe 2 | D12: 41985 | E12: 42128 | F12: Marketing | G12: 8 | H12: v | I12: v | J12: v | K12: v | L12: v | BB12: R | DM12: R | GS12: R | GT12: R | GZ12: R | HX12: R | KX12: R | LA12: R | LI12: R | NE12: R | NY12: =COUNTIF($W12:$NX12,"1/8"&NY$10)*0.125+COUNTIF($W12:$NX12,"1/4"&NY$10)*0.25+COUNTIF($W12:$NX12,"1/2"&NY$10)*0.5+COUNTIF($W12:$NX12,NY$10) -> 0 | NZ12: =COUNTIF($W12:$NX12,"1/8"&NZ$10)*0.125+COUNTIF($W12:$NX12,"1/4"&NZ$10)*0.25+COUNTIF($W12:$NX12,"1/2"&NZ$10)*0.5+COUNTIF($W12:$NX12,NZ$10) -> 0 | OA12: =COUNTIF($W12:$NX12,"1/8"&OA$10)*0.125+COUNTIF($W12:$NX12,"1/4"&OA$10)*0.25+COUNTIF($W12:$NX12,"1/2"&OA$10)*0.5+COUNTIF($W12:$NX12,OA$10) -> 0 | OB12: =COUNTIF($W12:$NX12,"1/8"&OB$10)*0.125+COUNTIF($W12:$NX12,"1/4"&OB$10)*0.25+COUNTIF($W12:$NX12,"1/2"&OB$10)*0.5+COUNTIF($W12:$NX12,OB$10) -> 0 | OC12: =COUNTIF($W12:$NX12,"1/8"&OC$10)*0.125+COUNTIF($W12:$NX12,"1/4"&OC$10)*0.25+COUNTIF($W12:$NX12,"1/2"&OC$10)*0.5+COUNTIF($W12:$NX12,OC$10) -> 0 | OD12: =COUNTIF($W12:$NX12,"1/8"&OD$10)*0.125+COUNTIF($W12:$NX12,"1/4"&OD$10)*0.25+COUNTIF($W12:$NX12,"1/2"&OD$10)*0.5+COUNTIF($W12:$NX12,OD$10) -> 0 | OE12: =COUNTIF($W12:$NX12,"1/8"&OE$10)*0.125+COUNTIF($W12:$NX12,"1/4"&OE$10)*0.25+COUNTIF($W12:$NX12,"1/2"&OE$10)*0.5+COUNTIF($W12:$NX12,OE$10) -> 0 | OF12: =COUNTIF($W12:$NX12,"1/8"&OF$10)*0.125+COUNTIF($W12:$NX12,"1/4"&OF$10)*0.25+COUNTIF($W12:$NX12,"1/2"&OF$10)*0.5+COUNTIF($W12:$NX12,OF$10) -> 0 | OG12: =O12-NY12 -> 0 | OH12: =P12-NZ12 -> 0 | OI12: =Q12-OA12 -> 0 | OJ12: =R12-OB12 -> 0 | OK12: =S12-OC12 -> 0 | OL12: =T12-OD12 -> 0 | OM12: =U12-OE12 -> 0 | ON12: =V12-OF12 -> 0 | OO12: =PL12 -> 0 | OP12: =OO12-SUM(NY12:OF12) -> 0 | PB12: =SUMPRODUCT(($W$10:$NO$10>=PC12)*($W$10:$NO$10<=PD12)*($W12:$NO12=$V$4)) -> 0 | PC12: =IF(D12<>"",IF(D12<$W$10,$W$10,D12),$W$10) -> 44927 | PD12: =IF(E12<>"",IF(E12<$OP$10,E12,$OP$10),$OP$10) -> 42128 | PE12: =IFERROR(IF(H12<>"",SUMPRODUCT(($W$9:$NW$9>=$PC12)*($W$9:$NW$9<=$PD12)*(WEEKDAY($W$9:$NW$9)=2)),0),0) -> 0 | PF12: =IFERROR(IF(I12<>"",SUMPRODUCT(($W$9:$NW$9>=$PC12)*($W$9:$NW$9<=$PD12)*(WEEKDAY($W$9:$NW$9)=3)),0),0) -> 0 | PG12: =IFERROR(IF(J12<>"",SUMPRODUCT(($W$9:$NW$9>=$PC12)*($W$9:$NW$9<=$PD12)*(WEEKDAY($W$9:$NW$9)=4)),0),0) -> 0 | PH12: =IFERROR(IF(K12<>"",SUMPRODUCT(($W$9:$NW$9>=$PC12)*($W$9:$NW$9<=$PD12)*(WEEKDAY($W$9:$NW$9)=5)),0),0) -> 0 | PI12: =IFERROR(IF(L12<>"",SUMPRODUCT(($W$9:$NW$9>=$PC12)*($W$9:$NW$9<=$PD12)*(WEEKDAY($W$9:$NW$9)=6)),0),0) -> 0 | PJ12: =IFERROR(IF(M12<>"",SUMPRODUCT(($W$9:$NW$9>=$PC12)*($W$9:$NW$9<=$PD12)*(WEEKDAY($W$9:$NW$9)=7)),0),0) -> 0 | PK12: =IFERROR(IF(N12<>"",SUMPRODUCT(($W$9:$NW$9>=$PC12)*($W$9:$NW$9<=$PD12)*(WEEKDAY($W$9:$NW$9)=8)),0),0) -> 0 | PL12: =SUM(PE12:PK12)-PB12 -> 0 | PM12: =PL12-SUM(NY12:OF12) -> 0 | PN12: =SUMPRODUCT(($W$10:$NO$10>=PO12)*($W$10:$NO$10<=PP12)*($W12:$NO12=$V$4)) -> 0 | PO12: =IF($D12<>"",IF($D12<PO$9,PO$9,$D12),PO$9) -> 44927 | PP12: =IF($E12<>"",IF($E12<PP$9,$E12,PP$9),PP$9) -> 42128 | PQ12: {=IFERROR(IF($H12<>"",SUM(IF(WEEKDAY(-1+ROW(INDIRECT("1:"&(PP12-PO12)+1)),2)={1},1,0)),0),0)} -> 0 | PR12: {=IFERROR(IF($I12<>"",SUM(IF(WEEKDAY(-1+ROW(INDIRECT("1:"&(PP12-PO12)+1)),2)={2},1,0)),0),0)} -> 0 | PS12: {=IFERROR(IF($J12<>"",SUM(IF(WEEKDAY(-1+ROW(INDIRECT("1:"&(PP12-PO12)+1)),2)={3},1,0)),0),0)} -> 0 | PT12: {=IFERROR(IF($K12<>"",SUM(IF(WEEKDAY(-1+ROW(INDIRECT("1:"&(PP12-PO12)+1)),2)={4},1,0)),0),0)} -> 0 | PU12: {=IFERROR(IF($L12<>"",SUM(IF(WEEKDAY(-1+ROW(INDIRECT("1:"&(PP12-PO12)+1)),2)={5},1,0)),0),0)} -> 0 | PV12: {=IFERROR(IF($M12<>"",SUM(IF(WEEKDAY(-1+ROW(INDIRECT("1:"&(PP12-PO12)+1)),2)={6},1,0)),0),0)} -> 0 | PW12: {=IFERROR(IF($N12<>"",SUM(IF(WEEKDAY(-1+ROW(INDIRECT("1:"&(PP12-PO12)+1)),2)={7},1,0)),0),0)} -> 0 | PX12: =SUM(PQ12:PW12)-PN12 -> 0 | PY12: =SUMPRODUCT(($W$10:$NO$10>=PO12)*($W$10:$NO$10<=PP12)*($W12:$NO12="1/8"&PY$10))*0.125+SUMPRODUCT(($W$10:$NO$10>=PO12)*($W$10:$NO$10<=PP12)*($W12:$NO12="1/4"&PY$10))*0.25+SUMPRODUCT(($W$10:$NO$10>=PO12)*($W$10:$NO$10<=PP12)*($W12:$NO12="1/2"&PY$10))*0.5+SUMPRODUCT(($W$10:$NO$10>=PO12)*($W$10:$NO$10<=PP12)*($W12:$NO12=PY$10)) -> 0 | PZ12: =SUMPRODUCT(($W$10:$NO$10>=PO12)*($W$10:$NO$10<=PP12)*($W12:$NO12="1/8"&PZ$10))*0.125+SUMPRODUCT(($W$10:$NO$10>=PO12)*($W$10:$NO$10<=PP12)*($W12:$NO12="1/4"&PZ$10))*0.25+SUMPRODUCT(($W$10:$NO$10>=PO12)*($W$10:$NO$10<=PP12)*($W12:$NO12="1/2"&PZ$10))*0.5+SUMPRODUCT(($W$10:$NO$10>=PO12)*($W$10:$NO$10<=PP12)*($W12:$NO12=PZ$10)) -> 0 | QA12: =SUMPRODUCT(($W$10:$NO$10>=PO12)*($W$10:$NO$10<=PP12)*($W12:$NO12="1/8"&QA$10))*0.125+SUMPRODUCT(($W$10:$NO$10>=PO12)*($W$10:$NO$10<=PP12)*($W12:$NO12="1/4"&QA$10))*0.25+SUMPRODUCT(($W$10:$NO$10>=PO12)*($W$10:$NO$10<=PP12)*($W12:$NO12="1/2"&QA$10))*0.5+SUMPRODUCT(($W$10:$NO$10>=PO12)*($W$10:$NO$10<=PP12)*($W12:$NO12=QA$10)) -> 0 | QB12: =SUMPRODUCT(($W$10:$NO$10>=PO12)*($W$10:$NO$10<=PP12)*($W12:$NO12="1/8"&QB$10))*0.125+SUMPRODUCT(($W$10:$NO$10>=PO12)*($W$10:$NO$10<=PP12)*($W12:$NO12="1/4"&QB$10))*0.25+SUMPRODUCT(($W$10:$NO$10>=PO12)*($W$10:$NO$10<=PP12)*($W12:$NO12="1/2"&QB$10))*0.5+SUMPRODUCT(($W$10:$NO$10>=PO12)*($W$10:$NO$10<=PP12)*($W12:$NO12=QB$10)) -> 0 | QC12: =SUMPRODUCT(($W$10:$NO$10>=PO12)*($W$10:$NO$10<=PP12)*($W12:$NO12="1/8"&QC$10))*0.125+SUMPRODUCT(($W$10:$NO$10>=PO12)*($W$10:$NO$10<=PP12)*($W12:$NO12="1/4"&QC$10))*0.25+SUMPRODUCT(($W$10:$NO$10>=PO12)*($W$10:$NO$10<=PP12)*($W12:$NO12="1/2"&QC$10))*0.5+SUMPRODUCT(($W$10:$NO$10>=PO12)*($W$10:$NO$10<=PP12)*($W12:$NO12=QC$10)) -> 0 | QD12: =SUMPRODUCT(($W$10:$NO$10>=PO12)*($W$10:$NO$10<=PP12)*($W12:$NO12="1/8"&QD$10))*0.125+SUMPRODUCT(($W$10:$NO$10>=PO12)*($W$10:$NO$10<=PP12)*($W12:$NO12="1/4"&QD$10))*0.25+SUMPRODUCT(($W$10:$NO$10>=PO12)*($W$10:$NO$10<=PP12)*($W12:$NO12="1/2"&QD$10))*0.5+SUMPRODUCT(($W$10:$NO$10>=PO12)*($W$10:$NO$10<=PP12)*($W12:$NO12=QD$10)) -> 0 | QE12: =SUMPRODUCT(($W$10:$NO$10>=PO12)*($W$10:$NO$10<=PP12)*($W12:$NO12="1/8"&QE$10))*0.125+SUMPRODUCT(($W$10:$NO$10>=PO12)*($W$10:$NO$10<=PP12)*($W12:$NO12="1/4"&QE$10))*0.25+SUMPRODUCT(($W$10:$NO$10>=PO12)*($W$10:$NO$10<=PP12)*($W12:$NO12="1/2"&QE$10))*0.5+SUMPRODUCT(($W$10:$NO$10>=PO12)*($W$10:$NO$10<=PP12)*($W12:$NO12=QE$10)) -> 0 | QF12: =SUMPRODUCT(($W$10:$NO$10>=PO12)*($W$10:$NO$10<=PP12)*($W12:$NO12="1/8"&QF$10))*0.125+SUMPRODUCT(($W$10:$NO$10>=PO12)*($W$10:$NO$10<=PP12)*($W12:$NO12="1/4"&QF$10))*0.25+SUMPRODUCT(($W$10:$NO$10>=PO12)*($W$10:$NO$10<=PP12)*($W12:$NO12="1/2"&QF$10))*0.5+SUMPRODUCT(($W$10:$NO$10>=PO12)*($W$10:$NO$10<=PP12)*($W12:$NO12=QF$10)) -> 0 | QG12: =PX12-SUM(PY12:QF12) -> 0 | QH12: =SUMPRODUCT(($W$10:$NO$10>=QI12)*($W$10:$NO$10<=QJ12)*($W12:$NO12=$V$4)) -> 0 | QI12: =IF($D12<>"",IF($D12<QI$9,QI$9,$D12),QI$9) -> 44958 | QJ12: =IF($E12<>"",IF($E12<QJ$9,$E12,QJ$9),QJ$9) -> 42128 | QK12: {=IFERROR(IF($H12<>"",SUM(IF(WEEKDAY(-1+ROW(INDIRECT("1:"&(QJ12-QI12)+1)),2)={1},1,0)),0),0)} -> 0 | QL12: {=IFERROR(IF($I12<>"",SUM(IF(WEEKDAY(-1+ROW(INDIRECT("1:"&(QJ12-QI12)+1)),2)={2},1,0)),0),0)} -> 0 | QM12: {=IFERROR(IF($J12<>"",SUM(IF(WEEKDAY(-1+ROW(INDIRECT("1:"&(QJ12-QI12)+1)),2)={3},1,0)),0),0)} -> 0 | QN12: {=IFERROR(IF($K12<>"",SUM(IF(WEEKDAY(-1+ROW(INDIRECT("1:"&(QJ12-QI12)+1)),2)={4},1,0)),0),0)} -> 0 | QO12: {=IFERROR(IF($L12<>"",SUM(IF(WEEKDAY(-1+ROW(INDIRECT("1:"&(QJ12-QI12)+1)),2)={5},1,0)),0),0)} -> 0 | QP12: {=IFERROR(IF($M12<>"",SUM(IF(WEEKDAY(-1+ROW(INDIRECT("1:"&(QJ12-QI12)+1)),2)={6},1,0)),0),0)} -> 0 | QQ12: {=IFERROR(IF($N12<>"",SUM(IF(WEEKDAY(-1+ROW(INDIRECT("1:"&(QJ12-QI12)+1)),2)={7},1,0)),0),0)} -> 0 | QR12: =SUM(QK12:QQ12)-QH12 -> 0 | QS12: =SUMPRODUCT(($W$10:$NO$10>=QI12)*($W$10:$NO$10<=QJ12)*($W12:$NO12="1/8"&QS$10))*0.125+SUMPRODUCT(($W$10:$NO$10>=QI12)*($W$10:$NO$10<=QJ12)*($W12:$NO12="1/4"&QS$10))*0.25+SUMPRODUCT(($W$10:$NO$10>=QI12)*($W$10:$NO$10<=QJ12)*($W12:$NO12="1/2"&QS$10))*0.5+SUMPRODUCT(($W$10:$NO$10>=QI12)*($W$10:$NO$10<=QJ12)*($W12:$NO12=QS$10)) -> 0 | QT12: =SUMPRODUCT(($W$10:$NO$10>=QI12)*($W$10:$NO$10<=QJ12)*($W12:$NO12="1/8"&QT$10))*0.125+SUMPRODUCT(($W$10:$NO$10>=QI12)*($W$10:$NO$10<=QJ12)*($W12:$NO12="1/4"&QT$10))*0.25+SUMPRODUCT(($W$10:$NO$10>=QI12)*($W$10:$NO$10<=QJ12)*($W12:$NO12="1/2"&QT$10))*0.5+SUMPRODUCT(($W$10:$NO$10>=QI12)*($W$10:$NO$10<=QJ12)*($W12:$NO12=QT$10)) -> 0 | QU12: =SUMPRODUCT(($W$10:$NO$10>=QI12)*($W$10:$NO$10<=QJ12)*($W12:$NO12="1/8"&QU$10))*0.125+SUMPRODUCT(($W$10:$NO$10>=QI12)*($W$10:$NO$10<=QJ12)*($W12:$NO12="1/4"&QU$10))*0.25+SUMPRODUCT(($W$10:$NO$10>=QI12)*($W$10:$NO$10<=QJ12)*($W12:$NO12="1/2"&QU$10))*0.5+SUMPRODUCT(($W$10:$NO$10>=QI12)*($W$10:$NO$10<=QJ12)*($W12:$NO12=QU$10)) -> 0 | QV12: =SUMPRODUCT(($W$10:$NO$10>=QI12)*($W$10:$NO$10<=QJ12)*($W12:$NO12="1/8"&QV$10))*0.125+SUMPRODUCT(($W$10:$NO$10>=QI12)*($W$10:$NO$10<=QJ12)*($W12:$NO12="1/4"&QV$10))*0.25+SUMPRODUCT(($W$10:$NO$10>=QI12)*($W$10:$NO$10<=QJ12)*($W12:$NO12="1/2"&QV$10))*0.5+SUMPRODUCT(($W$10:$NO$10>=QI12)*($W$10:$NO$10<=QJ12)*($W12:$NO12=QV$10)) -> 0 | QW12: =SUMPRODUCT(($W$10:$NO$10>=QI12)*($W$10:$NO$10<=QJ12)*($W12:$NO12="1/8"&QW$10))*0.125+SUMPRODUCT(($W$10:$NO$10>=QI12)*($W$10:$NO$10<=QJ12)*($W12:$NO12="1/4"&QW$10))*0.25+SUMPRODUCT(($W$10:$NO$10>=QI12)*($W$10:$NO$10<=QJ12)*($W12:$NO12="1/2"&QW$10))*0.5+SUMPRODUCT(($W$10:$NO$10>=QI12)*($W$10:$NO$10<=QJ12)*($W12:$NO12=QW$10)) -> 0 | QX12: =SUMPRODUCT(($W$10:$NO$10>=QI12)*($W$10:$NO$10<=QJ12)*($W12:$NO12="1/8"&QX$10))*0.125+SUMPRODUCT(($W$10:$NO$10>=QI12)*($W$10:$NO$10<=QJ12)*($W12:$NO12="1/4"&QX$10))*0.25+SUMPRODUCT(($W$10:$NO$10>=QI12)*($W$10:$NO$10<=QJ12)*($W12:$NO12="1/2"&QX$10))*0.5+SUMPRODUCT(($W$10:$NO$10>=QI12)*($W$10:$NO$10<=QJ12)*($W12:$NO12=QX$10)) -> 0 | QY12: =SUMPRODUCT(($W$10:$NO$10>=QI12)*($W$10:$NO$10<=QJ12)*($W12:$NO12="1/8"&QY$10))*0.125+SUMPRODUCT(($W$10:$NO$10>=QI12)*($W$10:$NO$10<=QJ12)*($W12:$NO12="1/4"&QY$10))*0.25+SUMPRODUCT(($W$10:$NO$10>=QI12)*($W$10:$NO$10<=QJ12)*($W12:$NO12="1/2"&QY$10))*0.5+SUMPRODUCT(($W$10:$NO$10>=QI12)*($W$10:$NO$10<=QJ12)*($W12:$NO12=QY$10)) -> 0 | QZ12: =SUMPRODUCT(($W$10:$NO$10>=QI12)*($W$10:$NO$10<=QJ12)*($W12:$NO12="1/8"&QZ$10))*0.125+SUMPRODUCT(($W$10:$NO$10>=QI12)*($W$10:$NO$10<=QJ12)*($W12:$NO12="1/4"&QZ$10))*0.25+SUMPRODUCT(($W$10:$NO$10>=QI12)*($W$10:$NO$10<=QJ12)*($W12:$NO12="1/2"&QZ$10))*0.5+SUMPRODUCT(($W$10:$NO$10>=QI12)*($W$10:$NO$10<=QJ12)*($W12:$NO12=QZ$10)) -> 0 | RA12: =QR12-SUM(QS12:QZ12) -> 0 | RB12: =SUMPRODUCT(($W$10:$NO$10>=RC12)*($W$10:$NO$10<=RD12)*($W12:$NO12=$V$4)) -> 0 | RC12: =IF($D12<>"",IF($D12<RC$9,RC$9,$D12),RC$9) -> 44986 | RD12: =IF($E12<>"",IF($E12<RD$9,$E12,RD$9),RD$9) -> 42128 | RE12: {=IFERROR(IF($H12<>"",SUM(IF(WEEKDAY(-1+ROW(INDIRECT("1:"&(RD12-RC12)+1)),2)={1},1,0)),0),0)} -> 0 | RF12: {=IFERROR(IF($I12<>"",SUM(IF(WEEKDAY(-1+ROW(INDIRECT("1:"&(RD12-RC12)+1)),2)={2},1,0)),0),0)} -> 0 | RG12: {=IFERROR(IF($J12<>"",SUM(IF(WEEKDAY(-1+ROW(INDIRECT("1:"&(RD12-RC12)+1)),2)={3},1,0)),0),0)} -> 0 | RH12: {=IFERROR(IF($K12<>"",SUM(IF(WEEKDAY(-1+ROW(INDIRECT("1:"&(RD12-RC12)+1)),2)={4},1,0)),0),0)} -> 0 | RI12: {=IFERROR(IF($L12<>"",SUM(IF(WEEKDAY(-1+ROW(INDIRECT("1:"&(RD12-RC12)+1)),2)={5},1,0)),0),0)} -> 0 | RJ12: {=IFERROR(IF($M12<>"",SUM(IF(WEEKDAY(-1+ROW(INDIRECT("1:"&(RD12-RC12)+1)),2)={6},1,0)),0),0)} -> 0 | RK12: {=IFERROR(IF($N12<>"",SUM(IF(WEEKDAY(-1+ROW(INDIRECT("1:"&(RD12-RC12)+1)),2)={7},1,0)),0),0)} -> 0 | RL12: =SUM(RE12:RK12)-RB12 -> 0 | RM12: =SUMPRODUCT(($W$10:$NO$10>=RC12)*($W$10:$NO$10<=RD12)*($W12:$NO12="1/8"&RM$10))*0.125+SUMPRODUCT(($W$10:$NO$10>=RC12)*($W$10:$NO$10<=RD12)*($W12:$NO12="1/4"&RM$10))*0.25+SUMPRODUCT(($W$10:$NO$10>=RC12)*($W$10:$NO$10<=RD12)*($W12:$NO12="1/2"&RM$10))*0.5+SUMPRODUCT(($W$10:$NO$10>=RC12)*($W$10:$NO$10<=RD12)*($W12:$NO12=RM$10)) -> 0 | RN12: =SUMPRODUCT(($W$10:$NO$10>=RC12)*($W$10:$NO$10<=RD12)*($W12:$NO12="1/8"&RN$10))*0.125+SUMPRODUCT(($W$10:$NO$10>=RC12)*($W$10:$NO$10<=RD12)*($W12:$NO12="1/4"&RN$10))*0.25+SUMPRODUCT(($W$10:$NO$10>=RC12)*($W$10:$NO$10<=RD12)*($W12:$NO12="1/2"&RN$10))*0.5+SUMPRODUCT(($W$10:$NO$10>=RC12)*($W$10:$NO$10<=RD12)*($W12:$NO12=RN$10)) -> 0 | RO12: =SUMPRODUCT(($W$10:$NO$10>=RC12)*($W$10:$NO$10<=RD12)*($W12:$NO12="1/8"&RO$10))*0.125+SUMPRODUCT(($W$10:$NO$10>=RC12)*($W$10:$NO$10<=RD12)*($W12:$NO12="1/4"&RO$10))*0.25+SUMPRODUCT(($W$10:$NO$10>=RC12)*($W$10:$NO$10<=RD12)*($W12:$NO12="1/2"&RO$10))*0.5+SUMPRODUCT(($W$10:$NO$10>=RC12)*($W$10:$NO$10<=RD12)*($W12:$NO12=RO$10)) -> 0 | RP12: =SUMPRODUCT(($W$10:$NO$10>=RC12)*($W$10:$NO$10<=RD12)*($W12:$NO12="1/8"&RP$10))*0.125+SUMPRODUCT(($W$10:$NO$10>=RC12)*($W$10:$NO$10<=RD12)*($W12:$NO12="1/4"&RP$10))*0.25+SUMPRODUCT(($W$10:$NO$10>=RC12)*($W$10:$NO$10<=RD12)*($W12:$NO12="1/2"&RP$10))*0.5+SUMPRODUCT(($W$10:$NO$10>=RC12)*($W$10:$NO$10<=RD12)*($W12:$NO12=RP$10)) -> 0 | RQ12: =SUMPRODUCT(($W$10:$NO$10>=RC12)*($W$10:$NO$10<=RD12)*($W12:$NO12="1/8"&RQ$10))*0.125+SUMPRODUCT(($W$10:$NO$10>=RC12)*($W$10:$NO$10<=RD12)*($W12:$NO12="1/4"&RQ$10))*0.25+SUMPRODUCT(($W$10:$NO$10>=RC12)*($W$10:$NO$10<=RD12)*($W12:$NO12="1/2"&RQ$10))*0.5+SUMPRODUCT(($W$10:$NO$10>=RC12)*($W$10:$NO$10<=RD12)*($W12:$NO12=RQ$10)) -> 0 | RR12: =SUMPRODUCT(($W$10:$NO$10>=RC12)*($W$10:$NO$10<=RD12)*($W12:$NO12="1/8"&RR$10))*0.125+SUMPRODUCT(($W$10:$NO$10>=RC12)*($W$10:$NO$10<=RD12)*($W12:$NO12="1/4"&RR$10))*0.25+SUMPRODUCT(($W$10:$NO$10>=RC12)*($W$10:$NO$10<=RD12)*($W12:$NO12="1/2"&RR$10))*0.5+SUMPRODUCT(($W$10:$NO$10>=RC12)*($W$10:$NO$10<=RD12)*($W12:$NO12=RR$10)) -> 0 | RS12: =SUMPRODUCT(($W$10:$NO$10>=RC12)*($W$10:$NO$10<=RD12)*($W12:$NO12="1/8"&RS$10))*0.125+SUMPRODUCT(($W$10:$NO$10>=RC12)*($W$10:$NO$10<=RD12)*($W12:$NO12="1/4"&RS$10))*0.25+SUMPRODUCT(($W$10:$NO$10>=RC12)*($W$10:$NO$10<=RD12)*($W12:$NO12="1/2"&RS$10))*0.5+SUMPRODUCT(($W$10:$NO$10>=RC12)*($W$10:$NO$10<=RD12)*($W12:$NO12=RS$10)) -> 0 | RT12: =SUMPRODUCT(($W$10:$NO$10>=RC12)*($W$10:$NO$10<=RD12)*($W12:$NO12="1/8"&RT$10))*0.125+SUMPRODUCT(($W$10:$NO$10>=RC12)*($W$10:$NO$10<=RD12)*($W12:$NO12="1/4"&RT$10))*0.25+SUMPRODUCT(($W$10:$NO$10>=RC12)*($W$10:$NO$10<=RD12)*($W12:$NO12="1/2"&RT$10))*0.5+SUMPRODUCT(($W$10:$NO$10>=RC12)*($W$10:$NO$10<=RD12)*($W12:$NO12=RT$10)) -> 0 | RU12: =RL12-SUM(RM12:RT12) -> 0 | RV12: =SUMPRODUCT(($W$10:$NO$10>=RW12)*($W$10:$NO$10<=RX12)*($W12:$NO12=$V$4)) -> 0 | RW12: =IF($D12<>"",IF($D12<RW$9,RW$9,$D12),RW$9) -> 45017 | RX12: =IF($E12<>"",IF($E12<RX$9,$E12,RX$9),RX$9) -> 42128 | RY12: {=IFERROR(IF($H12<>"",SUM(IF(WEEKDAY(-1+ROW(INDIRECT("1:"&(RX12-RW12)+1)),2)={1},1,0)),0),0)} -> 0 | RZ12: {=IFERROR(IF($I12<>"",SUM(IF(WEEKDAY(-1+ROW(INDIRECT("1:"&(RX12-RW12)+1)),2)={2},1,0)),0),0)} -> 0 | SA12: {=IFERROR(IF($J12<>"",SUM(IF(WEEKDAY(-1+ROW(INDIRECT("1:"&(RX12-RW12)+1)),2)={3},1,0)),0),0)} -> 0 | SB12: {=IFERROR(IF($K12<>"",SUM(IF(WEEKDAY(-1+ROW(INDIRECT("1:"&(RX12-RW12)+1)),2)={4},1,0)),0),0)} -> 0 | SC12: {=IFERROR(IF($L12<>"",SUM(IF(WEEKDAY(-1+ROW(INDIRECT("1:"&(RX12-RW12)+1)),2)={5},1,0)),0),0)} -> 0 | SD12: {=IFERROR(IF($M12<>"",SUM(IF(WEEKDAY(-1+ROW(INDIRECT("1:"&(RX12-RW12)+1)),2)={6},1,0)),0),0)} -> 0 | SE12: {=IFERROR(IF($N12<>"",SUM(IF(WEEKDAY(-1+ROW(INDIRECT("1:"&(RX12-RW12)+1)),2)={7},1,0)),0),0)} -> 0 | SF12: =SUM(RY12:SE12)-RV12 -> 0 | SG12: =SUMPRODUCT(($W$10:$NO$10>=RW12)*($W$10:$NO$10<=RX12)*($W12:$NO12="1/8"&SG$10))*0.125+SUMPRODUCT(($W$10:$NO$10>=RW12)*($W$10:$NO$10<=RX12)*($W12:$NO12="1/4"&SG$10))*0.25+SUMPRODUCT(($W$10:$NO$10>=RW12)*($W$10:$NO$10<=RX12)*($W12:$NO12="1/2"&SG$10))*0.5+SUMPRODUCT(($W$10:$NO$10>=RW12)*($W$10:$NO$10<=RX12)*($W12:$NO12=SG$10)) -> 0 | SH12: =SUMPRODUCT(($W$10:$NO$10>=RW12)*($W$10:$NO$10<=RX12)*($W12:$NO12="1/8"&SH$10))*0.125+SUMPRODUCT(($W$10:$NO$10>=RW12)*($W$10:$NO$10<=RX12)*($W12:$NO12="1/4"&SH$10))*0.25+SUMPRODUCT(($W$10:$NO$10>=RW12)*($W$10:$NO$10<=RX12)*($W12:$NO12="1/2"&SH$10))*0.5+SUMPRODUCT(($W$10:$NO$10>=RW12)*($W$10:$NO$10<=RX12)*($W12:$NO12=SH$10)) -> 0 | SI12: =SUMPRODUCT(($W$10:$NO$10>=RW12)*($W$10:$NO$10<=RX12)*($W12:$NO12="1/8"&SI$10))*0.125+SUMPRODUCT(($W$10:$NO$10>=RW12)*($W$10:$NO$10<=RX12)*($W12:$NO12="1/4"&SI$10))*0.25+SUMPRODUCT(($W$10:$NO$10>=RW12)*($W$10:$NO$10<=RX12)*($W12:$NO12="1/2"&SI$10))*0.5+SUMPRODUCT(($W$10:$NO$10>=RW12)*($W$10:$NO$10<=RX12)*($W12:$NO12=SI$10)) -> 0 | SJ12: =SUMPRODUCT(($W$10:$NO$10>=RW12)*($W$10:$NO$10<=RX12)*($W12:$NO12="1/8"&SJ$10))*0.125+SUMPRODUCT(($W$10:$NO$10>=RW12)*($W$10:$NO$10<=RX12)*($W12:$NO12="1/4"&SJ$10))*0.25+SUMPRODUCT(($W$10:$NO$10>=RW12)*($W$10:$NO$10<=RX12)*($W12:$NO12="1/2"&SJ$10))*0.5+SUMPRODUCT(($W$10:$NO$10>=RW12)*($W$10:$NO$10<=RX12)*($W12:$NO12=SJ$10)) -> 0 | SK12: =SUMPRODUCT(($W$10:$NO$10>=RW12)*($W$10:$NO$10<=RX12)*($W12:$NO12="1/8"&SK$10))*0.125+SUMPRODUCT(($W$10:$NO$10>=RW12)*($W$10:$NO$10<=RX12)*($W12:$NO12="1/4"&SK$10))*0.25+SUMPRODUCT(($W$10:$NO$10>=RW12)*($W$10:$NO$10<=RX12)*($W12:$NO12="1/2"&SK$10))*0.5+SUMPRODUCT(($W$10:$NO$10>=RW12)*($W$10:$NO$10<=RX12)*($W12:$NO12=SK$10)) -> 0 | SL12: =SUMPRODUCT(($W$10:$NO$10>=RW12)*($W$10:$NO$10<=RX12)*($W12:$NO12="1/8"&SL$10))*0.125+SUMPRODUCT(($W$10:$NO$10>=RW12)*($W$10:$NO$10<=RX12)*($W12:$NO12="1/4"&SL$10))*0.25+SUMPRODUCT(($W$10:$NO$10>=RW12)*($W$10:$NO$10<=RX12)*($W12:$NO12="1/2"&SL$10))*0.5+SUMPRODUCT(($W$10:$NO$10>=RW12)*($W$10:$NO$10<=RX12)*($W12:$NO12=SL$10)) -> 0 | SM12: =SUMPRODUCT(($W$10:$NO$10>=RW12)*($W$10:$NO$10<=RX12)*($W12:$NO12="1/8"&SM$10))*0.125+SUMPRODUCT(($W$10:$NO$10>=RW12)*($W$10:$NO$10<=RX12)*($W12:$NO12="1/4"&SM$10))*0.25+SUMPRODUCT(($W$10:$NO$10>=RW12)*($W$10:$NO$10<=RX12)*($W12:$NO12="1/2"&SM$10))*0.5+SUMPRODUCT(($W$10:$NO$10>=RW12)*($W$10:$NO$10<=RX12)*($W12:$NO12=SM$10)) -> 0 | SN12: =SUMPRODUCT(($W$10:$NO$10>=RW12)*($W$10:$NO$10<=RX12)*($W12:$NO12="1/8"&SN$10))*0.125+SUMPRODUCT(($W$10:$NO$10>=RW12)*($W$10:$NO$10<=RX12)*($W12:$NO12="1/4"&SN$10))*0.25+SUMPRODUCT(($W$10:$NO$10>=RW12)*($W$10:$NO$10<=RX12)*($W12:$NO12="1/2"&SN$10))*0.5+SUMPRODUCT(($W$10:$NO$10>=RW12)*($W$10:$NO$10<=RX12)*($W12:$NO12=SN$10)) -> 0 | SO12: =SF12-SUM(SG12:SN12) -> 0 | SP12: =SUMPRODUCT(($W$10:$NO$10>=SQ12)*($W$10:$NO$10<=SR12)*($W12:$NO12=$V$4)) -> 0 | SQ12: =IF($D12<>"",IF($D12<SQ$9,SQ$9,$D12),SQ$9) -> 45047 | SR12: =IF($E12<>"",IF($E12<SR$9,$E12,SR$9),SR$9) -> 42128 | SS12: {=IFERROR(IF($H12<>"",SUM(IF(WEEKDAY(-1+ROW(INDIRECT("1:"&(SR12-SQ12)+1)),2)={1},1,0)),0),0)} -> 0 | ST12: {=IFERROR(IF($I12<>"",SUM(IF(WEEKDAY(-1+ROW(INDIRECT("1:"&(SR12-SQ12)+1)),2)={2},1,0)),0),0)} -> 0 | SU12: {=IFERROR(IF($J12<>"",SUM(IF(WEEKDAY(-1+ROW(INDIRECT("1:"&(SR12-SQ12)+1)),2)={3},1,0)),0),0)} -> 0 | SV12: {=IFERROR(IF($K12<>"",SUM(IF(WEEKDAY(-1+ROW(INDIRECT("1:"&(SR12-SQ12)+1)),2)={4},1,0)),0),0)} -> 0 | SW12: {=IFERROR(IF($L12<>"",SUM(IF(WEEKDAY(-1+ROW(INDIRECT("1:"&(SR12-SQ12)+1)),2)={5},1,0)),0),0)} -> 0 | SX12: {=IFERROR(IF($M12<>"",SUM(IF(WEEKDAY(-1+ROW(INDIRECT("1:"&(SR12-SQ12)+1)),2)={6},1,0)),0),0)} -> 0 | SY12: {=IFERROR(IF($N12<>"",SUM(IF(WEEKDAY(-1+ROW(INDIRECT("1:"&(SR12-SQ12)+1)),2)={7},1,0)),0),0)} -> 0 | SZ12: =SUM(SS12:SY12)-SP12 -> 0 | TA12: =SUMPRODUCT(($W$10:$NO$10>=SQ12)*($W$10:$NO$10<=SR12)*($W12:$NO12="1/8"&TA$10))*0.125+SUMPRODUCT(($W$10:$NO$10>=SQ12)*($W$10:$NO$10<=SR12)*($W12:$NO12="1/4"&TA$10))*0.25+SUMPRODUCT(($W$10:$NO$10>=SQ12)*($W$10:$NO$10<=SR12)*($W12:$NO12="1/2"&TA$10))*0.5+SUMPRODUCT(($W$10:$NO$10>=SQ12)*($W$10:$NO$10<=SR12)*($W12:$NO12=TA$10)) -> 0 | TB12: =SUMPRODUCT(($W$10:$NO$10>=SQ12)*($W$10:$NO$10<=SR12)*($W12:$NO12="1/8"&TB$10))*0.125+SUMPRODUCT(($W$10:$NO$10>=SQ12)*($W$10:$NO$10<=SR12)*($W12:$NO12="1/4"&TB$10))*0.25+SUMPRODUCT(($W$10:$NO$10>=SQ12)*($W$10:$NO$10<=SR12)*($W12:$NO12="1/2"&TB$10))*0.5+SUMPRODUCT(($W$10:$NO$10>=SQ12)*($W$10:$NO$10<=SR12)*($W12:$NO12=TB$10)) -> 0 | TC12: =SUMPRODUCT(($W$10:$NO$10>=SQ12)*($W$10:$NO$10<=SR12)*($W12:$NO12="1/8"&TC$10))*0.125+SUMPRODUCT(($W$10:$NO$10>=SQ12)*($W$10:$NO$10<=SR12)*($W12:$NO12="1/4"&TC$10))*0.25+SUMPRODUCT(($W$10:$NO$10>=SQ12)*($W$10:$NO$10<=SR12)*($W12:$NO12="1/2"&TC$10))*0.5+SUMPRODUCT(($W$10:$NO$10>=SQ12)*($W$10:$NO$10<=SR12)*($W12:$NO12=TC$10)) -> 0 | TD12: =SUMPRODUCT(($W$10:$NO$10>=SQ12)*($W$10:$NO$10<=SR12)*($W12:$NO12="1/8"&TD$10))*0.125+SUMPRODUCT(($W$10:$NO$10>=SQ12)*($W$10:$NO$10<=SR12)*($W12:$NO12="1/4"&TD$10))*0.25+SUMPRODUCT(($W$10:$NO$10>=SQ12)*($W$10:$NO$10<=SR12)*($W12:$NO12="1/2"&TD$10))*0.5+SUMPRODUCT(($W$10:$NO$10>=SQ12)*($W$10:$NO$10<=SR12)*($W12:$NO12=TD$10)) -> 0 | TE12: =SUMPRODUCT(($W$10:$NO$10>=SQ12)*($W$10:$NO$10<=SR12)*($W12:$NO12="1/8"&TE$10))*0.125+SUMPRODUCT(($W$10:$NO$10>=SQ12)*($W$10:$NO$10<=SR12)*($W12:$NO12="1/4"&TE$10))*0.25+SUMPRODUCT(($W$10:$NO$10>=SQ12)*($W$10:$NO$10<=SR12)*($W12:$NO12="1/2"&TE$10))*0.5+SUMPRODUCT(($W$10:$NO$10>=SQ12)*($W$10:$NO$10<=SR12)*($W12:$NO12=TE$10)) -> 0 | TF12: =SUMPRODUCT(($W$10:$NO$10>=SQ12)*($W$10:$NO$10<=SR12)*($W12:$NO12="1/8"&TF$10))*0.125+SUMPRODUCT(($W$10:$NO$10>=SQ12)*($W$10:$NO$10<=SR12)*($W12:$NO12="1/4"&TF$10))*0.25+SUMPRODUCT(($W$10:$NO$10>=SQ12)*($W$10:$NO$10<=SR12)*($W12:$NO12="1/2"&TF$10))*0.5+SUMPRODUCT(($W$10:$NO$10>=SQ12)*($W$10:$NO$10<=SR12)*($W12:$NO12=TF$10)) -> 0 | TG12: =SUMPRODUCT(($W$10:$NO$10>=SQ12)*($W$10:$NO$10<=SR12)*($W12:$NO12="1/8"&TG$10))*0.125+SUMPRODUCT(($W$10:$NO$10>=SQ12)*($W$10:$NO$10<=SR12)*($W12:$NO12="1/4"&TG$10))*0.25+SUMPRODUCT(($W$10:$NO$10>=SQ12)*($W$10:$NO$10<=SR12)*($W12:$NO12="1/2"&TG$10))*0.5+SUMPRODUCT(($W$10:$NO$10>=SQ12)*($W$10:$NO$10<=SR12)*($W12:$NO12=TG$10)) -> 0 | TH12: =SUMPRODUCT(($W$10:$NO$10>=SQ12)*($W$10:$NO$10<=SR12)*($W12:$NO12="1/8"&TH$10))*0.125+SUMPRODUCT(($W$10:$NO$10>=SQ12)*($W$10:$NO$10<=SR12)*($W12:$NO12="1/4"&TH$10))*0.25+SUMPRODUCT(($W$10:$NO$10>=SQ12)*($W$10:$NO$10<=SR12)*($W12:$NO12="1/2"&TH$10))*0.5+SUMPRODUCT(($W$10:$NO$10>=SQ12)*($W$10:$NO$10<=SR12)*($W12:$NO12=TH$10)) -> 0 | TI12: =SZ12-SUM(TA12:TH12) -> 0 | TJ12: =SUMPRODUCT(($W$10:$NO$10>=TK12)*($W$10:$NO$10<=TL12)*($W12:$NO12=$V$4)) -> 0 | TK12: =IF($D12<>"",IF($D12<TK$9,TK$9,$D12),TK$9) -> 45078 | TL12: =IF($E12<>"",IF($E12<TL$9,$E12,TL$9),TL$9) -> 42128 | TM12: {=IFERROR(IF($H12<>"",SUM(IF(WEEKDAY(-1+ROW(INDIRECT("1:"&(TL12-TK12)+1)),2)={1},1,0)),0),0)} -> 0 | TN12: {=IFERROR(IF($I12<>"",SUM(IF(WEEKDAY(-1+ROW(INDIRECT("1:"&(TL12-TK12)+1)),2)={2},1,0)),0),0)} -> 0 | TO12: {=IFERROR(IF($J12<>"",SUM(IF(WEEKDAY(-1+ROW(INDIRECT("1:"&(TL12-TK12)+1)),2)={3},1,0)),0),0)} -> 0 | TP12: {=IFERROR(IF($K12<>"",SUM(IF(WEEKDAY(-1+ROW(INDIRECT("1:"&(TL12-TK12)+1)),2)={4},1,0)),0),0)} -> 0 | TQ12: {=IFERROR(IF($L12<>"",SUM(IF(WEEKDAY(-1+ROW(INDIRECT("1:"&(TL12-TK12)+1)),2)={5},1,0)),0),0)} -> 0 | TR12: {=IFERROR(IF($M12<>"",SUM(IF(WEEKDAY(-1+ROW(INDIRECT("1:"&(TL12-TK12)+1)),2)={6},1,0)),0),0)} -> 0 | TS12: {=IFERROR(IF($N12<>"",SUM(IF(WEEKDAY(-1+ROW(INDIRECT("1:"&(TL12-TK12)+1)),2)={7},1,0)),0),0)} -> 0 | TT12: =SUM(TM12:TS12)-TJ12 -> 0 | TU12: =SUMPRODUCT(($W$10:$NO$10>=TK12)*($W$10:$NO$10<=TL12)*($W12:$NO12="1/8"&TU$10))*0.125+SUMPRODUCT(($W$10:$NO$10>=TK12)*($W$10:$NO$10<=TL12)*($W12:$NO12="1/4"&TU$10))*0.25+SUMPRODUCT(($W$10:$NO$10>=TK12)*($W$10:$NO$10<=TL12)*($W12:$NO12="1/2"&TU$10))*0.5+SUMPRODUCT(($W$10:$NO$10>=TK12)*($W$10:$NO$10<=TL12)*($W12:$NO12=TU$10)) -> 0 | TV12: =SUMPRODUCT(($W$10:$NO$10>=TK12)*($W$10:$NO$10<=TL12)*($W12:$NO12="1/8"&TV$10))*0.125+SUMPRODUCT(($W$10:$NO$10>=TK12)*($W$10:$NO$10<=TL12)*($W12:$NO12="1/4"&TV$10))*0.25+SUMPRODUCT(($W$10:$NO$10>=TK12)*($W$10:$NO$10<=TL12)*($W12:$NO12="1/2"&TV$10))*0.5+SUMPRODUCT(($W$10:$NO$10>=TK12)*($W$10:$NO$10<=TL12)*($W12:$NO12=TV$10)) -> 0 | TW12: =SUMPRODUCT(($W$10:$NO$10>=TK12)*($W$10:$NO$10<=TL12)*($W12:$NO12="1/8"&TW$10))*0.125+SUMPRODUCT(($W$10:$NO$10>=TK12)*($W$10:$NO$10<=TL12)*($W12:$NO12="1/4"&TW$10))*0.25+SUMPRODUCT(($W$10:$NO$10>=TK12)*($W$10:$NO$10<=TL12)*($W12:$NO12="1/2"&TW$10))*0.5+SUMPRODUCT(($W$10:$NO$10>=TK12)*($W$10:$NO$10<=TL12)*($W12:$NO12=TW$10)) -> 0 | TX12: =SUMPRODUCT(($W$10:$NO$10>=TK12)*($W$10:$NO$10<=TL12)*($W12:$NO12="1/8"&TX$10))*0.125+SUMPRODUCT(($W$10:$NO$10>=TK12)*($W$10:$NO$10<=TL12)*($W12:$NO12="1/4"&TX$10))*0.25+SUMPRODUCT(($W$10:$NO$10>=TK12)*($W$10:$NO$10<=TL12)*($W12:$NO12="1/2"&TX$10))*0.5+SUMPRODUCT(($W$10:$NO$10>=TK12)*($W$10:$NO$10<=TL12)*($W12:$NO12=TX$10)) -> 0 | TY12: =SUMPRODUCT(($W$10:$NO$10>=TK12)*($W$10:$NO$10<=TL12)*($W12:$NO12="1/8"&TY$10))*0.125+SUMPRODUCT(($W$10:$NO$10>=TK12)*($W$10:$NO$10<=TL12)*($W12:$NO12="1/4"&TY$10))*0.25+SUMPRODUCT(($W$10:$NO$10>=TK12)*($W$10:$NO$10<=TL12)*($W12:$NO12="1/2"&TY$10))*0.5+SUMPRODUCT(($W$10:$NO$10>=TK12)*($W$10:$NO$10<=TL12)*($W12:$NO12=TY$10)) -> 0 | TZ12: =SUMPRODUCT(($W$10:$NO$10>=TK12)*($W$10:$NO$10<=TL12)*($W12:$NO12="1/8"&TZ$10))*0.125+SUMPRODUCT(($W$10:$NO$10>=TK12)*($W$10:$NO$10<=TL12)*($W12:$NO12="1/4"&TZ$10))*0.25+SUMPRODUCT(($W$10:$NO$10>=TK12)*($W$10:$NO$10<=TL12)*($W12:$NO12="1/2"&TZ$10))*0.5+SUMPRODUCT(($W$10:$NO$10>=TK12)*($W$10:$NO$10<=TL12)*($W12:$NO12=TZ$10)) -> 0 | UA12: =SUMPRODUCT(($W$10:$NO$10>=TK12)*($W$10:$NO$10<=TL12)*($W12:$NO12="1/8"&UA$10))*0.125+SUMPRODUCT(($W$10:$NO$10>=TK12)*($W$10:$NO$10<=TL12)*($W12:$NO12="1/4"&UA$10))*0.25+SUMPRODUCT(($W$10:$NO$10>=TK12)*($W$10:$NO$10<=TL12)*($W12:$NO12="1/2"&UA$10))*0.5+SUMPRODUCT(($W$10:$NO$10>=TK12)*($W$10:$NO$10<=TL12)*($W12:$NO12=UA$10)) -> 0 | UB12: =SUMPRODUCT(($W$10:$NO$10>=TK12)*($W$10:$NO$10<=TL12)*($W12:$NO12="1/8"&UB$10))*0.125+SUMPRODUCT(($W$10:$NO$10>=TK12)*($W$10:$NO$10<=TL12)*($W12:$NO12="1/4"&UB$10))*0.25+SUMPRODUCT(($W$10:$NO$10>=TK12)*($W$10:$NO$10<=TL12)*($W12:$NO12="1/2"&UB$10))*0.5+SUMPRODUCT(($W$10:$NO$10>=TK12)*($W$10:$NO$10<=TL12)*($W12:$NO12=UB$10)) -> 0 | UC12: =TT12-SUM(TU12:UB12) -> 0 | UD12: =SUMPRODUCT(($W$10:$NO$10>=UE12)*($W$10:$NO$10<=UF12)*($W12:$NO12=$V$4)) -> 0 | UE12: =IF($D12<>"",IF($D12<UE$9,UE$9,$D12),UE$9) -> 45108 | UF12: =IF($E12<>"",IF($E12<UF$9,$E12,UF$9),UF$9) -> 42128 | UG12: {=IFERROR(IF($H12<>"",SUM(IF(WEEKDAY(-1+ROW(INDIRECT("1:"&(UF12-UE12)+1)),2)={1},1,0)),0),0)} -> 0 | UH12: {=IFERROR(IF($I12<>"",SUM(IF(WEEKDAY(-1+ROW(INDIRECT("1:"&(UF12-UE12)+1)),2)={2},1,0)),0),0)} -> 0 | UI12: {=IFERROR(IF($J12<>"",SUM(IF(WEEKDAY(-1+ROW(INDIRECT("1:"&(UF12-UE12)+1)),2)={3},1,0)),0),0)} -> 0 | UJ12: {=IFERROR(IF($K12<>"",SUM(IF(WEEKDAY(-1+ROW(INDIRECT("1:"&(UF12-UE12)+1)),2)={4},1,0)),0),0)} -> 0 | UK12: {=IFERROR(IF($L12<>"",SUM(IF(WEEKDAY(-1+ROW(INDIRECT("1:"&(UF12-UE12)+1)),2)={5},1,0)),0),0)} -> 0 | UL12: {=IFERROR(IF($M12<>"",SUM(IF(WEEKDAY(-1+ROW(INDIRECT("1:"&(UF12-UE12)+1)),2)={6},1,0)),0),0)} -> 0 | UM12: {=IFERROR(IF($N12<>"",SUM(IF(WEEKDAY(-1+ROW(INDIRECT("1:"&(UF12-UE12)+1)),2)={7},1,0)),0),0)} -> 0 | UN12: =SUM(UG12:UM12)-UD12 -> 0 | UO12: =SUMPRODUCT(($W$10:$NO$10>=UE12)*($W$10:$NO$10<=UF12)*($W12:$NO12="1/8"&UO$10))*0.125+SUMPRODUCT(($W$10:$NO$10>=UE12)*($W$10:$NO$10<=UF12)*($W12:$NO12="1/4"&UO$10))*0.25+SUMPRODUCT(($W$10:$NO$10>=UE12)*($W$10:$NO$10<=UF12)*($W12:$NO12="1/2"&UO$10))*0.5+SUMPRODUCT(($W$10:$NO$10>=UE12)*($W$10:$NO$10<=UF12)*($W12:$NO12=UO$10)) -> 0 | UP12: =SUMPRODUCT(($W$10:$NO$10>=UE12)*($W$10:$NO$10<=UF12)*($W12:$NO12="1/8"&UP$10))*0.125+SUMPRODUCT(($W$10:$NO$10>=UE12)*($W$10:$NO$10<=UF12)*($W12:$NO12="1/4"&UP$10))*0.25+SUMPRODUCT(($W$10:$NO$10>=UE12)*($W$10:$NO$10<=UF12)*($W12:$NO12="1/2"&UP$10))*0.5+SUMPRODUCT(($W$10:$NO$10>=UE12)*($W$10:$NO$10<=UF12)*($W12:$NO12=UP$10)) -> 0 | UQ12: =SUMPRODUCT(($W$10:$NO$10>=UE12)*($W$10:$NO$10<=UF12)*($W12:$NO12="1/8"&UQ$10))*0.125+SUMPRODUCT(($W$10:$NO$10>=UE12)*($W$10:$NO$10<=UF12)*($W12:$NO12="1/4"&UQ$10))*0.25+SUMPRODUCT(($W$10:$NO$10>=UE12)*($W$10:$NO$10<=UF12)*($W12:$NO12="1/2"&UQ$10))*0.5+SUMPRODUCT(($W$10:$NO$10>=UE12)*($W$10:$NO$10<=UF12)*($W12:$NO12=UQ$10)) -> 0 | UR12: =SUMPRODUCT(($W$10:$NO$10>=UE12)*($W$10:$NO$10<=UF12)*($W12:$NO12="1/8"&UR$10))*0.125+SUMPRODUCT(($W$10:$NO$10>=UE12)*($W$10:$NO$10<=UF12)*($W12:$NO12="1/4"&UR$10))*0.25+SUMPRODUCT(($W$10:$NO$10>=UE12)*($W$10:$NO$10<=UF12)*($W12:$NO12="1/2"&UR$10))*0.5+SUMPRODUCT(($W$10:$NO$10>=UE12)*($W$10:$NO$10<=UF12)*($W12:$NO12=UR$10)) -> 0 | US12: =SUMPRODUCT(($W$10:$NO$10>=UE12)*($W$10:$NO$10<=UF12)*($W12:$NO12="1/8"&US$10))*0.125+SUMPRODUCT(($W$10:$NO$10>=UE12)*($W$10:$NO$10<=UF12)*($W12:$NO12="1/4"&US$10))*0.25+SUMPRODUCT(($W$10:$NO$10>=UE12)*($W$10:$NO$10<=UF12)*($W12:$NO12="1/2"&US$10))*0.5+SUMPRODUCT(($W$10:$NO$10>=UE12)*($W$10:$NO$10<=UF12)*($W12:$NO12=US$10)) -> 0 | UT12: =SUMPRODUCT(($W$10:$NO$10>=UE12)*($W$10:$NO$10<=UF12)*($W12:$NO12="1/8"&UT$10))*0.125+SUMPRODUCT(($W$10:$NO$10>=UE12)*($W$10:$NO$10<=UF12)*($W12:$NO12="1/4"&UT$10))*0.25+SUMPRODUCT(($W$10:$NO$10>=UE12)*($W$10:$NO$10<=UF12)*($W12:$NO12="1/2"&UT$10))*0.5+SUMPRODUCT(($W$10:$NO$10>=UE12)*($W$10:$NO$10<=UF12)*($W12:$NO12=UT$10)) -> 0 | UU12: =SUMPRODUCT(($W$10:$NO$10>=UE12)*($W$10:$NO$10<=UF12)*($W12:$NO12="1/8"&UU$10))*0.125+SUMPRODUCT(($W$10:$NO$10>=UE12)*($W$10:$NO$10<=UF12)*($W12:$NO12="1/4"&UU$10))*0.25+SUMPRODUCT(($W$10:$NO$10>=UE12)*($W$10:$NO$10<=UF12)*($W12:$NO12="1/2"&UU$10))*0.5+SUMPRODUCT(($W$10:$NO$10>=UE12)*($W$10:$NO$10<=UF12)*($W12:$NO12=UU$10)) -> 0 | UV12: =SUMPRODUCT(($W$10:$NO$10>=UE12)*($W$10:$NO$10<=UF12)*($W12:$NO12="1/8"&UV$10))*0.125+SUMPRODUCT(($W$10:$NO$10>=UE12)*($W$10:$NO$10<=UF12)*($W12:$NO12="1/4"&UV$10))*0.25+SUMPRODUCT(($W$10:$NO$10>=UE12)*($W$10:$NO$10<=UF12)*($W12:$NO12="1/2"&UV$10))*0.5+SUMPRODUCT(($W$10:$NO$10>=UE12)*($W$10:$NO$10<=UF12)*($W12:$NO12=UV$10)) -> 0 | UW12: =UN12-SUM(UO12:UV12) -> 0 | UX12: =SUMPRODUCT(($W$10:$NO$10>=UY12)*($W$10:$NO$10<=UZ12)*($W12:$NO12=$V$4)) -> 0 | UY12: =IF($D12<>"",IF($D12<UY$9,UY$9,$D12),UY$9) -> 45139 | UZ12: =IF($E12<>"",IF($E12<UZ$9,$E12,UZ$9),UZ$9) -> 42128 | VA12: {=IFERROR(IF($H12<>"",SUM(IF(WEEKDAY(-1+ROW(INDIRECT("1:"&(UZ12-UY12)+1)),2)={1},1,0)),0),0)} -> 0 | VB12: {=IFERROR(IF($I12<>"",SUM(IF(WEEKDAY(-1+ROW(INDIRECT("1:"&(UZ12-UY12)+1)),2)={2},1,0)),0),0)} -> 0 | VC12: {=IFERROR(IF($J12<>"",SUM(IF(WEEKDAY(-1+ROW(INDIRECT("1:"&(UZ12-UY12)+1)),2)={3},1,0)),0),0)} -> 0 | VD12: {=IFERROR(IF($K12<>"",SUM(IF(WEEKDAY(-1+ROW(INDIRECT("1:"&(UZ12-UY12)+1)),2)={4},1,0)),0),0)} -> 0 | VE12: {=IFERROR(IF($L12<>"",SUM(IF(WEEKDAY(-1+ROW(INDIRECT("1:"&(UZ12-UY12)+1)),2)={5},1,0)),0),0)} -> 0 | VF12: {=IFERROR(IF($M12<>"",SUM(IF(WEEKDAY(-1+ROW(INDIRECT("1:"&(UZ12-UY12)+1)),2)={6},1,0)),0),0)} -> 0 | VG12: {=IFERROR(IF($N12<>"",SUM(IF(WEEKDAY(-1+ROW(INDIRECT("1:"&(UZ12-UY12)+1)),2)={7},1,0)),0),0)} -> 0 | VH12: =SUM(VA12:VG12)-UX12 -> 0 | VI12: =SUMPRODUCT(($W$10:$NO$10>=UY12)*($W$10:$NO$10<=UZ12)*($W12:$NO12="1/8"&VI$10))*0.125+SUMPRODUCT(($W$10:$NO$10>=UY12)*($W$10:$NO$10<=UZ12)*($W12:$NO12="1/4"&VI$10))*0.25+SUMPRODUCT(($W$10:$NO$10>=UY12)*($W$10:$NO$10<=UZ12)*($W12:$NO12="1/2"&VI$10))*0.5+SUMPRODUCT(($W$10:$NO$10>=UY12)*($W$10:$NO$10<=UZ12)*($W12:$NO12=VI$10)) -> 0 | VJ12: =SUMPRODUCT(($W$10:$NO$10>=UY12)*($W$10:$NO$10<=UZ12)*($W12:$NO12="1/8"&VJ$10))*0.125+SUMPRODUCT(($W$10:$NO$10>=UY12)*($W$10:$NO$10<=UZ12)*($W12:$NO12="1/4"&VJ$10))*0.25+SUMPRODUCT(($W$10:$NO$10>=UY12)*($W$10:$NO$10<=UZ12)*($W12:$NO12="1/2"&VJ$10))*0.5+SUMPRODUCT(($W$10:$NO$10>=UY12)*($W$10:$NO$10<=UZ12)*($W12:$NO12=VJ$10)) -> 0 | VK12: =SUMPRODUCT(($W$10:$NO$10>=UY12)*($W$10:$NO$10<=UZ12)*($W12:$NO12="1/8"&VK$10))*0.125+SUMPRODUCT(($W$10:$NO$10>=UY12)*($W$10:$NO$10<=UZ12)*($W12:$NO12="1/4"&VK$10))*0.25+SUMPRODUCT(($W$10:$NO$10>=UY12)*($W$10:$NO$10<=UZ12)*($W12:$NO12="1/2"&VK$10))*0.5+SUMPRODUCT(($W$10:$NO$10>=UY12)*($W$10:$NO$10<=UZ12)*($W12:$NO12=VK$10)) -> 0 | VL12: =SUMPRODUCT(($W$10:$NO$10>=UY12)*($W$10:$NO$10<=UZ12)*($W12:$NO12="1/8"&VL$10))*0.125+SUMPRODUCT(($W$10:$NO$10>=UY12)*($W$10:$NO$10<=UZ12)*($W12:$NO12="1/4"&VL$10))*0.25+SUMPRODUCT(($W$10:$NO$10>=UY12)*($W$10:$NO$10<=UZ12)*($W12:$NO12="1/2"&VL$10))*0.5+SUMPRODUCT(($W$10:$NO$10>=UY12)*($W$10:$NO$10<=UZ12)*($W12:$NO12=VL$10)) -> 0 | VM12: =SUMPRODUCT(($W$10:$NO$10>=UY12)*($W$10:$NO$10<=UZ12)*($W12:$NO12="1/8"&VM$10))*0.125+SUMPRODUCT(($W$10:$NO$10>=UY12)*($W$10:$NO$10<=UZ12)*($W12:$NO12="1/4"&VM$10))*0.25+SUMPRODUCT(($W$10:$NO$10>=UY12)*($W$10:$NO$10<=UZ12)*($W12:$NO12="1/2"&VM$10))*0.5+SUMPRODUCT(($W$10:$NO$10>=UY12)*($W$10:$NO$10<=UZ12)*($W12:$NO12=VM$10)) -> 0 | VN12: =SUMPRODUCT(($W$10:$NO$10>=UY12)*($W$10:$NO$10<=UZ12)*($W12:$NO12="1/8"&VN$10))*0.125+SUMPRODUCT(($W$10:$NO$10>=UY12)*($W$10:$NO$10<=UZ12)*($W12:$NO12="1/4"&VN$10))*0.25+SUMPRODUCT(($W$10:$NO$10>=UY12)*($W$10:$NO$10<=UZ12)*($W12:$NO12="1/2"&VN$10))*0.5+SUMPRODUCT(($W$10:$NO$10>=UY12)*($W$10:$NO$10<=UZ12)*($W12:$NO12=VN$10)) -> 0 | VO12: =SUMPRODUCT(($W$10:$NO$10>=UY12)*($W$10:$NO$10<=UZ12)*($W12:$NO12="1/8"&VO$10))*0.125+SUMPRODUCT(($W$10:$NO$10>=UY12)*($W$10:$NO$10<=UZ12)*($W12:$NO12="1/4"&VO$10))*0.25+SUMPRODUCT(($W$10:$NO$10>=UY12)*($W$10:$NO$10<=UZ12)*($W12:$NO12="1/2"&VO$10))*0.5+SUMPRODUCT(($W$10:$NO$10>=UY12)*($W$10:$NO$10<=UZ12)*($W12:$NO12=VO$10)) -> 0 | VP12: =SUMPRODUCT(($W$10:$NO$10>=UY12)*($W$10:$NO$10<=UZ12)*($W12:$NO12="1/8"&VP$10))*0.125+SUMPRODUCT(($W$10:$NO$10>=UY12)*($W$10:$NO$10<=UZ12)*($W12:$NO12="1/4"&VP$10))*0.25+SUMPRODUCT(($W$10:$NO$10>=UY12)*($W$10:$NO$10<=UZ12)*($W12:$NO12="1/2"&VP$10))*0.5+SUMPRODUCT(($W$10:$NO$10>=UY12)*($W$10:$NO$10<=UZ12)*($W12:$NO12=VP$10)) -> 0 | VQ12: =VH12-SUM(VI12:VP12) -> 0 | VR12: =SUMPRODUCT(($W$10:$NO$10>=VS12)*($W$10:$NO$10<=VT12)*($W12:$NO12=$V$4)) -> 0 | VS12: =IF($D12<>"",IF($D12<VS$9,VS$9,$D12),VS$9) -> 45170 | VT12: =IF($E12<>"",IF($E12<VT$9,$E12,VT$9),VT$9) -> 42128 | VU12: {=IFERROR(IF($H12<>"",SUM(IF(WEEKDAY(-1+ROW(INDIRECT("1:"&(VT12-VS12)+1)),2)={1},1,0)),0),0)} -> 0 | VV12: {=IFERROR(IF($I12<>"",SUM(IF(WEEKDAY(-1+ROW(INDIRECT("1:"&(VT12-VS12)+1)),2)={2},1,0)),0),0)} -> 0 | VW12: {=IFERROR(IF($J12<>"",SUM(IF(WEEKDAY(-1+ROW(INDIRECT("1:"&(VT12-VS12)+1)),2)={3},1,0)),0),0)} -> 0 | VX12: {=IFERROR(IF($K12<>"",SUM(IF(WEEKDAY(-1+ROW(INDIRECT("1:"&(VT12-VS12)+1)),2)={4},1,0)),0),0)} -> 0 | VY12: {=IFERROR(IF($L12<>"",SUM(IF(WEEKDAY(-1+ROW(INDIRECT("1:"&(VT12-VS12)+1)),2)={5},1,0)),0),0)} -> 0 | VZ12: {=IFERROR(IF($M12<>"",SUM(IF(WEEKDAY(-1+ROW(INDIRECT("1:"&(VT12-VS12)+1)),2)={6},1,0)),0),0)} -> 0 | WA12: {=IFERROR(IF($N12<>"",SUM(IF(WEEKDAY(-1+ROW(INDIRECT("1:"&(VT12-VS12)+1)),2)={7},1,0)),0),0)} -> 0 | WB12: =SUM(VU12:WA12)-VR12 -> 0 | WC12: =SUMPRODUCT(($W$10:$NO$10>=VS12)*($W$10:$NO$10<=VT12)*($W12:$NO12="1/8"&WC$10))*0.125+SUMPRODUCT(($W$10:$NO$10>=VS12)*($W$10:$NO$10<=VT12)*($W12:$NO12="1/4"&WC$10))*0.25+SUMPRODUCT(($W$10:$NO$10>=VS12)*($W$10:$NO$10<=VT12)*($W12:$NO12="1/2"&WC$10))*0.5+SUMPRODUCT(($W$10:$NO$10>=VS12)*($W$10:$NO$10<=VT12)*($W12:$NO12=WC$10)) -> 0 | WD12: =SUMPRODUCT(($W$10:$NO$10>=VS12)*($W$10:$NO$10<=VT12)*($W12:$NO12="1/8"&WD$10))*0.125+SUMPRODUCT(($W$10:$NO$10>=VS12)*($W$10:$NO$10<=VT12)*($W12:$NO12="1/4"&WD$10))*0.25+SUMPRODUCT(($W$10:$NO$10>=VS12)*($W$10:$NO$10<=VT12)*($W12:$NO12="1/2"&WD$10))*0.5+SUMPRODUCT(($W$10:$NO$10>=VS12)*($W$10:$NO$10<=VT12)*($W12:$NO12=WD$10)) -> 0 | WE12: =SUMPRODUCT(($W$10:$NO$10>=VS12)*($W$10:$NO$10<=VT12)*($W12:$NO12="1/8"&WE$10))*0.125+SUMPRODUCT(($W$10:$NO$10>=VS12)*($W$10:$NO$10<=VT12)*($W12:$NO12="1/4"&WE$10))*0.25+SUMPRODUCT(($W$10:$NO$10>=VS12)*($W$10:$NO$10<=VT12)*($W12:$NO12="1/2"&WE$10))*0.5+SUMPRODUCT(($W$10:$NO$10>=VS12)*($W$10:$NO$10<=VT12)*($W12:$NO12=WE$10)) -> 0 | WF12: =SUMPRODUCT(($W$10:$NO$10>=VS12)*($W$10:$NO$10<=VT12)*($W12:$NO12="1/8"&WF$10))*0.125+SUMPRODUCT(($W$10:$NO$10>=VS12)*($W$10:$NO$10<=VT12)*($W12:$NO12="1/4"&WF$10))*0.25+SUMPRODUCT(($W$10:$NO$10>=VS12)*($W$10:$NO$10<=VT12)*($W12:$NO12="1/2"&WF$10))*0.5+SUMPRODUCT(($W$10:$NO$10>=VS12)*($W$10:$NO$10<=VT12)*($W12:$NO12=WF$10)) -> 0 | WG12: =SUMPRODUCT(($W$10:$NO$10>=VS12)*($W$10:$NO$10<=VT12)*($W12:$NO12="1/8"&WG$10))*0.125+SUMPRODUCT(($W$10:$NO$10>=VS12)*($W$10:$NO$10<=VT12)*($W12:$NO12="1/4"&WG$10))*0.25+SUMPRODUCT(($W$10:$NO$10>=VS12)*($W$10:$NO$10<=VT12)*($W12:$NO12="1/2"&WG$10))*0.5+SUMPRODUCT(($W$10:$NO$10>=VS12)*($W$10:$NO$10<=VT12)*($W12:$NO12=WG$10)) -> 0 | WH12: =SUMPRODUCT(($W$10:$NO$10>=VS12)*($W$10:$NO$10<=VT12)*($W12:$NO12="1/8"&WH$10))*0.125+SUMPRODUCT(($W$10:$NO$10>=VS12)*($W$10:$NO$10<=VT12)*($W12:$NO12="1/4"&WH$10))*0.25+SUMPRODUCT(($W$10:$NO$10>=VS12)*($W$10:$NO$10<=VT12)*($W12:$NO12="1/2"&WH$10))*0.5+SUMPRODUCT(($W$10:$NO$10>=VS12)*($W$10:$NO$10<=VT12)*($W12:$NO12=WH$10)) -> 0 | WI12: =SUMPRODUCT(($W$10:$NO$10>=VS12)*($W$10:$NO$10<=VT12)*($W12:$NO12="1/8"&WI$10))*0.125+SUMPRODUCT(($W$10:$NO$10>=VS12)*($W$10:$NO$10<=VT12)*($W12:$NO12="1/4"&WI$10))*0.25+SUMPRODUCT(($W$10:$NO$10>=VS12)*($W$10:$NO$10<=VT12)*($W12:$NO12="1/2"&WI$10))*0.5+SUMPRODUCT(($W$10:$NO$10>=VS12)*($W$10:$NO$10<=VT12)*($W12:$NO12=WI$10)) -> 0 | WJ12: =SUMPRODUCT(($W$10:$NO$10>=VS12)*($W$10:$NO$10<=VT12)*($W12:$NO12="1/8"&WJ$10))*0.125+SUMPRODUCT(($W$10:$NO$10>=VS12)*($W$10:$NO$10<=VT12)*($W12:$NO12="1/4"&WJ$10))*0.25+SUMPRODUCT(($W$10:$NO$10>=VS12)*($W$10:$NO$10<=VT12)*($W12:$NO12="1/2"&WJ$10))*0.5+SUMPRODUCT(($W$10:$NO$10>=VS12)*($W$10:$NO$10<=VT12)*($W12:$NO12=WJ$10)) -> 0 | WK12: =WB12-SUM(WC12:WJ12) -> 0 | WL12: =SUMPRODUCT(($W$10:$NO$10>=WM12)*($W$10:$NO$10<=WN12)*($W12:$NO12=$V$4)) -> 0 | WM12: =IF($D12<>"",IF($D12<WM$9,WM$9,$D12),WM$9) -> 45200 | WN12: =IF($E12<>"",IF($E12<WN$9,$E12,WN$9),WN$9) -> 42128 | WO12: {=IFERROR(IF($H12<>"",SUM(IF(WEEKDAY(-1+ROW(INDIRECT("1:"&(WN12-WM12)+1)),2)={1},1,0)),0),0)} -> 0 | WP12: {=IFERROR(IF($I12<>"",SUM(IF(WEEKDAY(-1+ROW(INDIRECT("1:"&(WN12-WM12)+1)),2)={2},1,0)),0),0)} -> 0 | WQ12: {=IFERROR(IF($J12<>"",SUM(IF(WEEKDAY(-1+ROW(INDIRECT("1:"&(WN12-WM12)+1)),2)={3},1,0)),0),0)} -> 0 | WR12: {=IFERROR(IF($K12<>"",SUM(IF(WEEKDAY(-1+ROW(INDIRECT("1:"&(WN12-WM12)+1)),2)={4},1,0)),0),0)} -> 0 | WS12: {=IFERROR(IF($L12<>"",SUM(IF(WEEKDAY(-1+ROW(INDIRECT("1:"&(WN12-WM12)+1)),2)={5},1,0)),0),0)} -> 0 | WT12: {=IFERROR(IF($M12<>"",SUM(IF(WEEKDAY(-1+ROW(INDIRECT("1:"&(WN12-WM12)+1)),2)={6},1,0)),0),0)} -> 0 | WU12: {=IFERROR(IF($N12<>"",SUM(IF(WEEKDAY(-1+ROW(INDIRECT("1:"&(WN12-WM12)+1)),2)={7},1,0)),0),0)} -> 0 | WV12: =SUM(WO12:WU12)-WL12 -> 0 | WW12: =SUMPRODUCT(($W$10:$NO$10>=WM12)*($W$10:$NO$10<=WN12)*($W12:$NO12="1/8"&WW$10))*0.125+SUMPRODUCT(($W$10:$NO$10>=WM12)*($W$10:$NO$10<=WN12)*($W12:$NO12="1/4"&WW$10))*0.25+SUMPRODUCT(($W$10:$NO$10>=WM12)*($W$10:$NO$10<=WN12)*($W12:$NO12="1/2"&WW$10))*0.5+SUMPRODUCT(($W$10:$NO$10>=WM12)*($W$10:$NO$10<=WN12)*($W12:$NO12=WW$10)) -> 0 | WX12: =SUMPRODUCT(($W$10:$NO$10>=WM12)*($W$10:$NO$10<=WN12)*($W12:$NO12="1/8"&WX$10))*0.125+SUMPRODUCT(($W$10:$NO$10>=WM12)*($W$10:$NO$10<=WN12)*($W12:$NO12="1/4"&WX$10))*0.25+SUMPRODUCT(($W$10:$NO$10>=WM12)*($W$10:$NO$10<=WN12)*($W12:$NO12="1/2"&WX$10))*0.5+SUMPRODUCT(($W$10:$NO$10>=WM12)*($W$10:$NO$10<=WN12)*($W12:$NO12=WX$10)) -> 0 | WY12: =SUMPRODUCT(($W$10:$NO$10>=WM12)*($W$10:$NO$10<=WN12)*($W12:$NO12="1/8"&WY$10))*0.125+SUMPRODUCT(($W$10:$NO$10>=WM12)*($W$10:$NO$10<=WN12)*($W12:$NO12="1/4"&WY$10))*0.25+SUMPRODUCT(($W$10:$NO$10>=WM12)*($W$10:$NO$10<=WN12)*($W12:$NO12="1/2"&WY$10))*0.5+SUMPRODUCT(($W$10:$NO$10>=WM12)*($W$10:$NO$10<=WN12)*($W12:$NO12=WY$10)) -> 0 | WZ12: =SUMPRODUCT(($W$10:$NO$10>=WM12)*($W$10:$NO$10<=WN12)*($W12:$NO12="1/8"&WZ$10))*0.125+SUMPRODUCT(($W$10:$NO$10>=WM12)*($W$10:$NO$10<=WN12)*($W12:$NO12="1/4"&WZ$10))*0.25+SUMPRODUCT(($W$10:$NO$10>=WM12)*($W$10:$NO$10<=WN12)*($W12:$NO12="1/2"&WZ$10))*0.5+SUMPRODUCT(($W$10:$NO$10>=WM12)*($W$10:$NO$10<=WN12)*($W12:$NO12=WZ$10)) -> 0 | XA12: =SUMPRODUCT(($W$10:$NO$10>=WM12)*($W$10:$NO$10<=WN12)*($W12:$NO12="1/8"&XA$10))*0.125+SUMPRODUCT(($W$10:$NO$10>=WM12)*($W$10:$NO$10<=WN12)*($W12:$NO12="1/4"&XA$10))*0.25+SUMPRODUCT(($W$10:$NO$10>=WM12)*($W$10:$NO$10<=WN12)*($W12:$NO12="1/2"&XA$10))*0.5+SUMPRODUCT(($W$10:$NO$10>=WM12)*($W$10:$NO$10<=WN12)*($W12:$NO12=XA$10)) -> 0 | XB12: =SUMPRODUCT(($W$10:$NO$10>=WM12)*($W$10:$NO$10<=WN12)*($W12:$NO12="1/8"&XB$10))*0.125+SUMPRODUCT(($W$10:$NO$10>=WM12)*($W$10:$NO$10<=WN12)*($W12:$NO12="1/4"&XB$10))*0.25+SUMPRODUCT(($W$10:$NO$10>=WM12)*($W$10:$NO$10<=WN12)*($W12:$NO12="1/2"&XB$10))*0.5+SUMPRODUCT(($W$10:$NO$10>=WM12)*($W$10:$NO$10<=WN12)*($W12:$NO12=XB$10)) -> 0 | XC12: =SUMPRODUCT(($W$10:$NO$10>=WM12)*($W$10:$NO$10<=WN12)*($W12:$NO12="1/8"&XC$10))*0.125+SUMPRODUCT(($W$10:$NO$10>=WM12)*($W$10:$NO$10<=WN12)*($W12:$NO12="1/4"&XC$10))*0.25+SUMPRODUCT(($W$10:$NO$10>=WM12)*($W$10:$NO$10<=WN12)*($W12:$NO12="1/2"&XC$10))*0.5+SUMPRODUCT(($W$10:$NO$10>=WM12)*($W$10:$NO$10<=WN12)*($W12:$NO12=XC$10)) -> 0 | XD12: =SUMPRODUCT(($W$10:$NO$10>=WM12)*($W$10:$NO$10<=WN12)*($W12:$NO12="1/8"&XD$10))*0.125+SUMPRODUCT(($W$10:$NO$10>=WM12)*($W$10:$NO$10<=WN12)*($W12:$NO12="1/4"&XD$10))*0.25+SUMPRODUCT(($W$10:$NO$10>=WM12)*($W$10:$NO$10<=WN12)*($W12:$NO12="1/2"&XD$10))*0.5+SUMPRODUCT(($W$10:$NO$10>=WM12)*($W$10:$NO$10<=WN12)*($W12:$NO12=XD$10)) -> 0 | XE12: =WV12-SUM(WW12:XD12) -> 0 | XF12: =SUMPRODUCT(($W$10:$NO$10>=XG12)*($W$10:$NO$10<=XH12)*($W12:$NO12=$V$4)) -> 0 | XG12: =IF($D12<>"",IF($D12<XG$9,XG$9,$D12),XG$9) -> 45231 | XH12: =IF($E12<>"",IF($E12<XH$9,$E12,XH$9),XH$9) -> 42128 | XI12: {=IFERROR(IF($H12<>"",SUM(IF(WEEKDAY(-1+ROW(INDIRECT("1:"&(XH12-XG12)+1)),2)={1},1,0)),0),0)} -> 0 | XJ12: {=IFERROR(IF($I12<>"",SUM(IF(WEEKDAY(-1+ROW(INDIRECT("1:"&(XH12-XG12)+1)),2)={2},1,0)),0),0)} -> 0 | XK12: {=IFERROR(IF($J12<>"",SUM(IF(WEEKDAY(-1+ROW(INDIRECT("1:"&(XH12-XG12)+1)),2)={3},1,0)),0),0)} -> 0 | XL12: {=IFERROR(IF($K12<>"",SUM(IF(WEEKDAY(-1+ROW(INDIRECT("1:"&(XH12-XG12)+1)),2)={4},1,0)),0),0)} -> 0 | XM12: {=IFERROR(IF($L12<>"",SUM(IF(WEEKDAY(-1+ROW(INDIRECT("1:"&(XH12-XG12)+1)),2)={5},1,0)),0),0)} -> 0 | XN12: {=IFERROR(IF($M12<>"",SUM(IF(WEEKDAY(-1+ROW(INDIRECT("1:"&(XH12-XG12)+1)),2)={6},1,0)),0),0)} -> 0 | XO12: {=IFERROR(IF($N12<>"",SUM(IF(WEEKDAY(-1+ROW(INDIRECT("1:"&(XH12-XG12)+1)),2)={7},1,0)),0),0)} -> 0 | XP12: =SUM(XI12:XO12)-XF12 -> 0 | XQ12: =SUMPRODUCT(($W$10:$NO$10>=XG12)*($W$10:$NO$10<=XH12)*($W12:$NO12="1/8"&XQ$10))*0.125+SUMPRODUCT(($W$10:$NO$10>=XG12)*($W$10:$NO$10<=XH12)*($W12:$NO12="1/4"&XQ$10))*0.25+SUMPRODUCT(($W$10:$NO$10>=XG12)*($W$10:$NO$10<=XH12)*($W12:$NO12="1/2"&XQ$10))*0.5+SUMPRODUCT(($W$10:$NO$10>=XG12)*($W$10:$NO$10<=XH12)*($W12:$NO12=XQ$10)) -> 0 | XR12: =SUMPRODUCT(($W$10:$NO$10>=XG12)*($W$10:$NO$10<=XH12)*($W12:$NO12="1/8"&XR$10))*0.125+SUMPRODUCT(($W$10:$NO$10>=XG12)*($W$10:$NO$10<=XH12)*($W12:$NO12="1/4"&XR$10))*0.25+SUMPRODUCT(($W$10:$NO$10>=XG12)*($W$10:$NO$10<=XH12)*($W12:$NO12="1/2"&XR$10))*0.5+SUMPRODUCT(($W$10:$NO$10>=XG12)*($W$10:$NO$10<=XH12)*($W12:$NO12=XR$10)) -> 0 | XS12: =SUMPRODUCT(($W$10:$NO$10>=XG12)*($W$10:$NO$10<=XH12)*($W12:$NO12="1/8"&XS$10))*0.125+SUMPRODUCT(($W$10:$NO$10>=XG12)*($W$10:$NO$10<=XH12)*($W12:$NO12="1/4"&XS$10))*0.25+SUMPRODUCT(($W$10:$NO$10>=XG12)*($W$10:$NO$10<=XH12)*($W12:$NO12="1/2"&XS$10))*0.5+SUMPRODUCT(($W$10:$NO$10>=XG12)*($W$10:$NO$10<=XH12)*($W12:$NO12=XS$10)) -> 0 | XT12: =SUMPRODUCT(($W$10:$NO$10>=XG12)*($W$10:$NO$10<=XH12)*($W12:$NO12="1/8"&XT$10))*0.125+SUMPRODUCT(($W$10:$NO$10>=XG12)*($W$10:$NO$10<=XH12)*($W12:$NO12="1/4"&XT$10))*0.25+SUMPRODUCT(($W$10:$NO$10>=XG12)*($W$10:$NO$10<=XH12)*($W12:$NO12="1/2"&XT$10))*0.5+SUMPRODUCT(($W$10:$NO$10>=XG12)*($W$10:$NO$10<=XH12)*($W12:$NO12=XT$10)) -> 0 | XU12: =SUMPRODUCT(($W$10:$NO$10>=XG12)*($W$10:$NO$10<=XH12)*($W12:$NO12="1/8"&XU$10))*0.125+SUMPRODUCT(($W$10:$NO$10>=XG12)*($W$10:$NO$10<=XH12)*($W12:$NO12="1/4"&XU$10))*0.25+SUMPRODUCT(($W$10:$NO$10>=XG12)*($W$10:$NO$10<=XH12)*($W12:$NO12="1/2"&XU$10))*0.5+SUMPRODUCT(($W$10:$NO$10>=XG12)*($W$10:$NO$10<=XH12)*($W12:$NO12=XU$10)) -> 0 | XV12: =SUMPRODUCT(($W$10:$NO$10>=XG12)*($W$10:$NO$10<=XH12)*($W12:$NO12="1/8"&XV$10))*0.125+SUMPRODUCT(($W$10:$NO$10>=XG12)*($W$10:$NO$10<=XH12)*($W12:$NO12="1/4"&XV$10))*0.25+SUMPRODUCT(($W$10:$NO$10>=XG12)*($W$10:$NO$10<=XH12)*($W12:$NO12="1/2"&XV$10))*0.5+SUMPRODUCT(($W$10:$NO$10>=XG12)*($W$10:$NO$10<=XH12)*($W12:$NO12=XV$10)) -> 0 | XW12: =SUMPRODUCT(($W$10:$NO$10>=XG12)*($W$10:$NO$10<=XH12)*($W12:$NO12="1/8"&XW$10))*0.125+SUMPRODUCT(($W$10:$NO$10>=XG12)*($W$10:$NO$10<=XH12)*($W12:$NO12="1/4"&XW$10))*0.25+SUMPRODUCT(($W$10:$NO$10>=XG12)*($W$10:$NO$10<=XH12)*($W12:$NO12="1/2"&XW$10))*0.5+SUMPRODUCT(($W$10:$NO$10>=XG12)*($W$10:$NO$10<=XH12)*($W12:$NO12=XW$10)) -> 0 | XX12: =SUMPRODUCT(($W$10:$NO$10>=XG12)*($W$10:$NO$10<=XH12)*($W12:$NO12="1/8"&XX$10))*0.125+SUMPRODUCT(($W$10:$NO$10>=XG12)*($W$10:$NO$10<=XH12)*($W12:$NO12="1/4"&XX$10))*0.25+SUMPRODUCT(($W$10:$NO$10>=XG12)*($W$10:$NO$10<=XH12)*($W12:$NO12="1/2"&XX$10))*0.5+SUMPRODUCT(($W$10:$NO$10>=XG12)*($W$10:$NO$10<=XH12)*($W12:$NO12=XX$10)) -> 0 | XY12: =XP12-SUM(XQ12:XX12) -> 0 | XZ12: =SUMPRODUCT(($W$10:$NO$10>=YA12)*($W$10:$NO$10<=YB12)*($W12:$NO12=$V$4)) -> 0 | YA12: =IF($D12<>"",IF($D12<YA$9,YA$9,$D12),YA$9) -> 45261 | YB12: =IF($E12<>"",IF($E12<YB$9,$E12,YB$9),YB$9) -> 42128 | YC12: {=IFERROR(IF($H12<>"",SUM(IF(WEEKDAY(-1+ROW(INDIRECT("1:"&(YB12-YA12)+1)),2)={1},1,0)),0),0)} -> 0 | YD12: {=IFERROR(IF($I12<>"",SUM(IF(WEEKDAY(-1+ROW(INDIRECT("1:"&(YB12-YA12)+1)),2)={2},1,0)),0),0)} -> 0 | YE12: {=IFERROR(IF($J12<>"",SUM(IF(WEEKDAY(-1+ROW(INDIRECT("1:"&(YB12-YA12)+1)),2)={3},1,0)),0),0)} -> 0 | YF12: {=IFERROR(IF($K12<>"",SUM(IF(WEEKDAY(-1+ROW(INDIRECT("1:"&(YB12-YA12)+1)),2)={4},1,0)),0),0)} -> 0 | YG12: {=IFERROR(IF($L12<>"",SUM(IF(WEEKDAY(-1+ROW(INDIRECT("1:"&(YB12-YA12)+1)),2)={5},1,0)),0),0)} -> 0 | YH12: {=IFERROR(IF($M12<>"",SUM(IF(WEEKDAY(-1+ROW(INDIRECT("1:"&(YB12-YA12)+1)),2)={6},1,0)),0),0)} -> 0 | YI12: {=IFERROR(IF($N12<>"",SUM(IF(WEEKDAY(-1+ROW(INDIRECT("1:"&(YB12-YA12)+1)),2)={7},1,0)),0),0)} -> 0 | YJ12: =SUM(YC12:YI12)-XZ12 -> 0 | YK12: =SUMPRODUCT(($W$10:$NO$10>=YA12)*($W$10:$NO$10<=YB12)*($W12:$NO12="1/8"&YK$10))*0.125+SUMPRODUCT(($W$10:$NO$10>=YA12)*($W$10:$NO$10<=YB12)*($W12:$NO12="1/4"&YK$10))*0.25+SUMPRODUCT(($W$10:$NO$10>=YA12)*($W$10:$NO$10<=YB12)*($W12:$NO12="1/2"&YK$10))*0.5+SUMPRODUCT(($W$10:$NO$10>=YA12)*($W$10:$NO$10<=YB12)*($W12:$NO12=YK$10)) -> 0 | YL12: =SUMPRODUCT(($W$10:$NO$10>=YA12)*($W$10:$NO$10<=YB12)*($W12:$NO12="1/8"&YL$10))*0.125+SUMPRODUCT(($W$10:$NO$10>=YA12)*($W$10:$NO$10<=YB12)*($W12:$NO12="1/4"&YL$10))*0.25+SUMPRODUCT(($W$10:$NO$10>=YA12)*($W$10:$NO$10<=YB12)*($W12:$NO12="1/2"&YL$10))*0.5+SUMPRODUCT(($W$10:$NO$10>=YA12)*($W$10:$NO$10<=YB12)*($W12:$NO12=YL$10)) -> 0 | YM12: =SUMPRODUCT(($W$10:$NO$10>=YA12)*($W$10:$NO$10<=YB12)*($W12:$NO12="1/8"&YM$10))*0.125+SUMPRODUCT(($W$10:$NO$10>=YA12)*($W$10:$NO$10<=YB12)*($W12:$NO12="1/4"&YM$10))*0.25+SUMPRODUCT(($W$10:$NO$10>=YA12)*($W$10:$NO$10<=YB12)*($W12:$NO12="1/2"&YM$10))*0.5+SUMPRODUCT(($W$10:$NO$10>=YA12)*($W$10:$NO$10<=YB12)*($W12:$NO12=YM$10)) -> 0 | YN12: =SUMPRODUCT(($W$10:$NO$10>=YA12)*($W$10:$NO$10<=YB12)*($W12:$NO12="1/8"&YN$10))*0.125+SUMPRODUCT(($W$10:$NO$10>=YA12)*($W$10:$NO$10<=YB12)*($W12:$NO12="1/4"&YN$10))*0.25+SUMPRODUCT(($W$10:$NO$10>=YA12)*($W$10:$NO$10<=YB12)*($W12:$NO12="1/2"&YN$10))*0.5+SUMPRODUCT(($W$10:$NO$10>=YA12)*($W$10:$NO$10<=YB12)*($W12:$NO12=YN$10)) -> 0 | YO12: =SUMPRODUCT(($W$10:$NO$10>=YA12)*($W$10:$NO$10<=YB12)*($W12:$NO12="1/8"&YO$10))*0.125+SUMPRODUCT(($W$10:$NO$10>=YA12)*($W$10:$NO$10<=YB12)*($W12:$NO12="1/4"&YO$10))*0.25+SUMPRODUCT(($W$10:$NO$10>=YA12)*($W$10:$NO$10<=YB12)*($W12:$NO12="1/2"&YO$10))*0.5+SUMPRODUCT(($W$10:$NO$10>=YA12)*($W$10:$NO$10<=YB12)*($W12:$NO12=YO$10)) -> 0 | YP12: =SUMPRODUCT(($W$10:$NO$10>=YA12)*($W$10:$NO$10<=YB12)*($W12:$NO12="1/8"&YP$10))*0.125+SUMPRODUCT(($W$10:$NO$10>=YA12)*($W$10:$NO$10<=YB12)*($W12:$NO12="1/4"&YP$10))*0.25+SUMPRODUCT(($W$10:$NO$10>=YA12)*($W$10:$NO$10<=YB12)*($W12:$NO12="1/2"&YP$10))*0.5+SUMPRODUCT(($W$10:$NO$10>=YA12)*($W$10:$NO$10<=YB12)*($W12:$NO12=YP$10)) -> 0 | YQ12: =SUMPRODUCT(($W$10:$NO$10>=YA12)*($W$10:$NO$10<=YB12)*($W12:$NO12="1/8"&YQ$10))*0.125+SUMPRODUCT(($W$10:$NO$10>=YA12)*($W$10:$NO$10<=YB12)*($W12:$NO12="1/4"&YQ$10))*0.25+SUMPRODUCT(($W$10:$NO$10>=YA12)*($W$10:$NO$10<=YB12)*($W12:$NO12="1/2"&YQ$10))*0.5+SUMPRODUCT(($W$10:$NO$10>=YA12)*($W$10:$NO$10<=YB12)*($W12:$NO12=YQ$10)) -> 0 | YR12: =SUMPRODUCT(($W$10:$NO$10>=YA12)*($W$10:$NO$10<=YB12)*($W12:$NO12="1/8"&YR$10))*0.125+SUMPRODUCT(($W$10:$NO$10>=YA12)*($W$10:$NO$10<=YB12)*($W12:$NO12="1/4"&YR$10))*0.25+SUMPRODUCT(($W$10:$NO$10>=YA12)*($W$10:$NO$10<=YB12)*($W12:$NO12="1/2"&YR$10))*0.5+SUMPRODUCT(($W$10:$NO$10>=YA12)*($W$10:$NO$10<=YB12)*($W12:$NO12=YR$10)) -> 0 | YS12: =YJ12-SUM(YK12:YR12) -> 0
B13: 3 | C13: John Doe 3 | D13: 41974 | E13: 42128 | F13: Marketing | G13: 8 | H13: v | I13: v | J13: v | K13: v | L13: v | BB13: R | DM13: R | GS13: R | GT13: R | GZ13: R | HX13: R | KX13: R | LA13: R | LI13: R | NE13: R | NY13: =COUNTIF($W13:$NX13,"1/8"&NY$10)*0.125+COUNTIF($W13:$NX13,"1/4"&NY$10)*0.25+COUNTIF($W13:$NX13,"1/2"&NY$10)*0.5+COUNTIF($W13:$NX13,NY$10) -> 0 | NZ13: =COUNTIF($W13:$NX13,"1/8"&NZ$10)*0.125+COUNTIF($W13:$NX13,"1/4"&NZ$10)*0.25+COUNTIF($W13:$NX13,"1/2"&NZ$10)*0.5+COUNTIF($W13:$NX13,NZ$10) -> 0 | OA13: =COUNTIF($W13:$NX13,"1/8"&OA$10)*0.125+COUNTIF($W13:$NX13,"1/4"&OA$10)*0.25+COUNTIF($W13:$NX13,"1/2"&OA$10)*0.5+COUNTIF($W13:$NX13,OA$10) -> 0 | OB13: =COUNTIF($W13:$NX13,"1/8"&OB$10)*0.125+COUNTIF($W13:$NX13,"1/4"&OB$10)*0.25+COUNTIF($W13:$NX13,"1/2"&OB$10)*0.5+COUNTIF($W13:$NX13,OB$10) -> 0 | OC13: =COUNTIF($W13:$NX13,"1/8"&OC$10)*0.125+COUNTIF($W13:$NX13,"1/4"&OC$10)*0.25+COUNTIF($W13:$NX13,"1/2"&OC$10)*0.5+COUNTIF($W13:$NX13,OC$10) -> 0 | OD13: =COUNTIF($W13:$NX13,"1/8"&OD$10)*0.125+COUNTIF($W13:$NX13,"1/4"&OD$10)*0.25+COUNTIF($W13:$NX13,"1/2"&OD$10)*0.5+COUNTIF($W13:$NX13,OD$10) -> 0 | OE13: =COUNTIF($W13:$NX13,"1/8"&OE$10)*0.125+COUNTIF($W13:$NX13,"1/4"&OE$10)*0.25+COUNTIF($W13:$NX13,"1/2"&OE$10)*0.5+COUNTIF($W13:$NX13,OE$10) -> 0 | OF13: =COUNTIF($W13:$NX13,"1/8"&OF$10)*0.125+COUNTIF($W13:$NX13,"1/4"&OF$10)*0.25+COUNTIF($W13:$NX13,"1/2"&OF$10)*0.5+COUNTIF($W13:$NX13,OF$10) -> 0 | OG13: =O13-NY13 -> 0 | OH13: =P13-NZ13 -> 0 | OI13: =Q13-OA13 -> 0 | OJ13: =R13-OB13 -> 0 | OK13: =S13-OC13 -> 0 | OL13: =T13-OD13 -> 0 | OM13: =U13-OE13 -> 0 | ON13: =V13-OF13 -> 0 | OO13: =PL13 -> 0 | OP13: =OO13-SUM(NY13:OF13) -> 0 | PB13: =SUMPRODUCT(($W$10:$NO$10>=PC13)*($W$10:$NO$10<=PD13)*($W13:$NO13=$V$4)) -> 0 | PC13: =IF(D13<>"",IF(D13<$W$10,$W$10,D13),$W$10) -> 44927 | PD13: =IF(E13<>"",IF(E13<$OP$10,E13,$OP$10),$OP$10) -> 42128 | PE13: =IFERROR(IF(H13<>"",SUMPRODUCT(($W$9:$NW$9>=$PC13)*($W$9:$NW$9<=$PD13)*(WEEKDAY($W$9:$NW$9)=2)),0),0) -> 0 | PF13: =IFERROR(IF(I13<>"",SUMPRODUCT(($W$9:$NW$9>=$PC13)*($W$9:$NW$9<=$PD13)*(WEEKDAY($W$9:$NW$9)=3)),0),0) -> 0 | PG13: =IFERROR(IF(J13<>"",SUMPRODUCT(($W$9:$NW$9>=$PC13)*($W$9:$NW$9<=$PD13)*(WEEKDAY($W$9:$NW$9)=4)),0),0) -> 0 | PH13: =IFERROR(IF(K13<>"",SUMPRODUCT(($W$9:$NW$9>=$PC13)*($W$9:$NW$9<=$PD13)*(WEEKDAY($W$9:$NW$9)=5)),0),0) -> 0 | PI13: =IFERROR(IF(L13<>"",SUMPRODUCT(($W$9:$NW$9>=$PC13)*($W$9:$NW$9<=$PD13)*(WEEKDAY($W$9:$NW$9)=6)),0),0) -> 0 | PJ13: =IFERROR(IF(M13<>"",SUMPRODUCT(($W$9:$NW$9>=$PC13)*($W$9:$NW$9<=$PD13)*(WEEKDAY($W$9:$NW$9)=7)),0),0) -> 0 | PK13: =IFERROR(IF(N13<>"",SUMPRODUCT(($W$9:$NW$9>=$PC13)*($W$9:$NW$9<=$PD13)*(WEEKDAY($W$9:$NW$9)=8)),0),0) -> 0 | PL13: =SUM(PE13:PK13)-PB13 -> 0 | PM13: =PL13-SUM(NY13:OF13) -> 0 | PN13: =SUMPRODUCT(($W$10:$NO$10>=PO13)*($W$10:$NO$10<=PP13)*($W13:$NO13=$V$4)) -> 0 | PO13: =IF($D13<>"",IF($D13<PO$9,PO$9,$D13),PO$9) -> 44927 | PP13: =IF($E13<>"",IF($E13<PP$9,$E13,PP$9),PP$9) -> 42128 | PQ13: {=IFERROR(IF($H13<>"",SUM(IF(WEEKDAY(-1+ROW(INDIRECT("1:"&(PP13-PO13)+1)),2)={1},1,0)),0),0)} -> 0 | PR13: {=IFERROR(IF($I13<>"",SUM(IF(WEEKDAY(-1+ROW(INDIRECT("1:"&(PP13-PO13)+1)),2)={2},1,0)),0),0)} -> 0 | PS13: {=IFERROR(IF($J13<>"",SUM(IF(WEEKDAY(-1+ROW(INDIRECT("1:"&(PP13-PO13)+1)),2)={3},1,0)),0),0)} -> 0 | PT13: {=IFERROR(IF($K13<>"",SUM(IF(WEEKDAY(-1+ROW(INDIRECT("1:"&(PP13-PO13)+1)),2)={4},1,0)),0),0)} -> 0 | PU13: {=IFERROR(IF($L13<>"",SUM(IF(WEEKDAY(-1+ROW(INDIRECT("1:"&(PP13-PO13)+1)),2)={5},1,0)),0),0)} -> 0 | PV13: {=IFERROR(IF($M13<>"",SUM(IF(WEEKDAY(-1+ROW(INDIRECT("1:"&(PP13-PO13)+1)),2)={6},1,0)),0),0)} -> 0 | PW13: {=IFERROR(IF($N13<>"",SUM(IF(WEEKDAY(-1+ROW(INDIRECT("1:"&(PP13-PO13)+1)),2)={7},1,0)),0),0)} -> 0 | PX13: =SUM(PQ13:PW13)-PN13 -> 0 | PY13: =SUMPRODUCT(($W$10:$NO$10>=PO13)*($W$10:$NO$10<=PP13)*($W13:$NO13="1/8"&PY$10))*0.125+SUMPRODUCT(($W$10:$NO$10>=PO13)*($W$10:$NO$10<=PP13)*($W13:$NO13="1/4"&PY$10))*0.25+SUMPRODUCT(($W$10:$NO$10>=PO13)*($W$10:$NO$10<=PP13)*($W13:$NO13="1/2"&PY$10))*0.5+SUMPRODUCT(($W$10:$NO$10>=PO13)*($W$10:$NO$10<=PP13)*($W13:$NO13=PY$10)) -> 0 | PZ13: =SUMPRODUCT(($W$10:$NO$10>=PO13)*($W$10:$NO$10<=PP13)*($W13:$NO13="1/8"&PZ$10))*0.125+SUMPRODUCT(($W$10:$NO$10>=PO13)*($W$10:$NO$10<=PP13)*($W13:$NO13="1/4"&PZ$10))*0.25+SUMPRODUCT(($W$10:$NO$10>=PO13)*($W$10:$NO$10<=PP13)*($W13:$NO13="1/2"&PZ$10))*0.5+SUMPRODUCT(($W$10:$NO$10>=PO13)*($W$10:$NO$10<=PP13)*($W13:$NO13=PZ$10)) -> 0 | QA13: =SUMPRODUCT(($W$10:$NO$10>=PO13)*($W$10:$NO$10<=PP13)*($W13:$NO13="1/8"&QA$10))*0.125+SUMPRODUCT(($W$10:$NO$10>=PO13)*($W$10:$NO$10<=PP13)*($W13:$NO13="1/4"&QA$10))*0.25+SUMPRODUCT(($W$10:$NO$10>=PO13)*($W$10:$NO$10<=PP13)*($W13:$NO13="1/2"&QA$10))*0.5+SUMPRODUCT(($W$10:$NO$10>=PO13)*($W$10:$NO$10<=PP13)*($W13:$NO13=QA$10)) -> 0 | QB13: =SUMPRODUCT(($W$10:$NO$10>=PO13)*($W$10:$NO$10<=PP13)*($W13:$NO13="1/8"&QB$10))*0.125+SUMPRODUCT(($W$10:$NO$10>=PO13)*($W$10:$NO$10<=PP13)*($W13:$NO13="1/4"&QB$10))*0.25+SUMPRODUCT(($W$10:$NO$10>=PO13)*($W$10:$NO$10<=PP13)*($W13:$NO13="1/2"&QB$10))*0.5+SUMPRODUCT(($W$10:$NO$10>=PO13)*($W$10:$NO$10<=PP13)*($W13:$NO13=QB$10)) -> 0 | QC13: =SUMPRODUCT(($W$10:$NO$10>=PO13)*($W$10:$NO$10<=PP13)*($W13:$NO13="1/8"&QC$10))*0.125+SUMPRODUCT(($W$10:$NO$10>=PO13)*($W$10:$NO$10<=PP13)*($W13:$NO13="1/4"&QC$10))*0.25+SUMPRODUCT(($W$10:$NO$10>=PO13)*($W$10:$NO$10<=PP13)*($W13:$NO13="1/2"&QC$10))*0.5+SUMPRODUCT(($W$10:$NO$10>=PO13)*($W$10:$NO$10<=PP13)*($W13:$NO13=QC$10)) -> 0 | QD13: =SUMPRODUCT(($W$10:$NO$10>=PO13)*($W$10:$NO$10<=PP13)*($W13:$NO13="1/8"&QD$10))*0.125+SUMPRODUCT(($W$10:$NO$10>=PO13)*($W$10:$NO$10<=PP13)*($W13:$NO13="1/4"&QD$10))*0.25+SUMPRODUCT(($W$10:$NO$10>=PO13)*($W$10:$NO$10<=PP13)*($W13:$NO13="1/2"&QD$10))*0.5+SUMPRODUCT(($W$10:$NO$10>=PO13)*($W$10:$NO$10<=PP13)*($W13:$NO13=QD$10)) -> 0 | QE13: =SUMPRODUCT(($W$10:$NO$10>=PO13)*($W$10:$NO$10<=PP13)*($W13:$NO13="1/8"&QE$10))*0.125+SUMPRODUCT(($W$10:$NO$10>=PO13)*($W$10:$NO$10<=PP13)*($W13:$NO13="1/4"&QE$10))*0.25+SUMPRODUCT(($W$10:$NO$10>=PO13)*($W$10:$NO$10<=PP13)*($W13:$NO13="1/2"&QE$10))*0.5+SUMPRODUCT(($W$10:$NO$10>=PO13)*($W$10:$NO$10<=PP13)*($W13:$NO13=QE$10)) -> 0 | QF13: =SUMPRODUCT(($W$10:$NO$10>=PO13)*($W$10:$NO$10<=PP13)*($W13:$NO13="1/8"&QF$10))*0.125+SUMPRODUCT(($W$10:$NO$10>=PO13)*($W$10:$NO$10<=PP13)*($W13:$NO13="1/4"&QF$10))*0.25+SUMPRODUCT(($W$10:$NO$10>=PO13)*($W$10:$NO$10<=PP13)*($W13:$NO13="1/2"&QF$10))*0.5+SUMPRODUCT(($W$10:$NO$10>=PO13)*($W$10:$NO$10<=PP13)*($W13:$NO13=QF$10)) -> 0 | QG13: =PX13-SUM(PY13:QF13) -> 0 | QH13: =SUMPRODUCT(($W$10:$NO$10>=QI13)*($W$10:$NO$10<=QJ13)*($W13:$NO13=$V$4)) -> 0 | QI13: =IF($D13<>"",IF($D13<QI$9,QI$9,$D13),QI$9) -> 44958 | QJ13: =IF($E13<>"",IF($E13<QJ$9,$E13,QJ$9),QJ$9) -> 42128 | QK13: {=IFERROR(IF($H13<>"",SUM(IF(WEEKDAY(-1+ROW(INDIRECT("1:"&(QJ13-QI13)+1)),2)={1},1,0)),0),0)} -> 0 | QL13: {=IFERROR(IF($I13<>"",SUM(IF(WEEKDAY(-1+ROW(INDIRECT("1:"&(QJ13-QI13)+1)),2)={2},1,0)),0),0)} -> 0 | QM13: {=IFERROR(IF($J13<>"",SUM(IF(WEEKDAY(-1+ROW(INDIRECT("1:"&(QJ13-QI13)+1)),2)={3},1,0)),0),0)} -> 0 | QN13: {=IFERROR(IF($K13<>"",SUM(IF(WEEKDAY(-1+ROW(INDIRECT("1:"&(QJ13-QI13)+1)),2)={4},1,0)),0),0)} -> 0 | QO13: {=IFERROR(IF($L13<>"",SUM(IF(WEEKDAY(-1+ROW(INDIRECT("1:"&(QJ13-QI13)+1)),2)={5},1,0)),0),0)} -> 0 | QP13: {=IFERROR(IF($M13<>"",SUM(IF(WEEKDAY(-1+ROW(INDIRECT("1:"&(QJ13-QI13)+1)),2)={6},1,0)),0),0)} -> 0 | QQ13: {=IFERROR(IF($N13<>"",SUM(IF(WEEKDAY(-1+ROW(INDIRECT("1:"&(QJ13-QI13)+1)),2)={7},1,0)),0),0)} -> 0 | QR13: =SUM(QK13:QQ13)-QH13 -> 0 | QS13: =SUMPRODUCT(($W$10:$NO$10>=QI13)*($W$10:$NO$10<=QJ13)*($W13:$NO13="1/8"&QS$10))*0.125+SUMPRODUCT(($W$10:$NO$10>=QI13)*($W$10:$NO$10<=QJ13)*($W13:$NO13="1/4"&QS$10))*0.25+SUMPRODUCT(($W$10:$NO$10>=QI13)*($W$10:$NO$10<=QJ13)*($W13:$NO13="1/2"&QS$10))*0.5+SUMPRODUCT(($W$10:$NO$10>=QI13)*($W$10:$NO$10<=QJ13)*($W13:$NO13=QS$10)) -> 0 | QT13: =SUMPRODUCT(($W$10:$NO$10>=QI13)*($W$10:$NO$10<=QJ13)*($W13:$NO13="1/8"&QT$10))*0.125+SUMPRODUCT(($W$10:$NO$10>=QI13)*($W$10:$NO$10<=QJ13)*($W13:$NO13="1/4"&QT$10))*0.25+SUMPRODUCT(($W$10:$NO$10>=QI13)*($W$10:$NO$10<=QJ13)*($W13:$NO13="1/2"&QT$10))*0.5+SUMPRODUCT(($W$10:$NO$10>=QI13)*($W$10:$NO$10<=QJ13)*($W13:$NO13=QT$10)) -> 0 | QU13: =SUMPRODUCT(($W$10:$NO$10>=QI13)*($W$10:$NO$10<=QJ13)*($W13:$NO13="1/8"&QU$10))*0.125+SUMPRODUCT(($W$10:$NO$10>=QI13)*($W$10:$NO$10<=QJ13)*($W13:$NO13="1/4"&QU$10))*0.25+SUMPRODUCT(($W$10:$NO$10>=QI13)*($W$10:$NO$10<=QJ13)*($W13:$NO13="1/2"&QU$10))*0.5+SUMPRODUCT(($W$10:$NO$10>=QI13)*($W$10:$NO$10<=QJ13)*($W13:$NO13=QU$10)) -> 0 | QV13: =SUMPRODUCT(($W$10:$NO$10>=QI13)*($W$10:$NO$10<=QJ13)*($W13:$NO13="1/8"&QV$10))*0.125+SUMPRODUCT(($W$10:$NO$10>=QI13)*($W$10:$NO$10<=QJ13)*($W13:$NO13="1/4"&QV$10))*0.25+SUMPRODUCT(($W$10:$NO$10>=QI13)*($W$10:$NO$10<=QJ13)*($W13:$NO13="1/2"&QV$10))*0.5+SUMPRODUCT(($W$10:$NO$10>=QI13)*($W$10:$NO$10<=QJ13)*($W13:$NO13=QV$10)) -> 0 | QW13: =SUMPRODUCT(($W$10:$NO$10>=QI13)*($W$10:$NO$10<=QJ13)*($W13:$NO13="1/8"&QW$10))*0.125+SUMPRODUCT(($W$10:$NO$10>=QI13)*($W$10:$NO$10<=QJ13)*($W13:$NO13="1/4"&QW$10))*0.25+SUMPRODUCT(($W$10:$NO$10>=QI13)*($W$10:$NO$10<=QJ13)*($W13:$NO13="1/2"&QW$10))*0.5+SUMPRODUCT(($W$10:$NO$10>=QI13)*($W$10:$NO$10<=QJ13)*($W13:$NO13=QW$10)) -> 0 | QX13: =SUMPRODUCT(($W$10:$NO$10>=QI13)*($W$10:$NO$10<=QJ13)*($W13:$NO13="1/8"&QX$10))*0.125+SUMPRODUCT(($W$10:$NO$10>=QI13)*($W$10:$NO$10<=QJ13)*($W13:$NO13="1/4"&QX$10))*0.25+SUMPRODUCT(($W$10:$NO$10>=QI13)*($W$10:$NO$10<=QJ13)*($W13:$NO13="1/2"&QX$10))*0.5+SUMPRODUCT(($W$10:$NO$10>=QI13)*($W$10:$NO$10<=QJ13)*($W13:$NO13=QX$10)) -> 0 | QY13: =SUMPRODUCT(($W$10:$NO$10>=QI13)*($W$10:$NO$10<=QJ13)*($W13:$NO13="1/8"&QY$10))*0.125+SUMPRODUCT(($W$10:$NO$10>=QI13)*($W$10:$NO$10<=QJ13)*($W13:$NO13="1/4"&QY$10))*0.25+SUMPRODUCT(($W$10:$NO$10>=QI13)*($W$10:$NO$10<=QJ13)*($W13:$NO13="1/2"&QY$10))*0.5+SUMPRODUCT(($W$10:$NO$10>=QI13)*($W$10:$NO$10<=QJ13)*($W13:$NO13=QY$10)) -> 0 | QZ13: =SUMPRODUCT(($W$10:$NO$10>=QI13)*($W$10:$NO$10<=QJ13)*($W13:$NO13="1/8"&QZ$10))*0.125+SUMPRODUCT(($W$10:$NO$10>=QI13)*($W$10:$NO$10<=QJ13)*($W13:$NO13="1/4"&QZ$10))*0.25+SUMPRODUCT(($W$10:$NO$10>=QI13)*($W$10:$NO$10<=QJ13)*($W13:$NO13="1/2"&QZ$10))*0.5+SUMPRODUCT(($W$10:$NO$10>=QI13)*($W$10:$NO$10<=QJ13)*($W13:$NO13=QZ$10)) -> 0 | RA13: =QR13-SUM(QS13:QZ13) -> 0 | RB13: =SUMPRODUCT(($W$10:$NO$10>=RC13)*($W$10:$NO$10<=RD13)*($W13:$NO13=$V$4)) -> 0 | RC13: =IF($D13<>"",IF($D13<RC$9,RC$9,$D13),RC$9) -> 44986 | RD13: =IF($E13<>"",IF($E13<RD$9,$E13,RD$9),RD$9) -> 42128 | RE13: {=IFERROR(IF($H13<>"",SUM(IF(WEEKDAY(-1+ROW(INDIRECT("1:"&(RD13-RC13)+1)),2)={1},1,0)),0),0)} -> 0 | RF13: {=IFERROR(IF($I13<>"",SUM(IF(WEEKDAY(-1+ROW(INDIRECT("1:"&(RD13-RC13)+1)),2)={2},1,0)),0),0)} -> 0 | RG13: {=IFERROR(IF($J13<>"",SUM(IF(WEEKDAY(-1+ROW(INDIRECT("1:"&(RD13-RC13)+1)),2)={3},1,0)),0),0)} -> 0 | RH13: {=IFERROR(IF($K13<>"",SUM(IF(WEEKDAY(-1+ROW(INDIRECT("1:"&(RD13-RC13)+1)),2)={4},1,0)),0),0)} -> 0 | RI13: {=IFERROR(IF($L13<>"",SUM(IF(WEEKDAY(-1+ROW(INDIRECT("1:"&(RD13-RC13)+1)),2)={5},1,0)),0),0)} -> 0 | RJ13: {=IFERROR(IF($M13<>"",SUM(IF(WEEKDAY(-1+ROW(INDIRECT("1:"&(RD13-RC13)+1)),2)={6},1,0)),0),0)} -> 0 | RK13: {=IFERROR(IF($N13<>"",SUM(IF(WEEKDAY(-1+ROW(INDIRECT("1:"&(RD13-RC13)+1)),2)={7},1,0)),0),0)} -> 0 | RL13: =SUM(RE13:RK13)-RB13 -> 0 | RM13: =SUMPRODUCT(($W$10:$NO$10>=RC13)*($W$10:$NO$10<=RD13)*($W13:$NO13="1/8"&RM$10))*0.125+SUMPRODUCT(($W$10:$NO$10>=RC13)*($W$10:$NO$10<=RD13)*($W13:$NO13="1/4"&RM$10))*0.25+SUMPRODUCT(($W$10:$NO$10>=RC13)*($W$10:$NO$10<=RD13)*($W13:$NO13="1/2"&RM$10))*0.5+SUMPRODUCT(($W$10:$NO$10>=RC13)*($W$10:$NO$10<=RD13)*($W13:$NO13=RM$10)) -> 0 | RN13: =SUMPRODUCT(($W$10:$NO$10>=RC13)*($W$10:$NO$10<=RD13)*($W13:$NO13="1/8"&RN$10))*0.125+SUMPRODUCT(($W$10:$NO$10>=RC13)*($W$10:$NO$10<=RD13)*($W13:$NO13="1/4"&RN$10))*0.25+SUMPRODUCT(($W$10:$NO$10>=RC13)*($W$10:$NO$10<=RD13)*($W13:$NO13="1/2"&RN$10))*0.5+SUMPRODUCT(($W$10:$NO$10>=RC13)*($W$10:$NO$10<=RD13)*($W13:$NO13=RN$10)) -> 0 | RO13: =SUMPRODUCT(($W$10:$NO$10>=RC13)*($W$10:$NO$10<=RD13)*($W13:$NO13="1/8"&RO$10))*0.125+SUMPRODUCT(($W$10:$NO$10>=RC13)*($W$10:$NO$10<=RD13)*($W13:$NO13="1/4"&RO$10))*0.25+SUMPRODUCT(($W$10:$NO$10>=RC13)*($W$10:$NO$10<=RD13)*($W13:$NO13="1/2"&RO$10))*0.5+SUMPRODUCT(($W$10:$NO$10>=RC13)*($W$10:$NO$10<=RD13)*($W13:$NO13=RO$10)) -> 0 | RP13: =SUMPRODUCT(($W$10:$NO$10>=RC13)*($W$10:$NO$10<=RD13)*($W13:$NO13="1/8"&RP$10))*0.125+SUMPRODUCT(($W$10:$NO$10>=RC13)*($W$10:$NO$10<=RD13)*($W13:$NO13="1/4"&RP$10))*0.25+SUMPRODUCT(($W$10:$NO$10>=RC13)*($W$10:$NO$10<=RD13)*($W13:$NO13="1/2"&RP$10))*0.5+SUMPRODUCT(($W$10:$NO$10>=RC13)*($W$10:$NO$10<=RD13)*($W13:$NO13=RP$10)) -> 0 | RQ13: =SUMPRODUCT(($W$10:$NO$10>=RC13)*($W$10:$NO$10<=RD13)*($W13:$NO13="1/8"&RQ$10))*0.125+SUMPRODUCT(($W$10:$NO$10>=RC13)*($W$10:$NO$10<=RD13)*($W13:$NO13="1/4"&RQ$10))*0.25+SUMPRODUCT(($W$10:$NO$10>=RC13)*($W$10:$NO$10<=RD13)*($W13:$NO13="1/2"&RQ$10))*0.5+SUMPRODUCT(($W$10:$NO$10>=RC13)*($W$10:$NO$10<=RD13)*($W13:$NO13=RQ$10)) -> 0 | RR13: =SUMPRODUCT(($W$10:$NO$10>=RC13)*($W$10:$NO$10<=RD13)*($W13:$NO13="1/8"&RR$10))*0.125+SUMPRODUCT(($W$10:$NO$10>=RC13)*($W$10:$NO$10<=RD13)*($W13:$NO13="1/4"&RR$10))*0.25+SUMPRODUCT(($W$10:$NO$10>=RC13)*($W$10:$NO$10<=RD13)*($W13:$NO13="1/2"&RR$10))*0.5+SUMPRODUCT(($W$10:$NO$10>=RC13)*($W$10:$NO$10<=RD13)*($W13:$NO13=RR$10)) -> 0 | RS13: =SUMPRODUCT(($W$10:$NO$10>=RC13)*($W$10:$NO$10<=RD13)*($W13:$NO13="1/8"&RS$10))*0.125+SUMPRODUCT(($W$10:$NO$10>=RC13)*($W$10:$NO$10<=RD13)*($W13:$NO13="1/4"&RS$10))*0.25+SUMPRODUCT(($W$10:$NO$10>=RC13)*($W$10:$NO$10<=RD13)*($W13:$NO13="1/2"&RS$10))*0.5+SUMPRODUCT(($W$10:$NO$10>=RC13)*($W$10:$NO$10<=RD13)*($W13:$NO13=RS$10)) -> 0 | RT13: =SUMPRODUCT(($W$10:$NO$10>=RC13)*($W$10:$NO$10<=RD13)*($W13:$NO13="1/8"&RT$10))*0.125+SUMPRODUCT(($W$10:$NO$10>=RC13)*($W$10:$NO$10<=RD13)*($W13:$NO13="1/4"&RT$10))*0.25+SUMPRODUCT(($W$10:$NO$10>=RC13)*($W$10:$NO$10<=RD13)*($W13:$NO13="1/2"&RT$10))*0.5+SUMPRODUCT(($W$10:$NO$10>=RC13)*($W$10:$NO$10<=RD13)*($W13:$NO13=RT$10)) -> 0 | RU13: =RL13-SUM(RM13:RT13) -> 0 | RV13: =SUMPRODUCT(($W$10:$NO$10>=RW13)*($W$10:$NO$10<=RX13)*($W13:$NO13=$V$4)) -> 0 | RW13: =IF($D13<>"",IF($D13<RW$9,RW$9,$D13),RW$9) -> 45017 | RX13: =IF($E13<>"",IF($E13<RX$9,$E13,RX$9),RX$9) -> 42128 | RY13: {=IFERROR(IF($H13<>"",SUM(IF(WEEKDAY(-1+ROW(INDIRECT("1:"&(RX13-RW13)+1)),2)={1},1,0)),0),0)} -> 0 | RZ13: {=IFERROR(IF($I13<>"",SUM(IF(WEEKDAY(-1+ROW(INDIRECT("1:"&(RX13-RW13)+1)),2)={2},1,0)),0),0)} -> 0 | SA13: {=IFERROR(IF($J13<>"",SUM(IF(WEEKDAY(-1+ROW(INDIRECT("1:"&(RX13-RW13)+1)),2)={3},1,0)),0),0)} -> 0 | SB13: {=IFERROR(IF($K13<>"",SUM(IF(WEEKDAY(-1+ROW(INDIRECT("1:"&(RX13-RW13)+1)),2)={4},1,0)),0),0)} -> 0 | SC13: {=IFERROR(IF($L13<>"",SUM(IF(WEEKDAY(-1+ROW(INDIRECT("1:"&(RX13-RW13)+1)),2)={5},1,0)),0),0)} -> 0 | SD13: {=IFERROR(IF($M13<>"",SUM(IF(WEEKDAY(-1+ROW(INDIRECT("1:"&(RX13-RW13)+1)),2)={6},1,0)),0),0)} -> 0 | SE13: {=IFERROR(IF($N13<>"",SUM(IF(WEEKDAY(-1+ROW(INDIRECT("1:"&(RX13-RW13)+1)),2)={7},1,0)),0),0)} -> 0 | SF13: =SUM(RY13:SE13)-RV13 -> 0 | SG13: =SUMPRODUCT(($W$10:$NO$10>=RW13)*($W$10:$NO$10<=RX13)*($W13:$NO13="1/8"&SG$10))*0.125+SUMPRODUCT(($W$10:$NO$10>=RW13)*($W$10:$NO$10<=RX13)*($W13:$NO13="1/4"&SG$10))*0.25+SUMPRODUCT(($W$10:$NO$10>=RW13)*($W$10:$NO$10<=RX13)*($W13:$NO13="1/2"&SG$10))*0.5+SUMPRODUCT(($W$10:$NO$10>=RW13)*($W$10:$NO$10<=RX13)*($W13:$NO13=SG$10)) -> 0 | SH13: =SUMPRODUCT(($W$10:$NO$10>=RW13)*($W$10:$NO$10<=RX13)*($W13:$NO13="1/8"&SH$10))*0.125+SUMPRODUCT(($W$10:$NO$10>=RW13)*($W$10:$NO$10<=RX13)*($W13:$NO13="1/4"&SH$10))*0.25+SUMPRODUCT(($W$10:$NO$10>=RW13)*($W$10:$NO$10<=RX13)*($W13:$NO13="1/2"&SH$10))*0.5+SUMPRODUCT(($W$10:$NO$10>=RW13)*($W$10:$NO$10<=RX13)*($W13:$NO13=SH$10)) -> 0 | SI13: =SUMPRODUCT(($W$10:$NO$10>=RW13)*($W$10:$NO$10<=RX13)*($W13:$NO13="1/8"&SI$10))*0.125+SUMPRODUCT(($W$10:$NO$10>=RW13)*($W$10:$NO$10<=RX13)*($W13:$NO13="1/4"&SI$10))*0.25+SUMPRODUCT(($W$10:$NO$10>=RW13)*($W$10:$NO$10<=RX13)*($W13:$NO13="1/2"&SI$10))*0.5+SUMPRODUCT(($W$10:$NO$10>=RW13)*($W$10:$NO$10<=RX13)*($W13:$NO13=SI$10)) -> 0 | SJ13: =SUMPRODUCT(($W$10:$NO$10>=RW13)*($W$10:$NO$10<=RX13)*($W13:$NO13="1/8"&SJ$10))*0.125+SUMPRODUCT(($W$10:$NO$10>=RW13)*($W$10:$NO$10<=RX13)*($W13:$NO13="1/4"&SJ$10))*0.25+SUMPRODUCT(($W$10:$NO$10>=RW13)*($W$10:$NO$10<=RX13)*($W13:$NO13="1/2"&SJ$10))*0.5+SUMPRODUCT(($W$10:$NO$10>=RW13)*($W$10:$NO$10<=RX13)*($W13:$NO13=SJ$10)) -> 0 | SK13: =SUMPRODUCT(($W$10:$NO$10>=RW13)*($W$10:$NO$10<=RX13)*($W13:$NO13="1/8"&SK$10))*0.125+SUMPRODUCT(($W$10:$NO$10>=RW13)*($W$10:$NO$10<=RX13)*($W13:$NO13="1/4"&SK$10))*0.25+SUMPRODUCT(($W$10:$NO$10>=RW13)*($W$10:$NO$10<=RX13)*($W13:$NO13="1/2"&SK$10))*0.5+SUMPRODUCT(($W$10:$NO$10>=RW13)*($W$10:$NO$10<=RX13)*($W13:$NO13=SK$10)) -> 0 | SL13: =SUMPRODUCT(($W$10:$NO$10>=RW13)*($W$10:$NO$10<=RX13)*($W13:$NO13="1/8"&SL$10))*0.125+SUMPRODUCT(($W$10:$NO$10>=RW13)*($W$10:$NO$10<=RX13)*($W13:$NO13="1/4"&SL$10))*0.25+SUMPRODUCT(($W$10:$NO$10>=RW13)*($W$10:$NO$10<=RX13)*($W13:$NO13="1/2"&SL$10))*0.5+SUMPRODUCT(($W$10:$NO$10>=RW13)*($W$10:$NO$10<=RX13)*($W13:$NO13=SL$10)) -> 0 | SM13: =SUMPRODUCT(($W$10:$NO$10>=RW13)*($W$10:$NO$10<=RX13)*($W13:$NO13="1/8"&SM$10))*0.125+SUMPRODUCT(($W$10:$NO$10>=RW13)*($W$10:$NO$10<=RX13)*($W13:$NO13="1/4"&SM$10))*0.25+SUMPRODUCT(($W$10:$NO$10>=RW13)*($W$10:$NO$10<=RX13)*($W13:$NO13="1/2"&SM$10))*0.5+SUMPRODUCT(($W$10:$NO$10>=RW13)*($W$10:$NO$10<=RX13)*($W13:$NO13=SM$10)) -> 0 | SN13: =SUMPRODUCT(($W$10:$NO$10>=RW13)*($W$10:$NO$10<=RX13)*($W13:$NO13="1/8"&SN$10))*0.125+SUMPRODUCT(($W$10:$NO$10>=RW13)*($W$10:$NO$10<=RX13)*($W13:$NO13="1/4"&SN$10))*0.25+SUMPRODUCT(($W$10:$NO$10>=RW13)*($W$10:$NO$10<=RX13)*($W13:$NO13="1/2"&SN$10))*0.5+SUMPRODUCT(($W$10:$NO$10>=RW13)*($W$10:$NO$10<=RX13)*($W13:$NO13=SN$10)) -> 0 | SO13: =SF13-SUM(SG13:SN13) -> 0 | SP13: =SUMPRODUCT(($W$10:$NO$10>=SQ13)*($W$10:$NO$10<=SR13)*($W13:$NO13=$V$4)) -> 0 | SQ13: =IF($D13<>"",IF($D13<SQ$9,SQ$9,$D13),SQ$9) -> 45047 | SR13: =IF($E13<>"",IF($E13<SR$9,$E13,SR$9),SR$9) -> 42128 | SS13: {=IFERROR(IF($H13<>"",SUM(IF(WEEKDAY(-1+ROW(INDIRECT("1:"&(SR13-SQ13)+1)),2)={1},1,0)),0),0)} -> 0 | ST13: {=IFERROR(IF($I13<>"",SUM(IF(WEEKDAY(-1+ROW(INDIRECT("1:"&(SR13-SQ13)+1)),2)={2},1,0)),0),0)} -> 0 | SU13: {=IFERROR(IF($J13<>"",SUM(IF(WEEKDAY(-1+ROW(INDIRECT("1:"&(SR13-SQ13)+1)),2)={3},1,0)),0),0)} -> 0 | SV13: {=IFERROR(IF($K13<>"",SUM(IF(WEEKDAY(-1+ROW(INDIRECT("1:"&(SR13-SQ13)+1)),2)={4},1,0)),0),0)} -> 0 | SW13: {=IFERROR(IF($L13<>"",SUM(IF(WEEKDAY(-1+ROW(INDIRECT("1:"&(SR13-SQ13)+1)),2)={5},1,0)),0),0)} -> 0 | SX13: {=IFERROR(IF($M13<>"",SUM(IF(WEEKDAY(-1+ROW(INDIRECT("1:"&(SR13-SQ13)+1)),2)={6},1,0)),0),0)} -> 0 | SY13: {=IFERROR(IF($N13<>"",SUM(IF(WEEKDAY(-1+ROW(INDIRECT("1:"&(SR13-SQ13)+1)),2)={7},1,0)),0),0)} -> 0 | SZ13: =SUM(SS13:SY13)-SP13 -> 0 | TA13: =SUMPRODUCT(($W$10:$NO$10>=SQ13)*($W$10:$NO$10<=SR13)*($W13:$NO13="1/8"&TA$10))*0.125+SUMPRODUCT(($W$10:$NO$10>=SQ13)*($W$10:$NO$10<=SR13)*($W13:$NO13="1/4"&TA$10))*0.25+SUMPRODUCT(($W$10:$NO$10>=SQ13)*($W$10:$NO$10<=SR13)*($W13:$NO13="1/2"&TA$10))*0.5+SUMPRODUCT(($W$10:$NO$10>=SQ13)*($W$10:$NO$10<=SR13)*($W13:$NO13=TA$10)) -> 0 | TB13: =SUMPRODUCT(($W$10:$NO$10>=SQ13)*($W$10:$NO$10<=SR13)*($W13:$NO13="1/8"&TB$10))*0.125+SUMPRODUCT(($W$10:$NO$10>=SQ13)*($W$10:$NO$10<=SR13)*($W13:$NO13="1/4"&TB$10))*0.25+SUMPRODUCT(($W$10:$NO$10>=SQ13)*($W$10:$NO$10<=SR13)*($W13:$NO13="1/2"&TB$10))*0.5+SUMPRODUCT(($W$10:$NO$10>=SQ13)*($W$10:$NO$10<=SR13)*($W13:$NO13=TB$10)) -> 0 | TC13: =SUMPRODUCT(($W$10:$NO$10>=SQ13)*($W$10:$NO$10<=SR13)*($W13:$NO13="1/8"&TC$10))*0.125+SUMPRODUCT(($W$10:$NO$10>=SQ13)*($W$10:$NO$10<=SR13)*($W13:$NO13="1/4"&TC$10))*0.25+SUMPRODUCT(($W$10:$NO$10>=SQ13)*($W$10:$NO$10<=SR13)*($W13:$NO13="1/2"&TC$10))*0.5+SUMPRODUCT(($W$10:$NO$10>=SQ13)*($W$10:$NO$10<=SR13)*($W13:$NO13=TC$10)) -> 0 | TD13: =SUMPRODUCT(($W$10:$NO$10>=SQ13)*($W$10:$NO$10<=SR13)*($W13:$NO13="1/8"&TD$10))*0.125+SUMPRODUCT(($W$10:$NO$10>=SQ13)*($W$10:$NO$10<=SR13)*($W13:$NO13="1/4"&TD$10))*0.25+SUMPRODUCT(($W$10:$NO$10>=SQ13)*($W$10:$NO$10<=SR13)*($W13:$NO13="1/2"&TD$10))*0.5+SUMPRODUCT(($W$10:$NO$10>=SQ13)*($W$10:$NO$10<=SR13)*($W13:$NO13=TD$10)) -> 0 | TE13: =SUMPRODUCT(($W$10:$NO$10>=SQ13)*($W$10:$NO$10<=SR13)*($W13:$NO13="1/8"&TE$10))*0.125+SUMPRODUCT(($W$10:$NO$10>=SQ13)*($W$10:$NO$10<=SR13)*($W13:$NO13="1/4"&TE$10))*0.25+SUMPRODUCT(($W$10:$NO$10>=SQ13)*($W$10:$NO$10<=SR13)*($W13:$NO13="1/2"&TE$10))*0.5+SUMPRODUCT(($W$10:$NO$10>=SQ13)*($W$10:$NO$10<=SR13)*($W13:$NO13=TE$10)) -> 0 | TF13: =SUMPRODUCT(($W$10:$NO$10>=SQ13)*($W$10:$NO$10<=SR13)*($W13:$NO13="1/8"&TF$10))*0.125+SUMPRODUCT(($W$10:$NO$10>=SQ13)*($W$10:$NO$10<=SR13)*($W13:$NO13="1/4"&TF$10))*0.25+SUMPRODUCT(($W$10:$NO$10>=SQ13)*($W$10:$NO$10<=SR13)*($W13:$NO13="1/2"&TF$10))*0.5+SUMPRODUCT(($W$10:$NO$10>=SQ13)*($W$10:$NO$10<=SR13)*($W13:$NO13=TF$10)) -> 0 | TG13: =SUMPRODUCT(($W$10:$NO$10>=SQ13)*($W$10:$NO$10<=SR13)*($W13:$NO13="1/8"&TG$10))*0.125+SUMPRODUCT(($W$10:$NO$10>=SQ13)*($W$10:$NO$10<=SR13)*($W13:$NO13="1/4"&TG$10))*0.25+SUMPRODUCT(($W$10:$NO$10>=SQ13)*($W$10:$NO$10<=SR13)*($W13:$NO13="1/2"&TG$10))*0.5+SUMPRODUCT(($W$10:$NO$10>=SQ13)*($W$10:$NO$10<=SR13)*($W13:$NO13=TG$10)) -> 0 | TH13: =SUMPRODUCT(($W$10:$NO$10>=SQ13)*($W$10:$NO$10<=SR13)*($W13:$NO13="1/8"&TH$10))*0.125+SUMPRODUCT(($W$10:$NO$10>=SQ13)*($W$10:$NO$10<=SR13)*($W13:$NO13="1/4"&TH$10))*0.25+SUMPRODUCT(($W$10:$NO$10>=SQ13)*($W$10:$NO$10<=SR13)*($W13:$NO13="1/2"&TH$10))*0.5+SUMPRODUCT(($W$10:$NO$10>=SQ13)*($W$10:$NO$10<=SR13)*($W13:$NO13=TH$10)) -> 0 | TI13: =SZ13-SUM(TA13:TH13) -> 0 | TJ13: =SUMPRODUCT(($W$10:$NO$10>=TK13)*($W$10:$NO$10<=TL13)*($W13:$NO13=$V$4)) -> 0 | TK13: =IF($D13<>"",IF($D13<TK$9,TK$9,$D13),TK$9) -> 45078 | TL13: =IF($E13<>"",IF($E13<TL$9,$E13,TL$9),TL$9) -> 42128 | TM13: {=IFERROR(IF($H13<>"",SUM(IF(WEEKDAY(-1+ROW(INDIRECT("1:"&(TL13-TK13)+1)),2)={1},1,0)),0),0)} -> 0 | TN13: {=IFERROR(IF($I13<>"",SUM(IF(WEEKDAY(-1+ROW(INDIRECT("1:"&(TL13-TK13)+1)),2)={2},1,0)),0),0)} -> 0 | TO13: {=IFERROR(IF($J13<>"",SUM(IF(WEEKDAY(-1+ROW(INDIRECT("1:"&(TL13-TK13)+1)),2)={3},1,0)),0),0)} -> 0 | TP13: {=IFERROR(IF($K13<>"",SUM(IF(WEEKDAY(-1+ROW(INDIRECT("1:"&(TL13-TK13)+1)),2)={4},1,0)),0),0)} -> 0 | TQ13: {=IFERROR(IF($L13<>"",SUM(IF(WEEKDAY(-1+ROW(INDIRECT("1:"&(TL13-TK13)+1)),2)={5},1,0)),0),0)} -> 0 | TR13: {=IFERROR(IF($M13<>"",SUM(IF(WEEKDAY(-1+ROW(INDIRECT("1:"&(TL13-TK13)+1)),2)={6},1,0)),0),0)} -> 0 | TS13: {=IFERROR(IF($N13<>"",SUM(IF(WEEKDAY(-1+ROW(INDIRECT("1:"&(TL13-TK13)+1)),2)={7},1,0)),0),0)} -> 0 | TT13: =SUM(TM13:TS13)-TJ13 -> 0 | TU13: =SUMPRODUCT(($W$10:$NO$10>=TK13)*($W$10:$NO$10<=TL13)*($W13:$NO13="1/8"&TU$10))*0.125+SUMPRODUCT(($W$10:$NO$10>=TK13)*($W$10:$NO$10<=TL13)*($W13:$NO13="1/4"&TU$10))*0.25+SUMPRODUCT(($W$10:$NO$10>=TK13)*($W$10:$NO$10<=TL13)*($W13:$NO13="1/2"&TU$10))*0.5+SUMPRODUCT(($W$10:$NO$10>=TK13)*($W$10:$NO$10<=TL13)*($W13:$NO13=TU$10)) -> 0 | TV13: =SUMPRODUCT(($W$10:$NO$10>=TK13)*($W$10:$NO$10<=TL13)*($W13:$NO13="1/8"&TV$10))*0.125+SUMPRODUCT(($W$10:$NO$10>=TK13)*($W$10:$NO$10<=TL13)*($W13:$NO13="1/4"&TV$10))*0.25+SUMPRODUCT(($W$10:$NO$10>=TK13)*($W$10:$NO$10<=TL13)*($W13:$NO13="1/2"&TV$10))*0.5+SUMPRODUCT(($W$10:$NO$10>=TK13)*($W$10:$NO$10<=TL13)*($W13:$NO13=TV$10)) -> 0 | TW13: =SUMPRODUCT(($W$10:$NO$10>=TK13)*($W$10:$NO$10<=TL13)*($W13:$NO13="1/8"&TW$10))*0.125+SUMPRODUCT(($W$10:$NO$10>=TK13)*($W$10:$NO$10<=TL13)*($W13:$NO13="1/4"&TW$10))*0.25+SUMPRODUCT(($W$10:$NO$10>=TK13)*($W$10:$NO$10<=TL13)*($W13:$NO13="1/2"&TW$10))*0.5+SUMPRODUCT(($W$10:$NO$10>=TK13)*($W$10:$NO$10<=TL13)*($W13:$NO13=TW$10)) -> 0 | TX13: =SUMPRODUCT(($W$10:$NO$10>=TK13)*($W$10:$NO$10<=TL13)*($W13:$NO13="1/8"&TX$10))*0.125+SUMPRODUCT(($W$10:$NO$10>=TK13)*($W$10:$NO$10<=TL13)*($W13:$NO13="1/4"&TX$10))*0.25+SUMPRODUCT(($W$10:$NO$10>=TK13)*($W$10:$NO$10<=TL13)*($W13:$NO13="1/2"&TX$10))*0.5+SUMPRODUCT(($W$10:$NO$10>=TK13)*($W$10:$NO$10<=TL13)*($W13:$NO13=TX$10)) -> 0 | TY13: =SUMPRODUCT(($W$10:$NO$10>=TK13)*($W$10:$NO$10<=TL13)*($W13:$NO13="1/8"&TY$10))*0.125+SUMPRODUCT(($W$10:$NO$10>=TK13)*($W$10:$NO$10<=TL13)*($W13:$NO13="1/4"&TY$10))*0.25+SUMPRODUCT(($W$10:$NO$10>=TK13)*($W$10:$NO$10<=TL13)*($W13:$NO13="1/2"&TY$10))*0.5+SUMPRODUCT(($W$10:$NO$10>=TK13)*($W$10:$NO$10<=TL13)*($W13:$NO13=TY$10)) -> 0 | TZ13: =SUMPRODUCT(($W$10:$NO$10>=TK13)*($W$10:$NO$10<=TL13)*($W13:$NO13="1/8"&TZ$10))*0.125+SUMPRODUCT(($W$10:$NO$10>=TK13)*($W$10:$NO$10<=TL13)*($W13:$NO13="1/4"&TZ$10))*0.25+SUMPRODUCT(($W$10:$NO$10>=TK13)*($W$10:$NO$10<=TL13)*($W13:$NO13="1/2"&TZ$10))*0.5+SUMPRODUCT(($W$10:$NO$10>=TK13)*($W$10:$NO$10<=TL13)*($W13:$NO13=TZ$10)) -> 0 | UA13: =SUMPRODUCT(($W$10:$NO$10>=TK13)*($W$10:$NO$10<=TL13)*($W13:$NO13="1/8"&UA$10))*0.125+SUMPRODUCT(($W$10:$NO$10>=TK13)*($W$10:$NO$10<=TL13)*($W13:$NO13="1/4"&UA$10))*0.25+SUMPRODUCT(($W$10:$NO$10>=TK13)*($W$10:$NO$10<=TL13)*($W13:$NO13="1/2"&UA$10))*0.5+SUMPRODUCT(($W$10:$NO$10>=TK13)*($W$10:$NO$10<=TL13)*($W13:$NO13=UA$10)) -> 0 | UB13: =SUMPRODUCT(($W$10:$NO$10>=TK13)*($W$10:$NO$10<=TL13)*($W13:$NO13="1/8"&UB$10))*0.125+SUMPRODUCT(($W$10:$NO$10>=TK13)*($W$10:$NO$10<=TL13)*($W13:$NO13="1/4"&UB$10))*0.25+SUMPRODUCT(($W$10:$NO$10>=TK13)*($W$10:$NO$10<=TL13)*($W13:$NO13="1/2"&UB$10))*0.5+SUMPRODUCT(($W$10:$NO$10>=TK13)*($W$10:$NO$10<=TL13)*($W13:$NO13=UB$10)) -> 0 | UC13: =TT13-SUM(TU13:UB13) -> 0 | UD13: =SUMPRODUCT(($W$10:$NO$10>=UE13)*($W$10:$NO$10<=UF13)*($W13:$NO13=$V$4)) -> 0 | UE13: =IF($D13<>"",IF($D13<UE$9,UE$9,$D13),UE$9) -> 45108 | UF13: =IF($E13<>"",IF($E13<UF$9,$E13,UF$9),UF$9) -> 42128 | UG13: {=IFERROR(IF($H13<>"",SUM(IF(WEEKDAY(-1+ROW(INDIRECT("1:"&(UF13-UE13)+1)),2)={1},1,0)),0),0)} -> 0 | UH13: {=IFERROR(IF($I13<>"",SUM(IF(WEEKDAY(-1+ROW(INDIRECT("1:"&(UF13-UE13)+1)),2)={2},1,0)),0),0)} -> 0 | UI13: {=IFERROR(IF($J13<>"",SUM(IF(WEEKDAY(-1+ROW(INDIRECT("1:"&(UF13-UE13)+1)),2)={3},1,0)),0),0)} -> 0 | UJ13: {=IFERROR(IF($K13<>"",SUM(IF(WEEKDAY(-1+ROW(INDIRECT("1:"&(UF13-UE13)+1)),2)={4},1,0)),0),0)} -> 0 | UK13: {=IFERROR(IF($L13<>"",SUM(IF(WEEKDAY(-1+ROW(INDIRECT("1:"&(UF13-UE13)+1)),2)={5},1,0)),0),0)} -> 0 | UL13: {=IFERROR(IF($M13<>"",SUM(IF(WEEKDAY(-1+ROW(INDIRECT("1:"&(UF13-UE13)+1)),2)={6},1,0)),0),0)} -> 0 | UM13: {=IFERROR(IF($N13<>"",SUM(IF(WEEKDAY(-1+ROW(INDIRECT("1:"&(UF13-UE13)+1)),2)={7},1,0)),0),0)} -> 0 | UN13: =SUM(UG13:UM13)-UD13 -> 0 | UO13: =SUMPRODUCT(($W$10:$NO$10>=UE13)*($W$10:$NO$10<=UF13)*($W13:$NO13="1/8"&UO$10))*0.125+SUMPRODUCT(($W$10:$NO$10>=UE13)*($W$10:$NO$10<=UF13)*($W13:$NO13="1/4"&UO$10))*0.25+SUMPRODUCT(($W$10:$NO$10>=UE13)*($W$10:$NO$10<=UF13)*($W13:$NO13="1/2"&UO$10))*0.5+SUMPRODUCT(($W$10:$NO$10>=UE13)*($W$10:$NO$10<=UF13)*($W13:$NO13=UO$10)) -> 0 | UP13: =SUMPRODUCT(($W$10:$NO$10>=UE13)*($W$10:$NO$10<=UF13)*($W13:$NO13="1/8"&UP$10))*0.125+SUMPRODUCT(($W$10:$NO$10>=UE13)*($W$10:$NO$10<=UF13)*($W13:$NO13="1/4"&UP$10))*0.25+SUMPRODUCT(($W$10:$NO$10>=UE13)*($W$10:$NO$10<=UF13)*($W13:$NO13="1/2"&UP$10))*0.5+SUMPRODUCT(($W$10:$NO$10>=UE13)*($W$10:$NO$10<=UF13)*($W13:$NO13=UP$10)) -> 0 | UQ13: =SUMPRODUCT(($W$10:$NO$10>=UE13)*($W$10:$NO$10<=UF13)*($W13:$NO13="1/8"&UQ$10))*0.125+SUMPRODUCT(($W$10:$NO$10>=UE13)*($W$10:$NO$10<=UF13)*($W13:$NO13="1/4"&UQ$10))*0.25+SUMPRODUCT(($W$10:$NO$10>=UE13)*($W$10:$NO$10<=UF13)*($W13:$NO13="1/2"&UQ$10))*0.5+SUMPRODUCT(($W$10:$NO$10>=UE13)*($W$10:$NO$10<=UF13)*($W13:$NO13=UQ$10)) -> 0 | UR13: =SUMPRODUCT(($W$10:$NO$10>=UE13)*($W$10:$NO$10<=UF13)*($W13:$NO13="1/8"&UR$10))*0.125+SUMPRODUCT(($W$10:$NO$10>=UE13)*($W$10:$NO$10<=UF13)*($W13:$NO13="1/4"&UR$10))*0.25+SUMPRODUCT(($W$10:$NO$10>=UE13)*($W$10:$NO$10<=UF13)*($W13:$NO13="1/2"&UR$10))*0.5+SUMPRODUCT(($W$10:$NO$10>=UE13)*($W$10:$NO$10<=UF13)*($W13:$NO13=UR$10)) -> 0 | US13: =SUMPRODUCT(($W$10:$NO$10>=UE13)*($W$10:$NO$10<=UF13)*($W13:$NO13="1/8"&US$10))*0.125+SUMPRODUCT(($W$10:$NO$10>=UE13)*($W$10:$NO$10<=UF13)*($W13:$NO13="1/4"&US$10))*0.25+SUMPRODUCT(($W$10:$NO$10>=UE13)*($W$10:$NO$10<=UF13)*($W13:$NO13="1/2"&US$10))*0.5+SUMPRODUCT(($W$10:$NO$10>=UE13)*($W$10:$NO$10<=UF13)*($W13:$NO13=US$10)) -> 0 | UT13: =SUMPRODUCT(($W$10:$NO$10>=UE13)*($W$10:$NO$10<=UF13)*($W13:$NO13="1/8"&UT$10))*0.125+SUMPRODUCT(($W$10:$NO$10>=UE13)*($W$10:$NO$10<=UF13)*($W13:$NO13="1/4"&UT$10))*0.25+SUMPRODUCT(($W$10:$NO$10>=UE13)*($W$10:$NO$10<=UF13)*($W13:$NO13="1/2"&UT$10))*0.5+SUMPRODUCT(($W$10:$NO$10>=UE13)*($W$10:$NO$10<=UF13)*($W13:$NO13=UT$10)) -> 0 | UU13: =SUMPRODUCT(($W$10:$NO$10>=UE13)*($W$10:$NO$10<=UF13)*($W13:$NO13="1/8"&UU$10))*0.125+SUMPRODUCT(($W$10:$NO$10>=UE13)*($W$10:$NO$10<=UF13)*($W13:$NO13="1/4"&UU$10))*0.25+SUMPRODUCT(($W$10:$NO$10>=UE13)*($W$10:$NO$10<=UF13)*($W13:$NO13="1/2"&UU$10))*0.5+SUMPRODUCT(($W$10:$NO$10>=UE13)*($W$10:$NO$10<=UF13)*($W13:$NO13=UU$10)) -> 0 | UV13: =SUMPRODUCT(($W$10:$NO$10>=UE13)*($W$10:$NO$10<=UF13)*($W13:$NO13="1/8"&UV$10))*0.125+SUMPRODUCT(($W$10:$NO$10>=UE13)*($W$10:$NO$10<=UF13)*($W13:$NO13="1/4"&UV$10))*0.25+SUMPRODUCT(($W$10:$NO$10>=UE13)*($W$10:$NO$10<=UF13)*($W13:$NO13="1/2"&UV$10))*0.5+SUMPRODUCT(($W$10:$NO$10>=UE13)*($W$10:$NO$10<=UF13)*($W13:$NO13=UV$10)) -> 0 | UW13: =UN13-SUM(UO13:UV13) -> 0 | UX13: =SUMPRODUCT(($W$10:$NO$10>=UY13)*($W$10:$NO$10<=UZ13)*($W13:$NO13=$V$4)) -> 0 | UY13: =IF($D13<>"",IF($D13<UY$9,UY$9,$D13),UY$9) -> 45139 | UZ13: =IF($E13<>"",IF($E13<UZ$9,$E13,UZ$9),UZ$9) -> 42128 | VA13: {=IFERROR(IF($H13<>"",SUM(IF(WEEKDAY(-1+ROW(INDIRECT("1:"&(UZ13-UY13)+1)),2)={1},1,0)),0),0)} -> 0 | VB13: {=IFERROR(IF($I13<>"",SUM(IF(WEEKDAY(-1+ROW(INDIRECT("1:"&(UZ13-UY13)+1)),2)={2},1,0)),0),0)} -> 0 | VC13: {=IFERROR(IF($J13<>"",SUM(IF(WEEKDAY(-1+ROW(INDIRECT("1:"&(UZ13-UY13)+1)),2)={3},1,0)),0),0)} -> 0 | VD13: {=IFERROR(IF($K13<>"",SUM(IF(WEEKDAY(-1+ROW(INDIRECT("1:"&(UZ13-UY13)+1)),2)={4},1,0)),0),0)} -> 0 | VE13: {=IFERROR(IF($L13<>"",SUM(IF(WEEKDAY(-1+ROW(INDIRECT("1:"&(UZ13-UY13)+1)),2)={5},1,0)),0),0)} -> 0 | VF13: {=IFERROR(IF($M13<>"",SUM(IF(WEEKDAY(-1+ROW(INDIRECT("1:"&(UZ13-UY13)+1)),2)={6},1,0)),0),0)} -> 0 | VG13: {=IFERROR(IF($N13<>"",SUM(IF(WEEKDAY(-1+ROW(INDIRECT("1:"&(UZ13-UY13)+1)),2)={7},1,0)),0),0)} -> 0 | VH13: =SUM(VA13:VG13)-UX13 -> 0 | VI13: =SUMPRODUCT(($W$10:$NO$10>=UY13)*($W$10:$NO$10<=UZ13)*($W13:$NO13="1/8"&VI$10))*0.125+SUMPRODUCT(($W$10:$NO$10>=UY13)*($W$10:$NO$10<=UZ13)*($W13:$NO13="1/4"&VI$10))*0.25+SUMPRODUCT(($W$10:$NO$10>=UY13)*($W$10:$NO$10<=UZ13)*($W13:$NO13="1/2"&VI$10))*0.5+SUMPRODUCT(($W$10:$NO$10>=UY13)*($W$10:$NO$10<=UZ13)*($W13:$NO13=VI$10)) -> 0 | VJ13: =SUMPRODUCT(($W$10:$NO$10>=UY13)*($W$10:$NO$10<=UZ13)*($W13:$NO13="1/8"&VJ$10))*0.125+SUMPRODUCT(($W$10:$NO$10>=UY13)*($W$10:$NO$10<=UZ13)*($W13:$NO13="1/4"&VJ$10))*0.25+SUMPRODUCT(($W$10:$NO$10>=UY13)*($W$10:$NO$10<=UZ13)*($W13:$NO13="1/2"&VJ$10))*0.5+SUMPRODUCT(($W$10:$NO$10>=UY13)*($W$10:$NO$10<=UZ13)*($W13:$NO13=VJ$10)) -> 0 | VK13: =SUMPRODUCT(($W$10:$NO$10>=UY13)*($W$10:$NO$10<=UZ13)*($W13:$NO13="1/8"&VK$10))*0.125+SUMPRODUCT(($W$10:$NO$10>=UY13)*($W$10:$NO$10<=UZ13)*($W13:$NO13="1/4"&VK$10))*0.25+SUMPRODUCT(($W$10:$NO$10>=UY13)*($W$10:$NO$10<=UZ13)*($W13:$NO13="1/2"&VK$10))*0.5+SUMPRODUCT(($W$10:$NO$10>=UY13)*($W$10:$NO$10<=UZ13)*($W13:$NO13=VK$10)) -> 0 | VL13: =SUMPRODUCT(($W$10:$NO$10>=UY13)*($W$10:$NO$10<=UZ13)*($W13:$NO13="1/8"&VL$10))*0.125+SUMPRODUCT(($W$10:$NO$10>=UY13)*($W$10:$NO$10<=UZ13)*($W13:$NO13="1/4"&VL$10))*0.25+SUMPRODUCT(($W$10:$NO$10>=UY13)*($W$10:$NO$10<=UZ13)*($W13:$NO13="1/2"&VL$10))*0.5+SUMPRODUCT(($W$10:$NO$10>=UY13)*($W$10:$NO$10<=UZ13)*($W13:$NO13=VL$10)) -> 0 | VM13: =SUMPRODUCT(($W$10:$NO$10>=UY13)*($W$10:$NO$10<=UZ13)*($W13:$NO13="1/8"&VM$10))*0.125+SUMPRODUCT(($W$10:$NO$10>=UY13)*($W$10:$NO$10<=UZ13)*($W13:$NO13="1/4"&VM$10))*0.25+SUMPRODUCT(($W$10:$NO$10>=UY13)*($W$10:$NO$10<=UZ13)*($W13:$NO13="1/2"&VM$10))*0.5+SUMPRODUCT(($W$10:$NO$10>=UY13)*($W$10:$NO$10<=UZ13)*($W13:$NO13=VM$10)) -> 0 | VN13: =SUMPRODUCT(($W$10:$NO$10>=UY13)*($W$10:$NO$10<=UZ13)*($W13:$NO13="1/8"&VN$10))*0.125+SUMPRODUCT(($W$10:$NO$10>=UY13)*($W$10:$NO$10<=UZ13)*($W13:$NO13="1/4"&VN$10))*0.25+SUMPRODUCT(($W$10:$NO$10>=UY13)*($W$10:$NO$10<=UZ13)*($W13:$NO13="1/2"&VN$10))*0.5+SUMPRODUCT(($W$10:$NO$10>=UY13)*($W$10:$NO$10<=UZ13)*($W13:$NO13=VN$10)) -> 0 | VO13: =SUMPRODUCT(($W$10:$NO$10>=UY13)*($W$10:$NO$10<=UZ13)*($W13:$NO13="1/8"&VO$10))*0.125+SUMPRODUCT(($W$10:$NO$10>=UY13)*($W$10:$NO$10<=UZ13)*($W13:$NO13="1/4"&VO$10))*0.25+SUMPRODUCT(($W$10:$NO$10>=UY13)*($W$10:$NO$10<=UZ13)*($W13:$NO13="1/2"&VO$10))*0.5+SUMPRODUCT(($W$10:$NO$10>=UY13)*($W$10:$NO$10<=UZ13)*($W13:$NO13=VO$10)) -> 0 | VP13: =SUMPRODUCT(($W$10:$NO$10>=UY13)*($W$10:$NO$10<=UZ13)*($W13:$NO13="1/8"&VP$10))*0.125+SUMPRODUCT(($W$10:$NO$10>=UY13)*($W$10:$NO$10<=UZ13)*($W13:$NO13="1/4"&VP$10))*0.25+SUMPRODUCT(($W$10:$NO$10>=UY13)*($W$10:$NO$10<=UZ13)*($W13:$NO13="1/2"&VP$10))*0.5+SUMPRODUCT(($W$10:$NO$10>=UY13)*($W$10:$NO$10<=UZ13)*($W13:$NO13=VP$10)) -> 0 | VQ13: =VH13-SUM(VI13:VP13) -> 0 | VR13: =SUMPRODUCT(($W$10:$NO$10>=VS13)*($W$10:$NO$10<=VT13)*($W13:$NO13=$V$4)) -> 0 | VS13: =IF($D13<>"",IF($D13<VS$9,VS$9,$D13),VS$9) -> 45170 | VT13: =IF($E13<>"",IF($E13<VT$9,$E13,VT$9),VT$9) -> 42128 | VU13: {=IFERROR(IF($H13<>"",SUM(IF(WEEKDAY(-1+ROW(INDIRECT("1:"&(VT13-VS13)+1)),2)={1},1,0)),0),0)} -> 0 | VV13: {=IFERROR(IF($I13<>"",SUM(IF(WEEKDAY(-1+ROW(INDIRECT("1:"&(VT13-VS13)+1)),2)={2},1,0)),0),0)} -> 0 | VW13: {=IFERROR(IF($J13<>"",SUM(IF(WEEKDAY(-1+ROW(INDIRECT("1:"&(VT13-VS13)+1)),2)={3},1,0)),0),0)} -> 0 | VX13: {=IFERROR(IF($K13<>"",SUM(IF(WEEKDAY(-1+ROW(INDIRECT("1:"&(VT13-VS13)+1)),2)={4},1,0)),0),0)} -> 0 | VY13: {=IFERROR(IF($L13<>"",SUM(IF(WEEKDAY(-1+ROW(INDIRECT("1:"&(VT13-VS13)+1)),2)={5},1,0)),0),0)} -> 0 | VZ13: {=IFERROR(IF($M13<>"",SUM(IF(WEEKDAY(-1+ROW(INDIRECT("1:"&(VT13-VS13)+1)),2)={6},1,0)),0),0)} -> 0 | WA13: {=IFERROR(IF($N13<>"",SUM(IF(WEEKDAY(-1+ROW(INDIRECT("1:"&(VT13-VS13)+1)),2)={7},1,0)),0),0)} -> 0 | WB13: =SUM(VU13:WA13)-VR13 -> 0 | WC13: =SUMPRODUCT(($W$10:$NO$10>=VS13)*($W$10:$NO$10<=VT13)*($W13:$NO13="1/8"&WC$10))*0.125+SUMPRODUCT(($W$10:$NO$10>=VS13)*($W$10:$NO$10<=VT13)*($W13:$NO13="1/4"&WC$10))*0.25+SUMPRODUCT(($W$10:$NO$10>=VS13)*($W$10:$NO$10<=VT13)*($W13:$NO13="1/2"&WC$10))*0.5+SUMPRODUCT(($W$10:$NO$10>=VS13)*($W$10:$NO$10<=VT13)*($W13:$NO13=WC$10)) -> 0 | WD13: =SUMPRODUCT(($W$10:$NO$10>=VS13)*($W$10:$NO$10<=VT13)*($W13:$NO13="1/8"&WD$10))*0.125+SUMPRODUCT(($W$10:$NO$10>=VS13)*($W$10:$NO$10<=VT13)*($W13:$NO13="1/4"&WD$10))*0.25+SUMPRODUCT(($W$10:$NO$10>=VS13)*($W$10:$NO$10<=VT13)*($W13:$NO13="1/2"&WD$10))*0.5+SUMPRODUCT(($W$10:$NO$10>=VS13)*($W$10:$NO$10<=VT13)*($W13:$NO13=WD$10)) -> 0 | WE13: =SUMPRODUCT(($W$10:$NO$10>=VS13)*($W$10:$NO$10<=VT13)*($W13:$NO13="1/8"&WE$10))*0.125+SUMPRODUCT(($W$10:$NO$10>=VS13)*($W$10:$NO$10<=VT13)*($W13:$NO13="1/4"&WE$10))*0.25+SUMPRODUCT(($W$10:$NO$10>=VS13)*($W$10:$NO$10<=VT13)*($W13:$NO13="1/2"&WE$10))*0.5+SUMPRODUCT(($W$10:$NO$10>=VS13)*($W$10:$NO$10<=VT13)*($W13:$NO13=WE$10)) -> 0 | WF13: =SUMPRODUCT(($W$10:$NO$10>=VS13)*($W$10:$NO$10<=VT13)*($W13:$NO13="1/8"&WF$10))*0.125+SUMPRODUCT(($W$10:$NO$10>=VS13)*($W$10:$NO$10<=VT13)*($W13:$NO13="1/4"&WF$10))*0.25+SUMPRODUCT(($W$10:$NO$10>=VS13)*($W$10:$NO$10<=VT13)*($W13:$NO13="1/2"&WF$10))*0.5+SUMPRODUCT(($W$10:$NO$10>=VS13)*($W$10:$NO$10<=VT13)*($W13:$NO13=WF$10)) -> 0 | WG13: =SUMPRODUCT(($W$10:$NO$10>=VS13)*($W$10:$NO$10<=VT13)*($W13:$NO13="1/8"&WG$10))*0.125+SUMPRODUCT(($W$10:$NO$10>=VS13)*($W$10:$NO$10<=VT13)*($W13:$NO13="1/4"&WG$10))*0.25+SUMPRODUCT(($W$10:$NO$10>=VS13)*($W$10:$NO$10<=VT13)*($W13:$NO13="1/2"&WG$10))*0.5+SUMPRODUCT(($W$10:$NO$10>=VS13)*($W$10:$NO$10<=VT13)*($W13:$NO13=WG$10)) -> 0 | WH13: =SUMPRODUCT(($W$10:$NO$10>=VS13)*($W$10:$NO$10<=VT13)*($W13:$NO13="1/8"&WH$10))*0.125+SUMPRODUCT(($W$10:$NO$10>=VS13)*($W$10:$NO$10<=VT13)*($W13:$NO13="1/4"&WH$10))*0.25+SUMPRODUCT(($W$10:$NO$10>=VS13)*($W$10:$NO$10<=VT13)*($W13:$NO13="1/2"&WH$10))*0.5+SUMPRODUCT(($W$10:$NO$10>=VS13)*($W$10:$NO$10<=VT13)*($W13:$NO13=WH$10)) -> 0 | WI13: =SUMPRODUCT(($W$10:$NO$10>=VS13)*($W$10:$NO$10<=VT13)*($W13:$NO13="1/8"&WI$10))*0.125+SUMPRODUCT(($W$10:$NO$10>=VS13)*($W$10:$NO$10<=VT13)*($W13:$NO13="1/4"&WI$10))*0.25+SUMPRODUCT(($W$10:$NO$10>=VS13)*($W$10:$NO$10<=VT13)*($W13:$NO13="1/2"&WI$10))*0.5+SUMPRODUCT(($W$10:$NO$10>=VS13)*($W$10:$NO$10<=VT13)*($W13:$NO13=WI$10)) -> 0 | WJ13: =SUMPRODUCT(($W$10:$NO$10>=VS13)*($W$10:$NO$10<=VT13)*($W13:$NO13="1/8"&WJ$10))*0.125+SUMPRODUCT(($W$10:$NO$10>=VS13)*($W$10:$NO$10<=VT13)*($W13:$NO13="1/4"&WJ$10))*0.25+SUMPRODUCT(($W$10:$NO$10>=VS13)*($W$10:$NO$10<=VT13)*($W13:$NO13="1/2"&WJ$10))*0.5+SUMPRODUCT(($W$10:$NO$10>=VS13)*($W$10:$NO$10<=VT13)*($W13:$NO13=WJ$10)) -> 0 | WK13: =WB13-SUM(WC13:WJ13) -> 0 | WL13: =SUMPRODUCT(($W$10:$NO$10>=WM13)*($W$10:$NO$10<=WN13)*($W13:$NO13=$V$4)) -> 0 | WM13: =IF($D13<>"",IF($D13<WM$9,WM$9,$D13),WM$9) -> 45200 | WN13: =IF($E13<>"",IF($E13<WN$9,$E13,WN$9),WN$9) -> 42128 | WO13: {=IFERROR(IF($H13<>"",SUM(IF(WEEKDAY(-1+ROW(INDIRECT("1:"&(WN13-WM13)+1)),2)={1},1,0)),0),0)} -> 0 | WP13: {=IFERROR(IF($I13<>"",SUM(IF(WEEKDAY(-1+ROW(INDIRECT("1:"&(WN13-WM13)+1)),2)={2},1,0)),0),0)} -> 0 | WQ13: {=IFERROR(IF($J13<>"",SUM(IF(WEEKDAY(-1+ROW(INDIRECT("1:"&(WN13-WM13)+1)),2)={3},1,0)),0),0)} -> 0 | WR13: {=IFERROR(IF($K13<>"",SUM(IF(WEEKDAY(-1+ROW(INDIRECT("1:"&(WN13-WM13)+1)),2)={4},1,0)),0),0)} -> 0 | WS13: {=IFERROR(IF($L13<>"",SUM(IF(WEEKDAY(-1+ROW(INDIRECT("1:"&(WN13-WM13)+1)),2)={5},1,0)),0),0)} -> 0 | WT13: {=IFERROR(IF($M13<>"",SUM(IF(WEEKDAY(-1+ROW(INDIRECT("1:"&(WN13-WM13)+1)),2)={6},1,0)),0),0)} -> 0 | WU13: {=IFERROR(IF($N13<>"",SUM(IF(WEEKDAY(-1+ROW(INDIRECT("1:"&(WN13-WM13)+1)),2)={7},1,0)),0),0)} -> 0 | WV13: =SUM(WO13:WU13)-WL13 -> 0 | WW13: =SUMPRODUCT(($W$10:$NO$10>=WM13)*($W$10:$NO$10<=WN13)*($W13:$NO13="1/8"&WW$10))*0.125+SUMPRODUCT(($W$10:$NO$10>=WM13)*($W$10:$NO$10<=WN13)*($W13:$NO13="1/4"&WW$10))*0.25+SUMPRODUCT(($W$10:$NO$10>=WM13)*($W$10:$NO$10<=WN13)*($W13:$NO13="1/2"&WW$10))*0.5+SUMPRODUCT(($W$10:$NO$10>=WM13)*($W$10:$NO$10<=WN13)*($W13:$NO13=WW$10)) -> 0 | WX13: =SUMPRODUCT(($W$10:$NO$10>=WM13)*($W$10:$NO$10<=WN13)*($W13:$NO13="1/8"&WX$10))*0.125+SUMPRODUCT(($W$10:$NO$10>=WM13)*($W$10:$NO$10<=WN13)*($W13:$NO13="1/4"&WX$10))*0.25+SUMPRODUCT(($W$10:$NO$10>=WM13)*($W$10:$NO$10<=WN13)*($W13:$NO13="1/2"&WX$10))*0.5+SUMPRODUCT(($W$10:$NO$10>=WM13)*($W$10:$NO$10<=WN13)*($W13:$NO13=WX$10)) -> 0 | WY13: =SUMPRODUCT(($W$10:$NO$10>=WM13)*($W$10:$NO$10<=WN13)*($W13:$NO13="1/8"&WY$10))*0.125+SUMPRODUCT(($W$10:$NO$10>=WM13)*($W$10:$NO$10<=WN13)*($W13:$NO13="1/4"&WY$10))*0.25+SUMPRODUCT(($W$10:$NO$10>=WM13)*($W$10:$NO$10<=WN13)*($W13:$NO13="1/2"&WY$10))*0.5+SUMPRODUCT(($W$10:$NO$10>=WM13)*($W$10:$NO$10<=WN13)*($W13:$NO13=WY$10)) -> 0 | WZ13: =SUMPRODUCT(($W$10:$NO$10>=WM13)*($W$10:$NO$10<=WN13)*($W13:$NO13="1/8"&WZ$10))*0.125+SUMPRODUCT(($W$10:$NO$10>=WM13)*($W$10:$NO$10<=WN13)*($W13:$NO13="1/4"&WZ$10))*0.25+SUMPRODUCT(($W$10:$NO$10>=WM13)*($W$10:$NO$10<=WN13)*($W13:$NO13="1/2"&WZ$10))*0.5+SUMPRODUCT(($W$10:$NO$10>=WM13)*($W$10:$NO$10<=WN13)*($W13:$NO13=WZ$10)) -> 0 | XA13: =SUMPRODUCT(($W$10:$NO$10>=WM13)*($W$10:$NO$10<=WN13)*($W13:$NO13="1/8"&XA$10))*0.125+SUMPRODUCT(($W$10:$NO$10>=WM13)*($W$10:$NO$10<=WN13)*($W13:$NO13="1/4"&XA$10))*0.25+SUMPRODUCT(($W$10:$NO$10>=WM13)*($W$10:$NO$10<=WN13)*($W13:$NO13="1/2"&XA$10))*0.5+SUMPRODUCT(($W$10:$NO$10>=WM13)*($W$10:$NO$10<=WN13)*($W13:$NO13=XA$10)) -> 0 | XB13: =SUMPRODUCT(($W$10:$NO$10>=WM13)*($W$10:$NO$10<=WN13)*($W13:$NO13="1/8"&XB$10))*0.125+SUMPRODUCT(($W$10:$NO$10>=WM13)*($W$10:$NO$10<=WN13)*($W13:$NO13="1/4"&XB$10))*0.25+SUMPRODUCT(($W$10:$NO$10>=WM13)*($W$10:$NO$10<=WN13)*($W13:$NO13="1/2"&XB$10))*0.5+SUMPRODUCT(($W$10:$NO$10>=WM13)*($W$10:$NO$10<=WN13)*($W13:$NO13=XB$10)) -> 0 | XC13: =SUMPRODUCT(($W$10:$NO$10>=WM13)*($W$10:$NO$10<=WN13)*($W13:$NO13="1/8"&XC$10))*0.125+SUMPRODUCT(($W$10:$NO$10>=WM13)*($W$10:$NO$10<=WN13)*($W13:$NO13="1/4"&XC$10))*0.25+SUMPRODUCT(($W$10:$NO$10>=WM13)*($W$10:$NO$10<=WN13)*($W13:$NO13="1/2"&XC$10))*0.5+SUMPRODUCT(($W$10:$NO$10>=WM13)*($W$10:$NO$10<=WN13)*($W13:$NO13=XC$10)) -> 0 | XD13: =SUMPRODUCT(($W$10:$NO$10>=WM13)*($W$10:$NO$10<=WN13)*($W13:$NO13="1/8"&XD$10))*0.125+SUMPRODUCT(($W$10:$NO$10>=WM13)*($W$10:$NO$10<=WN13)*($W13:$NO13="1/4"&XD$10))*0.25+SUMPRODUCT(($W$10:$NO$10>=WM13)*($W$10:$NO$10<=WN13)*($W13:$NO13="1/2"&XD$10))*0.5+SUMPRODUCT(($W$10:$NO$10>=WM13)*($W$10:$NO$10<=WN13)*($W13:$NO13=XD$10)) -> 0 | XE13: =WV13-SUM(WW13:XD13) -> 0 | XF13: =SUMPRODUCT(($W$10:$NO$10>=XG13)*($W$10:$NO$10<=XH13)*($W13:$NO13=$V$4)) -> 0 | XG13: =IF($D13<>"",IF($D13<XG$9,XG$9,$D13),XG$9) -> 45231 | XH13: =IF($E13<>"",IF($E13<XH$9,$E13,XH$9),XH$9) -> 42128 | XI13: {=IFERROR(IF($H13<>"",SUM(IF(WEEKDAY(-1+ROW(INDIRECT("1:"&(XH13-XG13)+1)),2)={1},1,0)),0),0)} -> 0 | XJ13: {=IFERROR(IF($I13<>"",SUM(IF(WEEKDAY(-1+ROW(INDIRECT("1:"&(XH13-XG13)+1)),2)={2},1,0)),0),0)} -> 0 | XK13: {=IFERROR(IF($J13<>"",SUM(IF(WEEKDAY(-1+ROW(INDIRECT("1:"&(XH13-XG13)+1)),2)={3},1,0)),0),0)} -> 0 | XL13: {=IFERROR(IF($K13<>"",SUM(IF(WEEKDAY(-1+ROW(INDIRECT("1:"&(XH13-XG13)+1)),2)={4},1,0)),0),0)} -> 0 | XM13: {=IFERROR(IF($L13<>"",SUM(IF(WEEKDAY(-1+ROW(INDIRECT("1:"&(XH13-XG13)+1)),2)={5},1,0)),0),0)} -> 0 | XN13: {=IFERROR(IF($M13<>"",SUM(IF(WEEKDAY(-1+ROW(INDIRECT("1:"&(XH13-XG13)+1)),2)={6},1,0)),0),0)} -> 0 | XO13: {=IFERROR(IF($N13<>"",SUM(IF(WEEKDAY(-1+ROW(INDIRECT("1:"&(XH13-XG13)+1)),2)={7},1,0)),0),0)} -> 0 | XP13: =SUM(XI13:XO13)-XF13 -> 0 | XQ13: =SUMPRODUCT(($W$10:$NO$10>=XG13)*($W$10:$NO$10<=XH13)*($W13:$NO13="1/8"&XQ$10))*0.125+SUMPRODUCT(($W$10:$NO$10>=XG13)*($W$10:$NO$10<=XH13)*($W13:$NO13="1/4"&XQ$10))*0.25+SUMPRODUCT(($W$10:$NO$10>=XG13)*($W$10:$NO$10<=XH13)*($W13:$NO13="1/2"&XQ$10))*0.5+SUMPRODUCT(($W$10:$NO$10>=XG13)*($W$10:$NO$10<=XH13)*($W13:$NO13=XQ$10)) -> 0 | XR13: =SUMPRODUCT(($W$10:$NO$10>=XG13)*($W$10:$NO$10<=XH13)*($W13:$NO13="1/8"&XR$10))*0.125+SUMPRODUCT(($W$10:$NO$10>=XG13)*($W$10:$NO$10<=XH13)*($W13:$NO13="1/4"&XR$10))*0.25+SUMPRODUCT(($W$10:$NO$10>=XG13)*($W$10:$NO$10<=XH13)*($W13:$NO13="1/2"&XR$10))*0.5+SUMPRODUCT(($W$10:$NO$10>=XG13)*($W$10:$NO$10<=XH13)*($W13:$NO13=XR$10)) -> 0 | XS13: =SUMPRODUCT(($W$10:$NO$10>=XG13)*($W$10:$NO$10<=XH13)*($W13:$NO13="1/8"&XS$10))*0.125+SUMPRODUCT(($W$10:$NO$10>=XG13)*($W$10:$NO$10<=XH13)*($W13:$NO13="1/4"&XS$10))*0.25+SUMPRODUCT(($W$10:$NO$10>=XG13)*($W$10:$NO$10<=XH13)*($W13:$NO13="1/2"&XS$10))*0.5+SUMPRODUCT(($W$10:$NO$10>=XG13)*($W$10:$NO$10<=XH13)*($W13:$NO13=XS$10)) -> 0 | XT13: =SUMPRODUCT(($W$10:$NO$10>=XG13)*($W$10:$NO$10<=XH13)*($W13:$NO13="1/8"&XT$10))*0.125+SUMPRODUCT(($W$10:$NO$10>=XG13)*($W$10:$NO$10<=XH13)*($W13:$NO13="1/4"&XT$10))*0.25+SUMPRODUCT(($W$10:$NO$10>=XG13)*($W$10:$NO$10<=XH13)*($W13:$NO13="1/2"&XT$10))*0.5+SUMPRODUCT(($W$10:$NO$10>=XG13)*($W$10:$NO$10<=XH13)*($W13:$NO13=XT$10)) -> 0 | XU13: =SUMPRODUCT(($W$10:$NO$10>=XG13)*($W$10:$NO$10<=XH13)*($W13:$NO13="1/8"&XU$10))*0.125+SUMPRODUCT(($W$10:$NO$10>=XG13)*($W$10:$NO$10<=XH13)*($W13:$NO13="1/4"&XU$10))*0.25+SUMPRODUCT(($W$10:$NO$10>=XG13)*($W$10:$NO$10<=XH13)*($W13:$NO13="1/2"&XU$10))*0.5+SUMPRODUCT(($W$10:$NO$10>=XG13)*($W$10:$NO$10<=XH13)*($W13:$NO13=XU$10)) -> 0 | XV13: =SUMPRODUCT(($W$10:$NO$10>=XG13)*($W$10:$NO$10<=XH13)*($W13:$NO13="1/8"&XV$10))*0.125+SUMPRODUCT(($W$10:$NO$10>=XG13)*($W$10:$NO$10<=XH13)*($W13:$NO13="1/4"&XV$10))*0.25+SUMPRODUCT(($W$10:$NO$10>=XG13)*($W$10:$NO$10<=XH13)*($W13:$NO13="1/2"&XV$10))*0.5+SUMPRODUCT(($W$10:$NO$10>=XG13)*($W$10:$NO$10<=XH13)*($W13:$NO13=XV$10)) -> 0 | XW13: =SUMPRODUCT(($W$10:$NO$10>=XG13)*($W$10:$NO$10<=XH13)*($W13:$NO13="1/8"&XW$10))*0.125+SUMPRODUCT(($W$10:$NO$10>=XG13)*($W$10:$NO$10<=XH13)*($W13:$NO13="1/4"&XW$10))*0.25+SUMPRODUCT(($W$10:$NO$10>=XG13)*($W$10:$NO$10<=XH13)*($W13:$NO13="1/2"&XW$10))*0.5+SUMPRODUCT(($W$10:$NO$10>=XG13)*($W$10:$NO$10<=XH13)*($W13:$NO13=XW$10)) -> 0 | XX13: =SUMPRODUCT(($W$10:$NO$10>=XG13)*($W$10:$NO$10<=XH13)*($W13:$NO13="1/8"&XX$10))*0.125+SUMPRODUCT(($W$10:$NO$10>=XG13)*($W$10:$NO$10<=XH13)*($W13:$NO13="1/4"&XX$10))*0.25+SUMPRODUCT(($W$10:$NO$10>=XG13)*($W$10:$NO$10<=XH13)*($W13:$NO13="1/2"&XX$10))*0.5+SUMPRODUCT(($W$10:$NO$10>=XG13)*($W$10:$NO$10<=XH13)*($W13:$NO13=XX$10)) -> 0 | XY13: =XP13-SUM(XQ13:XX13) -> 0 | XZ13: =SUMPRODUCT(($W$10:$NO$10>=YA13)*($W$10:$NO$10<=YB13)*($W13:$NO13=$V$4)) -> 0 | YA13: =IF($D13<>"",IF($D13<YA$9,YA$9,$D13),YA$9) -> 45261 | YB13: =IF($E13<>"",IF($E13<YB$9,$E13,YB$9),YB$9) -> 42128 | YC13: {=IFERROR(IF($H13<>"",SUM(IF(WEEKDAY(-1+ROW(INDIRECT("1:"&(YB13-YA13)+1)),2)={1},1,0)),0),0)} -> 0 | YD13: {=IFERROR(IF($I13<>"",SUM(IF(WEEKDAY(-1+ROW(INDIRECT("1:"&(YB13-YA13)+1)),2)={2},1,0)),0),0)} -> 0 | YE13: {=IFERROR(IF($J13<>"",SUM(IF(WEEKDAY(-1+ROW(INDIRECT("1:"&(YB13-YA13)+1)),2)={3},1,0)),0),0)} -> 0 | YF13: {=IFERROR(IF($K13<>"",SUM(IF(WEEKDAY(-1+ROW(INDIRECT("1:"&(YB13-YA13)+1)),2)={4},1,0)),0),0)} -> 0 | YG13: {=IFERROR(IF($L13<>"",SUM(IF(WEEKDAY(-1+ROW(INDIRECT("1:"&(YB13-YA13)+1)),2)={5},1,0)),0),0)} -> 0 | YH13: {=IFERROR(IF($M13<>"",SUM(IF(WEEKDAY(-1+ROW(INDIRECT("1:"&(YB13-YA13)+1)),2)={6},1,0)),0),0)} -> 0 | YI13: {=IFERROR(IF($N13<>"",SUM(IF(WEEKDAY(-1+ROW(INDIRECT("1:"&(YB13-YA13)+1)),2)={7},1,0)),0),0)} -> 0 | YJ13: =SUM(YC13:YI13)-XZ13 -> 0 | YK13: =SUMPRODUCT(($W$10:$NO$10>=YA13)*($W$10:$NO$10<=YB13)*($W13:$NO13="1/8"&YK$10))*0.125+SUMPRODUCT(($W$10:$NO$10>=YA13)*($W$10:$NO$10<=YB13)*($W13:$NO13="1/4"&YK$10))*0.25+SUMPRODUCT(($W$10:$NO$10>=YA13)*($W$10:$NO$10<=YB13)*($W13:$NO13="1/2"&YK$10))*0.5+SUMPRODUCT(($W$10:$NO$10>=YA13)*($W$10:$NO$10<=YB13)*($W13:$NO13=YK$10)) -> 0 | YL13: =SUMPRODUCT(($W$10:$NO$10>=YA13)*($W$10:$NO$10<=YB13)*($W13:$NO13="1/8"&YL$10))*0.125+SUMPRODUCT(($W$10:$NO$10>=YA13)*($W$10:$NO$10<=YB13)*($W13:$NO13="1/4"&YL$10))*0.25+SUMPRODUCT(($W$10:$NO$10>=YA13)*($W$10:$NO$10<=YB13)*($W13:$NO13="1/2"&YL$10))*0.5+SUMPRODUCT(($W$10:$NO$10>=YA13)*($W$10:$NO$10<=YB13)*($W13:$NO13=YL$10)) -> 0 | YM13: =SUMPRODUCT(($W$10:$NO$10>=YA13)*($W$10:$NO$10<=YB13)*($W13:$NO13="1/8"&YM$10))*0.125+SUMPRODUCT(($W$10:$NO$10>=YA13)*($W$10:$NO$10<=YB13)*($W13:$NO13="1/4"&YM$10))*0.25+SUMPRODUCT(($W$10:$NO$10>=YA13)*($W$10:$NO$10<=YB13)*($W13:$NO13="1/2"&YM$10))*0.5+SUMPRODUCT(($W$10:$NO$10>=YA13)*($W$10:$NO$10<=YB13)*($W13:$NO13=YM$10)) -> 0 | YN13: =SUMPRODUCT(($W$10:$NO$10>=YA13)*($W$10:$NO$10<=YB13)*($W13:$NO13="1/8"&YN$10))*0.125+SUMPRODUCT(($W$10:$NO$10>=YA13)*($W$10:$NO$10<=YB13)*($W13:$NO13="1/4"&YN$10))*0.25+SUMPRODUCT(($W$10:$NO$10>=YA13)*($W$10:$NO$10<=YB13)*($W13:$NO13="1/2"&YN$10))*0.5+SUMPRODUCT(($W$10:$NO$10>=YA13)*($W$10:$NO$10<=YB13)*($W13:$NO13=YN$10)) -> 0 | YO13: =SUMPRODUCT(($W$10:$NO$10>=YA13)*($W$10:$NO$10<=YB13)*($W13:$NO13="1/8"&YO$10))*0.125+SUMPRODUCT(($W$10:$NO$10>=YA13)*($W$10:$NO$10<=YB13)*($W13:$NO13="1/4"&YO$10))*0.25+SUMPRODUCT(($W$10:$NO$10>=YA13)*($W$10:$NO$10<=YB13)*($W13:$NO13="1/2"&YO$10))*0.5+SUMPRODUCT(($W$10:$NO$10>=YA13)*($W$10:$NO$10<=YB13)*($W13:$NO13=YO$10)) -> 0 | YP13: =SUMPRODUCT(($W$10:$NO$10>=YA13)*($W$10:$NO$10<=YB13)*($W13:$NO13="1/8"&YP$10))*0.125+SUMPRODUCT(($W$10:$NO$10>=YA13)*($W$10:$NO$10<=YB13)*($W13:$NO13="1/4"&YP$10))*0.25+SUMPRODUCT(($W$10:$NO$10>=YA13)*($W$10:$NO$10<=YB13)*($W13:$NO13="1/2"&YP$10))*0.5+SUMPRODUCT(($W$10:$NO$10>=YA13)*($W$10:$NO$10<=YB13)*($W13:$NO13=YP$10)) -> 0 | YQ13: =SUMPRODUCT(($W$10:$NO$10>=YA13)*($W$10:$NO$10<=YB13)*($W13:$NO13="1/8"&YQ$10))*0.125+SUMPRODUCT(($W$10:$NO$10>=YA13)*($W$10:$NO$10<=YB13)*($W13:$NO13="1/4"&YQ$10))*0.25+SUMPRODUCT(($W$10:$NO$10>=YA13)*($W$10:$NO$10<=YB13)*($W13:$NO13="1/2"&YQ$10))*0.5+SUMPRODUCT(($W$10:$NO$10>=YA13)*($W$10:$NO$10<=YB13)*($W13:$NO13=YQ$10)) -> 0 | YR13: =SUMPRODUCT(($W$10:$NO$10>=YA13)*($W$10:$NO$10<=YB13)*($W13:$NO13="1/8"&YR$10))*0.125+SUMPRODUCT(($W$10:$NO$10>=YA13)*($W$10:$NO$10<=YB13)*($W13:$NO13="1/4"&YR$10))*0.25+SUMPRODUCT(($W$10:$NO$10>=YA13)*($W$10:$NO$10<=YB13)*($W13:$NO13="1/2"&YR$10))*0.5+SUMPRODUCT(($W$10:$NO$10>=YA13)*($W$10:$NO$10<=YB13)*($W13:$NO13=YR$10)) -> 0 | YS13: =YJ13-SUM(YK13:YR13) -> 0
