Workbook
Name calendar: daysAndWks + dateOfFirst - WEEKDAY(dateOfFirst,2)
Name calendar_grid: Dashboard!$H$10:$AW$32
Name dateOfFirst: DATE(Dashboard!$AN$5,MONTH(Dashboard!$C1),1)
Name daysAndWks: COLUMN(OFFSET(INDIRECT("$A$1"),0,0,1,42))-1
Name lstEDates: tblLeave[End Date]
Name lstEmployees: tblEmployees[List of Employees]
Name lstEmpNames: tblLeave[Employee Name]
Name lstHolidays: tblCompanyHolidays[Company Holidays]
Name lstHolidayTypes: tblLeaveTypes[Type of Leave]
Name lstHTypes: tblLeave[Type of Leave]
Name lstSdates: tblLeave[Start Date]
Name valSelEmployee: Dashboard!$AN$3

Sheet Dashboard
B2: EMPLOYEE ATTENDANCE RECORD
AE3: Select an Employee: | AN3: Catharine Campbell
AE5: Select a Year: | AN5: 2022
H7: 1 | I7: 2 | J7: 3 | K7: 4 | L7: 5 | M7: 6 | N7: 7 | O7: 1 | P7: 2 | Q7: 3 | R7: 4 | S7: 5 | T7: 6 | U7: 7 | V7: 1 | W7: 2 | X7: 3 | Y7: 4 | Z7: 5 | AA7: 6 | AB7: 7 | AC7: 1 | AD7: 2 | AE7: 3 | AF7: 4 | AG7: 5 | AH7: 6 | AI7: 7 | AJ7: 1 | AK7: 2 | AL7: 3 | AM7: 4 | AN7: 5 | AO7: 6 | AP7: 7 | AQ7: 1 | AR7: 2 | AS7: 3 | AT7: 4 | AU7: 5 | AV7: 6 | AW7: 7
H8: S | I8: M | J8: T | K8: W | L8: T | M8: F | N8: S | O8: S | P8: M | Q8: T | R8: W | S8: T | T8: F | U8: S | V8: S | W8: M | X8: T | Y8: W | Z8: T | AA8: F | AB8: S | AC8: S | AD8: M | AE8: T | AF8: W | AG8: T | AH8: F | AI8: S | AJ8: S | AK8: M | AL8: T | AM8: W | AN8: T | AO8: F | AP8: S | AQ8: S | AR8: M | AS8: T | AT8: W | AU8: T | AV8: F | AW8: S | AZ8: Month | BA8: First Day's DoW | BB8: Last Day's DoW | BC8: Total days
C9: =DATE($AN$5,4,1) -> 44652 | H9: =IF(ISNUMBER(C9),IF(C9+1<=$BC9,C9+1,""),IF(AND(COUNT($C9:C9)<$BC9,H$7=$BA9),1,"")) | I9: =IF(ISNUMBER(H9),IF(H9+1<=$BC9,H9+1,""),IF(AND(COUNT($C9:H9)<$BC9,I$7=$BA9),1,"")) | J9: =IF(ISNUMBER(I9),IF(I9+1<=$BC9,I9+1,""),IF(AND(COUNT($C9:I9)<$BC9,J$7=$BA9),1,"")) | K9: =IF(ISNUMBER(J9),IF(J9+1<=$BC9,J9+1,""),IF(AND(COUNT($C9:J9)<$BC9,K$7=$BA9),1,"")) | L9: =IF(ISNUMBER(K9),IF(K9+1<=$BC9,K9+1,""),IF(AND(COUNT($C9:K9)<$BC9,L$7=$BA9),1,"")) | M9: =IF(ISNUMBER(L9),IF(L9+1<=$BC9,L9+1,""),IF(AND(COUNT($C9:L9)<$BC9,M$7=$BA9),1,"")) -> 1 | N9: =IF(ISNUMBER(M9),IF(M9+1<=$BC9,M9+1,""),IF(AND(COUNT($C9:M9)<$BC9,N$7=$BA9),1,"")) -> 2 | O9: =IF(ISNUMBER(N9),IF(N9+1<=$BC9,N9+1,""),IF(AND(COUNT($C9:N9)<$BC9,O$7=$BA9),1,"")) -> 3 | P9: =IF(ISNUMBER(O9),IF(O9+1<=$BC9,O9+1,""),IF(AND(COUNT($C9:O9)<$BC9,P$7=$BA9),1,"")) -> 4 | ... AW9: =IF(ISNUMBER(AV9),IF(AV9+1<=$BC9,AV9+1,""),IF(AND(COUNT($C9:AV9)<$BC9,AW$7=$BA9),1,"")) | AZ9: 4 | BA9: =WEEKDAY(DATE(IF(AZ9<=3,$AN$5+1,$AN$5),AZ9,1)) -> 6 | BB9: =WEEKDAY(DATE(IF(AZ9<=3,#REF!+1,$AN$5),AZ9+1,1)-1) -> 7 | BC9: =DATE(IF(AZ9<=3,#REF!+1,$AN$5),AZ9+1,1)-DATE(IF(AZ9<=3,#REF!+1,$AN$5),AZ9,1) -> 30
C10: =DATE($AN$5,4,1) -> 44652 | H10: =IFERROR(DATE(YEAR($C9),MONTH($C9),DAY(H9)),"") | I10: =IFERROR(DATE(YEAR($C9),MONTH($C9),DAY(I9)),"") | J10: =IFERROR(DATE(YEAR($C9),MONTH($C9),DAY(J9)),"") | K10: =IFERROR(DATE(YEAR($C9),MONTH($C9),DAY(K9)),"") | L10: =IFERROR(DATE(YEAR($C9),MONTH($C9),DAY(L9)),"") | M10: =IFERROR(DATE(YEAR($C9),MONTH($C9),DAY(M9)),"") -> 44652 | N10: =IFERROR(DATE(YEAR($C9),MONTH($C9),DAY(N9)),"") -> 44653 | O10: =IFERROR(DATE(YEAR($C9),MONTH($C9),DAY(O9)),"") -> 44654 | ... AW10: =IFERROR(DATE(YEAR($C9),MONTH($C9),DAY(AW9)),"")
C11: =DATE($AN$5,5,1) -> 44682 | H11: =IF(ISNUMBER(C11),IF(C11+1<=$BC11,C11+1,""),IF(AND(COUNT($C11:C11)<$BC11,H$7=$BA11),1,"")) | I11: =IF(ISNUMBER(H11),IF(H11+1<=$BC11,H11+1,""),IF(AND(COUNT($C11:H11)<$BC11,I$7=$BA11),1,"")) | J11: =IF(ISNUMBER(I11),IF(I11+1<=$BC11,I11+1,""),IF(AND(COUNT($C11:I11)<$BC11,J$7=$BA11),1,"")) | K11: =IF(ISNUMBER(J11),IF(J11+1<=$BC11,J11+1,""),IF(AND(COUNT($C11:J11)<$BC11,K$7=$BA11),1,"")) | L11: =IF(ISNUMBER(K11),IF(K11+1<=$BC11,K11+1,""),IF(AND(COUNT($C11:K11)<$BC11,L$7=$BA11),1,"")) | M11: =IF(ISNUMBER(L11),IF(L11+1<=$BC11,L11+1,""),IF(AND(COUNT($C11:L11)<$BC11,M$7=$BA11),1,"")) | N11: =IF(ISNUMBER(M11),IF(M11+1<=$BC11,M11+1,""),IF(AND(COUNT($C11:M11)<$BC11,N$7=$BA11),1,"")) | O11: =IF(ISNUMBER(N11),IF(N11+1<=$BC11,N11+1,""),IF(AND(COUNT($C11:N11)<$BC11,O$7=$BA11),1,"")) -> 1 | P11: =IF(ISNUMBER(O11),IF(O11+1<=$BC11,O11+1,""),IF(AND(COUNT($C11:O11)<$BC11,P$7=$BA11),1,"")) -> 2 | ... AW11: =IF(ISNUMBER(AV11),IF(AV11+1<=$BC11,AV11+1,""),IF(AND(COUNT($C11:AV11)<$BC11,AW$7=$BA11),1,"")) | AZ11: 5 | BA11: =WEEKDAY(DATE(IF(AZ11<=3,$AN$5+1,$AN$5),AZ11,1)) -> 1 | BB11: =WEEKDAY(DATE(IF(AZ11<=3,#REF!+1,$AN$5),AZ11+1,1)-1) -> 3 | BC11: =DATE(IF(AZ11<=3,#REF!+1,$AN$5),AZ11+1,1)-DATE(IF(AZ11<=3,#REF!+1,$AN$5),AZ11,1) -> 31
C12: =DATE($AN$5,5,1) -> 44682 | H12: =IFERROR(DATE(YEAR($C11),MONTH($C11),DAY(H11)),"") | I12: =IFERROR(DATE(YEAR($C11),MONTH($C11),DAY(I11)),"") | J12: =IFERROR(DATE(YEAR($C11),MONTH($C11),DAY(J11)),"") | K12: =IFERROR(DATE(YEAR($C11),MONTH($C11),DAY(K11)),"") | L12: =IFERROR(DATE(YEAR($C11),MONTH($C11),DAY(L11)),"") | M12: =IFERROR(DATE(YEAR($C11),MONTH($C11),DAY(M11)),"") | N12: =IFERROR(DATE(YEAR($C11),MONTH($C11),DAY(N11)),"") | O12: =IFERROR(DATE(YEAR($C11),MONTH($C11),DAY(O11)),"") -> 44682 | ... AW12: =IFERROR(DATE(YEAR($C11),MONTH($C11),DAY(AW11)),"")
C13: =DATE($AN$5,6,1) -> 44713 | H13: =IF(ISNUMBER(C13),IF(C13+1<=$BC13,C13+1,""),IF(AND(COUNT($C13:C13)<$BC13,H$7=$BA13),1,"")) | I13: =IF(ISNUMBER(H13),IF(H13+1<=$BC13,H13+1,""),IF(AND(COUNT($C13:H13)<$BC13,I$7=$BA13),1,"")) | J13: =IF(ISNUMBER(I13),IF(I13+1<=$BC13,I13+1,""),IF(AND(COUNT($C13:I13)<$BC13,J$7=$BA13),1,"")) | K13: =IF(ISNUMBER(J13),IF(J13+1<=$BC13,J13+1,""),IF(AND(COUNT($C13:J13)<$BC13,K$7=$BA13),1,"")) -> 1 | L13: =IF(ISNUMBER(K13),IF(K13+1<=$BC13,K13+1,""),IF(AND(COUNT($C13:K13)<$BC13,L$7=$BA13),1,"")) -> 2 | M13: =IF(ISNUMBER(L13),IF(L13+1<=$BC13,L13+1,""),IF(AND(COUNT($C13:L13)<$BC13,M$7=$BA13),1,"")) -> 3 | N13: =IF(ISNUMBER(M13),IF(M13+1<=$BC13,M13+1,""),IF(AND(COUNT($C13:M13)<$BC13,N$7=$BA13),1,"")) -> 4 | O13: =IF(ISNUMBER(N13),IF(N13+1<=$BC13,N13+1,""),IF(AND(COUNT($C13:N13)<$BC13,O$7=$BA13),1,"")) -> 5 | P13: =IF(ISNUMBER(O13),IF(O13+1<=$BC13,O13+1,""),IF(AND(COUNT($C13:O13)<$BC13,P$7=$BA13),1,"")) -> 6 | ... AW13: =IF(ISNUMBER(AV13),IF(AV13+1<=$BC13,AV13+1,""),IF(AND(COUNT($C13:AV13)<$BC13,AW$7=$BA13),1,"")) | AZ13: 6 | BA13: =WEEKDAY(DATE(IF(AZ13<=3,$AN$5+1,$AN$5),AZ13,1)) -> 4 | BB13: =WEEKDAY(DATE(IF(AZ13<=3,#REF!+1,$AN$5),AZ13+1,1)-1) -> 5 | BC13: =DATE(IF(AZ13<=3,#REF!+1,$AN$5),AZ13+1,1)-DATE(IF(AZ13<=3,#REF!+1,$AN$5),AZ13,1) -> 30
C14: =DATE($AN$5,6,1) -> 44713 | H14: =IFERROR(DATE(YEAR($C13),MONTH($C13),DAY(H13)),"") | I14: =IFERROR(DATE(YEAR($C13),MONTH($C13),DAY(I13)),"") | J14: =IFERROR(DATE(YEAR($C13),MONTH($C13),DAY(J13)),"") | K14: =IFERROR(DATE(YEAR($C13),MONTH($C13),DAY(K13)),"") -> 44713 | L14: =IFERROR(DATE(YEAR($C13),MONTH($C13),DAY(L13)),"") -> 44714 | M14: =IFERROR(DATE(YEAR($C13),MONTH($C13),DAY(M13)),"") -> 44715 | N14: =IFERROR(DATE(YEAR($C13),MONTH($C13),DAY(N13)),"") -> 44716 | O14: =IFERROR(DATE(YEAR($C13),MONTH($C13),DAY(O13)),"") -> 44717 | ... AW14: =IFERROR(DATE(YEAR($C13),MONTH($C13),DAY(AW13)),"")
C15: =DATE($AN$5,7,1) -> 44743 | H15: =IF(ISNUMBER(C15),IF(C15+1<=$BC15,C15+1,""),IF(AND(COUNT($C15:C15)<$BC15,H$7=$BA15),1,"")) | I15: =IF(ISNUMBER(H15),IF(H15+1<=$BC15,H15+1,""),IF(AND(COUNT($C15:H15)<$BC15,I$7=$BA15),1,"")) | J15: =IF(ISNUMBER(I15),IF(I15+1<=$BC15,I15+1,""),IF(AND(COUNT($C15:I15)<$BC15,J$7=$BA15),1,"")) | K15: =IF(ISNUMBER(J15),IF(J15+1<=$BC15,J15+1,""),IF(AND(COUNT($C15:J15)<$BC15,K$7=$BA15),1,"")) | L15: =IF(ISNUMBER(K15),IF(K15+1<=$BC15,K15+1,""),IF(AND(COUNT($C15:K15)<$BC15,L$7=$BA15),1,"")) | M15: =IF(ISNUMBER(L15),IF(L15+1<=$BC15,L15+1,""),IF(AND(COUNT($C15:L15)<$BC15,M$7=$BA15),1,"")) -> 1 | N15: =IF(ISNUMBER(M15),IF(M15+1<=$BC15,M15+1,""),IF(AND(COUNT($C15:M15)<$BC15,N$7=$BA15),1,"")) -> 2 | O15: =IF(ISNUMBER(N15),IF(N15+1<=$BC15,N15+1,""),IF(AND(COUNT($C15:N15)<$BC15,O$7=$BA15),1,"")) -> 3 | P15: =IF(ISNUMBER(O15),IF(O15+1<=$BC15,O15+1,""),IF(AND(COUNT($C15:O15)<$BC15,P$7=$BA15),1,"")) -> 4 | ... AW15: =IF(ISNUMBER(AV15),IF(AV15+1<=$BC15,AV15+1,""),IF(AND(COUNT($C15:AV15)<$BC15,AW$7=$BA15),1,"")) | AZ15: 7 | BA15: =WEEKDAY(DATE(IF(AZ15<=3,$AN$5+1,$AN$5),AZ15,1)) -> 6 | BB15: =WEEKDAY(DATE(IF(AZ15<=3,#REF!+1,$AN$5),AZ15+1,1)-1) -> 1 | BC15: =DATE(IF(AZ15<=3,#REF!+1,$AN$5),AZ15+1,1)-DATE(IF(AZ15<=3,#REF!+1,$AN$5),AZ15,1) -> 31
C16: =DATE($AN$5,7,1) -> 44743 | H16: =IFERROR(DATE(YEAR($C15),MONTH($C15),DAY(H15)),"") | I16: =IFERROR(DATE(YEAR($C15),MONTH($C15),DAY(I15)),"") | J16: =IFERROR(DATE(YEAR($C15),MONTH($C15),DAY(J15)),"") | K16: =IFERROR(DATE(YEAR($C15),MONTH($C15),DAY(K15)),"") | L16: =IFERROR(DATE(YEAR($C15),MONTH($C15),DAY(L15)),"") | M16: =IFERROR(DATE(YEAR($C15),MONTH($C15),DAY(M15)),"") -> 44743 | N16: =IFERROR(DATE(YEAR($C15),MONTH($C15),DAY(N15)),"") -> 44744 | O16: =IFERROR(DATE(YEAR($C15),MONTH($C15),DAY(O15)),"") -> 44745 | ... AW16: =IFERROR(DATE(YEAR($C15),MONTH($C15),DAY(AW15)),"")
C17: =DATE($AN$5,8,1) -> 44774 | H17: =IF(ISNUMBER(C17),IF(C17+1<=$BC17,C17+1,""),IF(AND(COUNT($C17:C17)<$BC17,H$7=$BA17),1,"")) | I17: =IF(ISNUMBER(H17),IF(H17+1<=$BC17,H17+1,""),IF(AND(COUNT($C17:H17)<$BC17,I$7=$BA17),1,"")) -> 1 | J17: =IF(ISNUMBER(I17),IF(I17+1<=$BC17,I17+1,""),IF(AND(COUNT($C17:I17)<$BC17,J$7=$BA17),1,"")) -> 2 | K17: =IF(ISNUMBER(J17),IF(J17+1<=$BC17,J17+1,""),IF(AND(COUNT($C17:J17)<$BC17,K$7=$BA17),1,"")) -> 3 | L17: =IF(ISNUMBER(K17),IF(K17+1<=$BC17,K17+1,""),IF(AND(COUNT($C17:K17)<$BC17,L$7=$BA17),1,"")) -> 4 | M17: =IF(ISNUMBER(L17),IF(L17+1<=$BC17,L17+1,""),IF(AND(COUNT($C17:L17)<$BC17,M$7=$BA17),1,"")) -> 5 | N17: =IF(ISNUMBER(M17),IF(M17+1<=$BC17,M17+1,""),IF(AND(COUNT($C17:M17)<$BC17,N$7=$BA17),1,"")) -> 6 | O17: =IF(ISNUMBER(N17),IF(N17+1<=$BC17,N17+1,""),IF(AND(COUNT($C17:N17)<$BC17,O$7=$BA17),1,"")) -> 7 | P17: =IF(ISNUMBER(O17),IF(O17+1<=$BC17,O17+1,""),IF(AND(COUNT($C17:O17)<$BC17,P$7=$BA17),1,"")) -> 8 | ... AW17: =IF(ISNUMBER(AV17),IF(AV17+1<=$BC17,AV17+1,""),IF(AND(COUNT($C17:AV17)<$BC17,AW$7=$BA17),1,"")) | AZ17: 8 | BA17: =WEEKDAY(DATE(IF(AZ17<=3,$AN$5+1,$AN$5),AZ17,1)) -> 2 | BB17: =WEEKDAY(DATE(IF(AZ17<=3,#REF!+1,$AN$5),AZ17+1,1)-1) -> 4 | BC17: =DATE(IF(AZ17<=3,#REF!+1,$AN$5),AZ17+1,1)-DATE(IF(AZ17<=3,#REF!+1,$AN$5),AZ17,1) -> 31
C18: =DATE($AN$5,8,1) -> 44774 | H18: =IFERROR(DATE(YEAR($C17),MONTH($C17),DAY(H17)),"") | I18: =IFERROR(DATE(YEAR($C17),MONTH($C17),DAY(I17)),"") -> 44774 | J18: =IFERROR(DATE(YEAR($C17),MONTH($C17),DAY(J17)),"") -> 44775 | K18: =IFERROR(DATE(YEAR($C17),MONTH($C17),DAY(K17)),"") -> 44776 | L18: =IFERROR(DATE(YEAR($C17),MONTH($C17),DAY(L17)),"") -> 44777 | M18: =IFERROR(DATE(YEAR($C17),MONTH($C17),DAY(M17)),"") -> 44778 | N18: =IFERROR(DATE(YEAR($C17),MONTH($C17),DAY(N17)),"") -> 44779 | O18: =IFERROR(DATE(YEAR($C17),MONTH($C17),DAY(O17)),"") -> 44780 | ... AW18: =IFERROR(DATE(YEAR($C17),MONTH($C17),DAY(AW17)),"")
C19: =DATE($AN$5,9,1) -> 44805 | H19: =IF(ISNUMBER(C19),IF(C19+1<=$BC19,C19+1,""),IF(AND(COUNT($C19:C19)<$BC19,H$7=$BA19),1,"")) | I19: =IF(ISNUMBER(H19),IF(H19+1<=$BC19,H19+1,""),IF(AND(COUNT($C19:H19)<$BC19,I$7=$BA19),1,"")) | J19: =IF(ISNUMBER(I19),IF(I19+1<=$BC19,I19+1,""),IF(AND(COUNT($C19:I19)<$BC19,J$7=$BA19),1,"")) | K19: =IF(ISNUMBER(J19),IF(J19+1<=$BC19,J19+1,""),IF(AND(COUNT($C19:J19)<$BC19,K$7=$BA19),1,"")) | L19: =IF(ISNUMBER(K19),IF(K19+1<=$BC19,K19+1,""),IF(AND(COUNT($C19:K19)<$BC19,L$7=$BA19),1,"")) -> 1 | M19: =IF(ISNUMBER(L19),IF(L19+1<=$BC19,L19+1,""),IF(AND(COUNT($C19:L19)<$BC19,M$7=$BA19),1,"")) -> 2 | N19: =IF(ISNUMBER(M19),IF(M19+1<=$BC19,M19+1,""),IF(AND(COUNT($C19:M19)<$BC19,N$7=$BA19),1,"")) -> 3 | O19: =IF(ISNUMBER(N19),IF(N19+1<=$BC19,N19+1,""),IF(AND(COUNT($C19:N19)<$BC19,O$7=$BA19),1,"")) -> 4 | P19: =IF(ISNUMBER(O19),IF(O19+1<=$BC19,O19+1,""),IF(AND(COUNT($C19:O19)<$BC19,P$7=$BA19),1,"")) -> 5 | ... AW19: =IF(ISNUMBER(AV19),IF(AV19+1<=$BC19,AV19+1,""),IF(AND(COUNT($C19:AV19)<$BC19,AW$7=$BA19),1,"")) | AZ19: 9 | BA19: =WEEKDAY(DATE(IF(AZ19<=3,$AN$5+1,$AN$5),AZ19,1)) -> 5 | BB19: =WEEKDAY(DATE(IF(AZ19<=3,AN1+1,$AN$5),AZ19+1,1)-1) -> 6 | BC19: =DATE(IF(AZ19<=3,AN1+1,$AN$5),AZ19+1,1)-DATE(IF(AZ19<=3,AN1+1,$AN$5),AZ19,1) -> 30
C20: =DATE($AN$5,9,1) -> 44805 | H20: =IFERROR(DATE(YEAR($C19),MONTH($C19),DAY(H19)),"") | I20: =IFERROR(DATE(YEAR($C19),MONTH($C19),DAY(I19)),"") | J20: =IFERROR(DATE(YEAR($C19),MONTH($C19),DAY(J19)),"") | K20: =IFERROR(DATE(YEAR($C19),MONTH($C19),DAY(K19)),"") | L20: =IFERROR(DATE(YEAR($C19),MONTH($C19),DAY(L19)),"") -> 44805 | M20: =IFERROR(DATE(YEAR($C19),MONTH($C19),DAY(M19)),"") -> 44806 | N20: =IFERROR(DATE(YEAR($C19),MONTH($C19),DAY(N19)),"") -> 44807 | O20: =IFERROR(DATE(YEAR($C19),MONTH($C19),DAY(O19)),"") -> 44808 | ... AW20: =IFERROR(DATE(YEAR($C19),MONTH($C19),DAY(AW19)),"")
C21: =DATE($AN$5,10,1) -> 44835 | H21: =IF(ISNUMBER(C21),IF(C21+1<=$BC21,C21+1,""),IF(AND(COUNT($C21:C21)<$BC21,H$7=$BA21),1,"")) | I21: =IF(ISNUMBER(H21),IF(H21+1<=$BC21,H21+1,""),IF(AND(COUNT($C21:H21)<$BC21,I$7=$BA21),1,"")) | J21: =IF(ISNUMBER(I21),IF(I21+1<=$BC21,I21+1,""),IF(AND(COUNT($C21:I21)<$BC21,J$7=$BA21),1,"")) | K21: =IF(ISNUMBER(J21),IF(J21+1<=$BC21,J21+1,""),IF(AND(COUNT($C21:J21)<$BC21,K$7=$BA21),1,"")) | L21: =IF(ISNUMBER(K21),IF(K21+1<=$BC21,K21+1,""),IF(AND(COUNT($C21:K21)<$BC21,L$7=$BA21),1,"")) | M21: =IF(ISNUMBER(L21),IF(L21+1<=$BC21,L21+1,""),IF(AND(COUNT($C21:L21)<$BC21,M$7=$BA21),1,"")) | N21: =IF(ISNUMBER(M21),IF(M21+1<=$BC21,M21+1,""),IF(AND(COUNT($C21:M21)<$BC21,N$7=$BA21),1,"")) -> 1 | O21: =IF(ISNUMBER(N21),IF(N21+1<=$BC21,N21+1,""),IF(AND(COUNT($C21:N21)<$BC21,O$7=$BA21),1,"")) -> 2 | P21: =IF(ISNUMBER(O21),IF(O21+1<=$BC21,O21+1,""),IF(AND(COUNT($C21:O21)<$BC21,P$7=$BA21),1,"")) -> 3 | ... AW21: =IF(ISNUMBER(AV21),IF(AV21+1<=$BC21,AV21+1,""),IF(AND(COUNT($C21:AV21)<$BC21,AW$7=$BA21),1,"")) | AZ21: 10 | BA21: =WEEKDAY(DATE(IF(AZ21<=3,$AN$5+1,$AN$5),AZ21,1)) -> 7 | BB21: =WEEKDAY(DATE(IF(AZ21<=3,AN2+1,$AN$5),AZ21+1,1)-1) -> 2 | BC21: =DATE(IF(AZ21<=3,AN2+1,$AN$5),AZ21+1,1)-DATE(IF(AZ21<=3,AN2+1,$AN$5),AZ21,1) -> 31
C22: =DATE($AN$5,10,1) -> 44835 | H22: =IFERROR(DATE(YEAR($C21),MONTH($C21),DAY(H21)),"") | I22: =IFERROR(DATE(YEAR($C21),MONTH($C21),DAY(I21)),"") | J22: =IFERROR(DATE(YEAR($C21),MONTH($C21),DAY(J21)),"") | K22: =IFERROR(DATE(YEAR($C21),MONTH($C21),DAY(K21)),"") | L22: =IFERROR(DATE(YEAR($C21),MONTH($C21),DAY(L21)),"") | M22: =IFERROR(DATE(YEAR($C21),MONTH($C21),DAY(M21)),"") | N22: =IFERROR(DATE(YEAR($C21),MONTH($C21),DAY(N21)),"") -> 44835 | O22: =IFERROR(DATE(YEAR($C21),MONTH($C21),DAY(O21)),"") -> 44836 | ... AW22: =IFERROR(DATE(YEAR($C21),MONTH($C21),DAY(AW21)),"")
C23: =DATE($AN$5,11,1) -> 44866 | H23: =IF(ISNUMBER(C23),IF(C23+1<=$BC23,C23+1,""),IF(AND(COUNT($C23:C23)<$BC23,H$7=$BA23),1,"")) | I23: =IF(ISNUMBER(H23),IF(H23+1<=$BC23,H23+1,""),IF(AND(COUNT($C23:H23)<$BC23,I$7=$BA23),1,"")) | J23: =IF(ISNUMBER(I23),IF(I23+1<=$BC23,I23+1,""),IF(AND(COUNT($C23:I23)<$BC23,J$7=$BA23),1,"")) -> 1 | K23: =IF(ISNUMBER(J23),IF(J23+1<=$BC23,J23+1,""),IF(AND(COUNT($C23:J23)<$BC23,K$7=$BA23),1,"")) -> 2 | L23: =IF(ISNUMBER(K23),IF(K23+1<=$BC23,K23+1,""),IF(AND(COUNT($C23:K23)<$BC23,L$7=$BA23),1,"")) -> 3 | M23: =IF(ISNUMBER(L23),IF(L23+1<=$BC23,L23+1,""),IF(AND(COUNT($C23:L23)<$BC23,M$7=$BA23),1,"")) -> 4 | N23: =IF(ISNUMBER(M23),IF(M23+1<=$BC23,M23+1,""),IF(AND(COUNT($C23:M23)<$BC23,N$7=$BA23),1,"")) -> 5 | O23: =IF(ISNUMBER(N23),IF(N23+1<=$BC23,N23+1,""),IF(AND(COUNT($C23:N23)<$BC23,O$7=$BA23),1,"")) -> 6 | P23: =IF(ISNUMBER(O23),IF(O23+1<=$BC23,O23+1,""),IF(AND(COUNT($C23:O23)<$BC23,P$7=$BA23),1,"")) -> 7 | ... AW23: =IF(ISNUMBER(AV23),IF(AV23+1<=$BC23,AV23+1,""),IF(AND(COUNT($C23:AV23)<$BC23,AW$7=$BA23),1,"")) | AZ23: 11 | BA23: =WEEKDAY(DATE(IF(AZ23<=3,$AN$5+1,$AN$5),AZ23,1)) -> 3 | BB23: =WEEKDAY(DATE(IF(AZ23<=3,AN3+1,$AN$5),AZ23+1,1)-1) -> 4 | BC23: =DATE(IF(AZ23<=3,AN3+1,$AN$5),AZ23+1,1)-DATE(IF(AZ23<=3,AN3+1,$AN$5),AZ23,1) -> 30
C24: =DATE($AN$5,11,1) -> 44866 | H24: =IFERROR(DATE(YEAR($C23),MONTH($C23),DAY(H23)),"") | I24: =IFERROR(DATE(YEAR($C23),MONTH($C23),DAY(I23)),"") | J24: =IFERROR(DATE(YEAR($C23),MONTH($C23),DAY(J23)),"") -> 44866 | K24: =IFERROR(DATE(YEAR($C23),MONTH($C23),DAY(K23)),"") -> 44867 | L24: =IFERROR(DATE(YEAR($C23),MONTH($C23),DAY(L23)),"") -> 44868 | M24: =IFERROR(DATE(YEAR($C23),MONTH($C23),DAY(M23)),"") -> 44869 | N24: =IFERROR(DATE(YEAR($C23),MONTH($C23),DAY(N23)),"") -> 44870 | O24: =IFERROR(DATE(YEAR($C23),MONTH($C23),DAY(O23)),"") -> 44871 | ... AW24: =IFERROR(DATE(YEAR($C23),MONTH($C23),DAY(AW23)),"")
C25: =DATE($AN$5,12,1) -> 44896 | H25: =IF(ISNUMBER(C25),IF(C25+1<=$BC25,C25+1,""),IF(AND(COUNT($C25:C25)<$BC25,H$7=$BA25),1,"")) | I25: =IF(ISNUMBER(H25),IF(H25+1<=$BC25,H25+1,""),IF(AND(COUNT($C25:H25)<$BC25,I$7=$BA25),1,"")) | J25: =IF(ISNUMBER(I25),IF(I25+1<=$BC25,I25+1,""),IF(AND(COUNT($C25:I25)<$BC25,J$7=$BA25),1,"")) | K25: =IF(ISNUMBER(J25),IF(J25+1<=$BC25,J25+1,""),IF(AND(COUNT($C25:J25)<$BC25,K$7=$BA25),1,"")) | L25: =IF(ISNUMBER(K25),IF(K25+1<=$BC25,K25+1,""),IF(AND(COUNT($C25:K25)<$BC25,L$7=$BA25),1,"")) -> 1 | M25: =IF(ISNUMBER(L25),IF(L25+1<=$BC25,L25+1,""),IF(AND(COUNT($C25:L25)<$BC25,M$7=$BA25),1,"")) -> 2 | N25: =IF(ISNUMBER(M25),IF(M25+1<=$BC25,M25+1,""),IF(AND(COUNT($C25:M25)<$BC25,N$7=$BA25),1,"")) -> 3 | O25: =IF(ISNUMBER(N25),IF(N25+1<=$BC25,N25+1,""),IF(AND(COUNT($C25:N25)<$BC25,O$7=$BA25),1,"")) -> 4 | P25: =IF(ISNUMBER(O25),IF(O25+1<=$BC25,O25+1,""),IF(AND(COUNT($C25:O25)<$BC25,P$7=$BA25),1,"")) -> 5 | ... AW25: =IF(ISNUMBER(AV25),IF(AV25+1<=$BC25,AV25+1,""),IF(AND(COUNT($C25:AV25)<$BC25,AW$7=$BA25),1,"")) | AZ25: 12 | BA25: =WEEKDAY(DATE(IF(AZ25<=3,$AN$5+1,$AN$5),AZ25,1)) -> 5 | BB25: =WEEKDAY(DATE(IF(AZ25<=3,AN4+1,$AN$5),AZ25+1,1)-1) -> 7 | BC25: =DATE(IF(AZ25<=3,AN4+1,$AN$5),AZ25+1,1)-DATE(IF(AZ25<=3,AN4+1,$AN$5),AZ25,1) -> 31
C26: =DATE($AN$5,12,1) -> 44896 | H26: =IFERROR(DATE(YEAR($C25),MONTH($C25),DAY(H25)),"") | I26: =IFERROR(DATE(YEAR($C25),MONTH($C25),DAY(I25)),"") | J26: =IFERROR(DATE(YEAR($C25),MONTH($C25),DAY(J25)),"") | K26: =IFERROR(DATE(YEAR($C25),MONTH($C25),DAY(K25)),"") | L26: =IFERROR(DATE(YEAR($C25),MONTH($C25),DAY(L25)),"") -> 44896 | M26: =IFERROR(DATE(YEAR($C25),MONTH($C25),DAY(M25)),"") -> 44897 | N26: =IFERROR(DATE(YEAR($C25),MONTH($C25),DAY(N25)),"") -> 44898 | O26: =IFERROR(DATE(YEAR($C25),MONTH($C25),DAY(O25)),"") -> 44899 | ... AW26: =IFERROR(DATE(YEAR($C25),MONTH($C25),DAY(AW25)),"")
C27: =DATE($AN$5,13,1) -> 44927 | H27: =IF(ISNUMBER(C27),IF(C27+1<=$BC27,C27+1,""),IF(AND(COUNT($C27:C27)<$BC27,H$7=$BA27),1,"")) | I27: =IF(ISNUMBER(H27),IF(H27+1<=$BC27,H27+1,""),IF(AND(COUNT($C27:H27)<$BC27,I$7=$BA27),1,"")) | J27: =IF(ISNUMBER(I27),IF(I27+1<=$BC27,I27+1,""),IF(AND(COUNT($C27:I27)<$BC27,J$7=$BA27),1,"")) | K27: =IF(ISNUMBER(J27),IF(J27+1<=$BC27,J27+1,""),IF(AND(COUNT($C27:J27)<$BC27,K$7=$BA27),1,"")) | L27: =IF(ISNUMBER(K27),IF(K27+1<=$BC27,K27+1,""),IF(AND(COUNT($C27:K27)<$BC27,L$7=$BA27),1,"")) | M27: =IF(ISNUMBER(L27),IF(L27+1<=$BC27,L27+1,""),IF(AND(COUNT($C27:L27)<$BC27,M$7=$BA27),1,"")) | N27: =IF(ISNUMBER(M27),IF(M27+1<=$BC27,M27+1,""),IF(AND(COUNT($C27:M27)<$BC27,N$7=$BA27),1,"")) | O27: =IF(ISNUMBER(N27),IF(N27+1<=$BC27,N27+1,""),IF(AND(COUNT($C27:N27)<$BC27,O$7=$BA27),1,"")) -> 1 | P27: =IF(ISNUMBER(O27),IF(O27+1<=$BC27,O27+1,""),IF(AND(COUNT($C27:O27)<$BC27,P$7=$BA27),1,"")) -> 2 | ... AW27: =IF(ISNUMBER(AV27),IF(AV27+1<=$BC27,AV27+1,""),IF(AND(COUNT($C27:AV27)<$BC27,AW$7=$BA27),1,"")) | AZ27: 1 | BA27: =WEEKDAY(DATE(IF(AZ27<=3,$AN$5+1,$AN$5),AZ27,1)) -> 1 | BB27: =WEEKDAY(DATE(IF(AZ27<=3,AN5+1,$AN$5),AZ27+1,1)-1) -> 3 | BC27: =DATE(IF(AZ27<=3,AN5+1,$AN$5),AZ27+1,1)-DATE(IF(AZ27<=3,AN5+1,$AN$5),AZ27,1) -> 31
C28: =DATE($AN$5,13,1) -> 44927 | H28: =IFERROR(DATE(YEAR($C27),MONTH($C27),DAY(H27)),"") | I28: =IFERROR(DATE(YEAR($C27),MONTH($C27),DAY(I27)),"") | J28: =IFERROR(DATE(YEAR($C27),MONTH($C27),DAY(J27)),"") | K28: =IFERROR(DATE(YEAR($C27),MONTH($C27),DAY(K27)),"") | L28: =IFERROR(DATE(YEAR($C27),MONTH($C27),DAY(L27)),"") | M28: =IFERROR(DATE(YEAR($C27),MONTH($C27),DAY(M27)),"") | N28: =IFERROR(DATE(YEAR($C27),MONTH($C27),DAY(N27)),"") | O28: =IFERROR(DATE(YEAR($C27),MONTH($C27),DAY(O27)),"") -> 44927 | ... AW28: =IFERROR(DATE(YEAR($C27),MONTH($C27),DAY(AW27)),"")
C29: =DATE($AN$5,14,1) -> 44958 | H29: =IF(ISNUMBER(C29),IF(C29+1<=$BC29,C29+1,""),IF(AND(COUNT($C29:C29)<$BC29,H$7=$BA29),1,"")) | I29: =IF(ISNUMBER(H29),IF(H29+1<=$BC29,H29+1,""),IF(AND(COUNT($C29:H29)<$BC29,I$7=$BA29),1,"")) | J29: =IF(ISNUMBER(I29),IF(I29+1<=$BC29,I29+1,""),IF(AND(COUNT($C29:I29)<$BC29,J$7=$BA29),1,"")) | K29: =IF(ISNUMBER(J29),IF(J29+1<=$BC29,J29+1,""),IF(AND(COUNT($C29:J29)<$BC29,K$7=$BA29),1,"")) -> 1 | L29: =IF(ISNUMBER(K29),IF(K29+1<=$BC29,K29+1,""),IF(AND(COUNT($C29:K29)<$BC29,L$7=$BA29),1,"")) -> 2 | M29: =IF(ISNUMBER(L29),IF(L29+1<=$BC29,L29+1,""),IF(AND(COUNT($C29:L29)<$BC29,M$7=$BA29),1,"")) -> 3 | N29: =IF(ISNUMBER(M29),IF(M29+1<=$BC29,M29+1,""),IF(AND(COUNT($C29:M29)<$BC29,N$7=$BA29),1,"")) -> 4 | O29: =IF(ISNUMBER(N29),IF(N29+1<=$BC29,N29+1,""),IF(AND(COUNT($C29:N29)<$BC29,O$7=$BA29),1,"")) -> 5 | P29: =IF(ISNUMBER(O29),IF(O29+1<=$BC29,O29+1,""),IF(AND(COUNT($C29:O29)<$BC29,P$7=$BA29),1,"")) -> 6 | ... AW29: =IF(ISNUMBER(AV29),IF(AV29+1<=$BC29,AV29+1,""),IF(AND(COUNT($C29:AV29)<$BC29,AW$7=$BA29),1,"")) | AZ29: 2 | BA29: =WEEKDAY(DATE(IF(AZ29<=3,$AN$5+1,$AN$5),AZ29,1)) -> 4 | BB29: =WEEKDAY(DATE(IF(AZ29<=3,AN6+1,$AN$5),AZ29+1,1)-1) -> 5 | BC29: =DATE(IF(AZ29<=3,AN6+1,$AN$5),AZ29+1,1)-DATE(IF(AZ29<=3,AN6+1,$AN$5),AZ29,1) -> 28
C30: =DATE($AN$5,14,1) -> 44958 | H30: =IFERROR(DATE(YEAR($C29),MONTH($C29),DAY(H29)),"") | I30: =IFERROR(DATE(YEAR($C29),MONTH($C29),DAY(I29)),"") | J30: =IFERROR(DATE(YEAR($C29),MONTH($C29),DAY(J29)),"") | K30: =IFERROR(DATE(YEAR($C29),MONTH($C29),DAY(K29)),"") -> 44958 | L30: =IFERROR(DATE(YEAR($C29),MONTH($C29),DAY(L29)),"") -> 44959 | M30: =IFERROR(DATE(YEAR($C29),MONTH($C29),DAY(M29)),"") -> 44960 | N30: =IFERROR(DATE(YEAR($C29),MONTH($C29),DAY(N29)),"") -> 44961 | O30: =IFERROR(DATE(YEAR($C29),MONTH($C29),DAY(O29)),"") -> 44962 | ... AW30: =IFERROR(DATE(YEAR($C29),MONTH($C29),DAY(AW29)),"")
C31: =DATE($AN$5,15,1) -> 44986 | H31: =IF(ISNUMBER(C31),IF(C31+1<=$BC31,C31+1,""),IF(AND(COUNT($C31:C31)<$BC31,H$7=$BA31),1,"")) | I31: =IF(ISNUMBER(H31),IF(H31+1<=$BC31,H31+1,""),IF(AND(COUNT($C31:H31)<$BC31,I$7=$BA31),1,"")) | J31: =IF(ISNUMBER(I31),IF(I31+1<=$BC31,I31+1,""),IF(AND(COUNT($C31:I31)<$BC31,J$7=$BA31),1,"")) | K31: =IF(ISNUMBER(J31),IF(J31+1<=$BC31,J31+1,""),IF(AND(COUNT($C31:J31)<$BC31,K$7=$BA31),1,"")) -> 1 | L31: =IF(ISNUMBER(K31),IF(K31+1<=$BC31,K31+1,""),IF(AND(COUNT($C31:K31)<$BC31,L$7=$BA31),1,"")) -> 2 | M31: =IF(ISNUMBER(L31),IF(L31+1<=$BC31,L31+1,""),IF(AND(COUNT($C31:L31)<$BC31,M$7=$BA31),1,"")) -> 3 | N31: =IF(ISNUMBER(M31),IF(M31+1<=$BC31,M31+1,""),IF(AND(COUNT($C31:M31)<$BC31,N$7=$BA31),1,"")) -> 4 | O31: =IF(ISNUMBER(N31),IF(N31+1<=$BC31,N31+1,""),IF(AND(COUNT($C31:N31)<$BC31,O$7=$BA31),1,"")) -> 5 | P31: =IF(ISNUMBER(O31),IF(O31+1<=$BC31,O31+1,""),IF(AND(COUNT($C31:O31)<$BC31,P$7=$BA31),1,"")) -> 6 | ... AW31: =IF(ISNUMBER(AV31),IF(AV31+1<=$BC31,AV31+1,""),IF(AND(COUNT($C31:AV31)<$BC31,AW$7=$BA31),1,"")) | AZ31: 3 | BA31: =WEEKDAY(DATE(IF(AZ31<=3,$AN$5+1,$AN$5),AZ31,1)) -> 4 | BB31: =WEEKDAY(DATE(IF(AZ31<=3,AN7+1,$AN$5),AZ31+1,1)-1) -> 7 | BC31: =DATE(IF(AZ31<=3,AN7+1,$AN$5),AZ31+1,1)-DATE(IF(AZ31<=3,AN7+1,$AN$5),AZ31,1) -> 31
C32: =DATE($AN$5,15,1) -> 44986 | H32: =IFERROR(DATE(YEAR($C31),MONTH($C31),DAY(H31)),"") | I32: =IFERROR(DATE(YEAR($C31),MONTH($C31),DAY(I31)),"") | J32: =IFERROR(DATE(YEAR($C31),MONTH($C31),DAY(J31)),"") | K32: =IFERROR(DATE(YEAR($C31),MONTH($C31),DAY(K31)),"") -> 44986 | L32: =IFERROR(DATE(YEAR($C31),MONTH($C31),DAY(L31)),"") -> 44987 | M32: =IFERROR(DATE(YEAR($C31),MONTH($C31),DAY(M31)),"") -> 44988 | N32: =IFERROR(DATE(YEAR($C31),MONTH($C31),DAY(N31)),"") -> 44989 | O32: =IFERROR(DATE(YEAR($C31),MONTH($C31),DAY(O31)),"") -> 44990 | ... AW32: =IFERROR(DATE(YEAR($C31),MONTH($C31),DAY(AW31)),"")
C34: KEY STATISTICS
D36: Days on Leave | L36: Working Days | T36: # of Days Sick | AA36: on Vacation | AI36: on Bereavement | AR36: on Other
D38: =SUMIFS(tblLeave[Days],tblLeave[Employee Name],valSelEmployee,tblLeave[Start Date],">="&DATE($AN$5,1,1),tblLeave[End Date],"<"&DATE($AN$5+1,1,1)) -> 0 | L38: =NETWORKDAYS(DATE($AN$5,1,1),EDATE(DATE($AN$5,1,1),12)-1) -> 260 | T38: =SUMIFS(tblLeave[Days],tblLeave[Employee Name],valSelEmployee,tblLeave[Start Date],">="&DATE($AN$5,1,1),tblLeave[End Date],"<"&DATE($AN$5+1,1,1),tblLeave[Type of Leave],Settings!$D$4) -> 0 | AB38: =SUMIFS(tblLeave[Days],tblLeave[Employee Name],valSelEmployee,tblLeave[Start Date],">="&DATE($AN$5,1,1),tblLeave[End Date],"<"&DATE($AN$5+1,1,1),tblLeave[Type of Leave],Settings!$D$5) -> 0 | AJ38: =SUMIFS(tblLeave[Days],tblLeave[Employee Name],valSelEmployee,tblLeave[Start Date],">="&DATE($AN$5,1,1),tblLeave[End Date],"<"&DATE($AN$5+1,1,1),tblLeave[Type of Leave],Settings!$D$6) -> 0 | AR38: =SUMIFS(tblLeave[Days],tblLeave[Employee Name],valSelEmployee,tblLeave[Start Date],">="&DATE($AN$5,1,1),tblLeave[End Date],"<"&DATE($AN$5+1,1,1),tblLeave[Type of Leave],Settings!$D$7) -> 0
D42: =SUMIFS(tblLeave[Days],tblLeave[Employee Name],valSelEmployee,tblLeave[Start Date],">="&DATE($AN$5-1,1,1),tblLeave[End Date],"<"&DATE($AN$5,1,1)) -> 0 | L42: =NETWORKDAYS(DATE($AN$5-1,1,1),EDATE(DATE($AN$5-1,1,1),12)-1) -> 261 | T42: =SUMIFS(tblLeave[Days],tblLeave[Employee Name],valSelEmployee,tblLeave[Start Date],">="&DATE($AN$5-1,1,1),tblLeave[End Date],"<"&DATE($AN$5,1,1),tblLeave[Type of Leave],Settings!$D$4) -> 0 | AB42: =SUMIFS(tblLeave[Days],tblLeave[Employee Name],valSelEmployee,tblLeave[Start Date],">="&DATE($AN$5-1,1,1),tblLeave[End Date],"<"&DATE($AN$5,1,1),tblLeave[Type of Leave],Settings!$D$5) -> 0 | AJ42: =SUMIFS(tblLeave[Days],tblLeave[Employee Name],valSelEmployee,tblLeave[Start Date],">="&DATE($AN$5-1,1,1),tblLeave[End Date],"<"&DATE($AN$5,1,1),tblLeave[Type of Leave],Settings!$D$6) -> 0 | AR42: =SUMIFS(tblLeave[Days],tblLeave[Employee Name],valSelEmployee,tblLeave[Start Date],">="&DATE($AN$5-1,1,1),tblLeave[End Date],"<"&DATE($AN$5,1,1),tblLeave[Type of Leave],Settings!$D$7) -> 0
D43: =IFERROR(IF(D38>D42,"UP ", "DOWN ")&TEXT(D38/D42-1,"0%;0%"),"") | L43: =IFERROR(IF(L38>L42,"UP ", "DOWN ")&TEXT(L38/L42-1,"0%;0%"),"") -> DOWN 0% | T43: =IFERROR(IF(T38>T42,"UP ", "DOWN ")&TEXT(T38/T42-1,"0%;0%"),"") | AB43: =IFERROR(IF(AB38>AB42,"UP ", "DOWN ")&TEXT(AB38/AB42-1,"0%;0%"),"") | AJ43: =IFERROR(IF(AJ38>AJ42,"UP ", "DOWN ")&TEXT(AJ38/AJ42-1,"0%;0%"),"") | AR43: =IFERROR(IF(AR38>AR42,"UP ", "DOWN ")&TEXT(AR38/AR42-1,"0%;0%"),"")
T46: on Personal Days | Z46: on Professional Dev | AJ46: on Spiritual Leave | AR46: OT in Lieu
T48: =SUMIFS(tblLeave[Days],tblLeave[Employee Name],valSelEmployee,tblLeave[Start Date],">="&DATE($AN$5,1,1),tblLeave[End Date],"<"&DATE($AN$5+1,1,1),tblLeave[Type of Leave],Settings!$D$8) -> 0 | AB48: =SUMIFS(tblLeave[Days],tblLeave[Employee Name],valSelEmployee,tblLeave[Start Date],">="&DATE($AN$5,1,1),tblLeave[End Date],"<"&DATE($AN$5+1,1,1),tblLeave[Type of Leave],Settings!$D$9) -> 0 | AJ48: =SUMIFS(tblLeave[Days],tblLeave[Employee Name],valSelEmployee,tblLeave[Start Date],">="&DATE($AN$5,1,1),tblLeave[End Date],"<"&DATE($AN$5+1,1,1),tblLeave[Type of Leave],Settings!$D$10) -> 0 | AR48: =SUMIFS(tblLeave[Days],tblLeave[Employee Name],valSelEmployee,tblLeave[Start Date],">="&DATE($AN$5,1,1),tblLeave[End Date],"<"&DATE($AN$5+1,1,1),tblLeave[Type of Leave],Settings!$D$11) -> 0
T52: =SUMIFS(tblLeave[Days],tblLeave[Employee Name],valSelEmployee,tblLeave[Start Date],">="&DATE($AN$5-1,1,1),tblLeave[End Date],"<"&DATE($AN$5,1,1),tblLeave[Type of Leave],Settings!$D$4) -> 0 | AB52: =SUMIFS(tblLeave[Days],tblLeave[Employee Name],valSelEmployee,tblLeave[Start Date],">="&DATE($AN$5-1,1,1),tblLeave[End Date],"<"&DATE($AN$5,1,1),tblLeave[Type of Leave],Settings!$D$5) -> 0 | AJ52: =SUMIFS(tblLeave[Days],tblLeave[Employee Name],valSelEmployee,tblLeave[Start Date],">="&DATE($AN$5-1,1,1),tblLeave[End Date],"<"&DATE($AN$5,1,1),tblLeave[Type of Leave],Settings!$D$6) -> 0 | AR52: =SUMIFS(tblLeave[Days],tblLeave[Employee Name],valSelEmployee,tblLeave[Start Date],">="&DATE($AN$5-1,1,1),tblLeave[End Date],"<"&DATE($AN$5,1,1),tblLeave[Type of Leave],Settings!$D$7) -> 0
T53: =IFERROR(IF(T48>T52,"UP ", "DOWN ")&TEXT(T48/T52-1,"0%;0%"),"") | AB53: =IFERROR(IF(AB48>AB52,"UP ", "DOWN ")&TEXT(AB48/AB52-1,"0%;0%"),"") | AJ53: =IFERROR(IF(AJ48>AJ52,"UP ", "DOWN ")&TEXT(AJ48/AJ52-1,"0%;0%"),"") | AR53: =IFERROR(IF(AR48>AR52,"UP ", "DOWN ")&TEXT(AR48/AR52-1,"0%;0%"),"")

Sheet Employee Leave Tracker
B3: Employee Name | C3: Start Date | D3: End Date | E3: Type of Leave | F3: Days
B4: Mr. 2 | C4: 42464 | D4: 42480 | E4: Other | F4: =NETWORKDAYS(tblLeave[[#This Row],[Start Date]],tblLeave[[#This Row],[End Date]]) -> 13
F5: =NETWORKDAYS(tblLeave[[#This Row],[Start Date]],tblLeave[[#This Row],[End Date]]) -> 0
F6: =NETWORKDAYS(tblLeave[[#This Row],[Start Date]],tblLeave[[#This Row],[End Date]]) -> 0
F7: =NETWORKDAYS(tblLeave[[#This Row],[Start Date]],tblLeave[[#This Row],[End Date]]) -> 0
F8: =NETWORKDAYS(tblLeave[[#This Row],[Start Date]],tblLeave[[#This Row],[End Date]]) -> 0
F9: =NETWORKDAYS(tblLeave[[#This Row],[Start Date]],tblLeave[[#This Row],[End Date]]) -> 0
F10: =NETWORKDAYS(tblLeave[[#This Row],[Start Date]],tblLeave[[#This Row],[End Date]]) -> 0
F11: =NETWORKDAYS(tblLeave[[#This Row],[Start Date]],tblLeave[[#This Row],[End Date]]) -> 0
F12: =NETWORKDAYS(tblLeave[[#This Row],[Start Date]],tblLeave[[#This Row],[End Date]]) -> 0
F13: =NETWORKDAYS(tblLeave[[#This Row],[Start Date]],tblLeave[[#This Row],[End Date]]) -> 0
F14: =NETWORKDAYS(tblLeave[[#This Row],[Start Date]],tblLeave[[#This Row],[End Date]]) -> 0
F15: =NETWORKDAYS(tblLeave[[#This Row],[Start Date]],tblLeave[[#This Row],[End Date]]) -> 0
F16: =NETWORKDAYS(tblLeave[[#This Row],[Start Date]],tblLeave[[#This Row],[End Date]]) -> 0
... F26: =NETWORKDAYS(tblLeave[[#This Row],[Start Date]],tblLeave[[#This Row],[End Date]]) -> 0

Sheet Settings
B3: List of Employees | D3: Type of Leave | F3: Company Holidays | G3: Description
B4: Mr. 1 | D4: Sick Leave | F4: 42737 | G4: New Year's Day
B5: Mr. 2 | D5: Vacation | F5: 42779 | G5: Family Day
B6: Mr. 3 | D6: Bereavement | G6: Good Friday
B7: Mr. 4 | D7: Other | G7: Easter Monday
B8: Mr. 5 | D8: Personal Days | F8: 42513 | G8: Victoria Day
B9: Mr. 6 | D9: Professional Dev | F9: 42542 | G9: First Nations Day
B10: Mr. 7 | D10: Spiritual Leave | F10: 42552 | G10: Canada Day
B11: Mr. 8 | D11: OT Time in Lieu | F11: 42583 | G11: Civic Holiday
B12: Mr. 9 | F12: 42618 | G12: Labour Day
B13: Mr. 10 | F13: 42653 | G13: Thanksgiving Day
B14: Mr. 11 | F14: 42685 | G14: Rememberance Day
B15: Mr. 12 | F15: 42730 | G15: Christmas Day
B16: Mr. 13 | F16: 42731 | G16: Boxing Day
B17: Mr. 14
B18: Mr. 15
B19: Mr. 16
B20: Mr. 17
B21: Mr. 18
B22: Mr. 19
